imo_ref,parent_title,print_page,imo_section,part,reporting_id,scheme_type,source_edition,source_status
I-I/1,In the Gulf of Finland [GOFREP],677,Mandatory ship reporting systems,Part I,VRS-0001,Mandatory ship reporting system,Ships’ Routeing 2025 Edition,Authoritative baseline
I-I/2,On the approaches to the Polish ports in the Gulf of Gdańsk [GDANREP],687,Mandatory ship reporting systems,Part I,VRS-0002,Mandatory ship reporting system,Ships’ Routeing 2025 Edition,Authoritative baseline
I-I/3,In The Sound between Denmark and Sweden [SOUNDREP],693,Mandatory ship reporting systems,Part I,VRS-0003,Mandatory ship reporting system,Ships’ Routeing 2025 Edition,Authoritative baseline
I-I/4,In the Storebælt (Great Belt) Traffic area [BELTREP],703,Mandatory ship reporting systems,Part I,VRS-0004,Mandatory ship reporting system,Ships’ Routeing 2025 Edition,Authoritative baseline
I-I/5,The West European Tanker Reporting System [WETREP],715,Mandatory ship reporting systems,Part I,VRS-0005,Mandatory ship reporting system,Ships’ Routeing 2025 Edition,Authoritative baseline
I-I/6,Off Ushant [OUESSREP],729,Mandatory ship reporting systems,Part I,VRS-0006,Mandatory ship reporting system,Ships’ Routeing 2025 Edition,Authoritative baseline
I-I/7,Off Les Casquets and the adjacent coastal area [MANCHEREP],735,Mandatory ship reporting systems,Part I,VRS-0007,Mandatory ship reporting system,Ships’ Routeing 2025 Edition,Authoritative baseline
I-I/8,In the Dover Strait/Pas de Calais [CALDOVREP],741,Mandatory ship reporting systems,Part I,VRS-0008,Mandatory ship reporting system,Ships’ Routeing 2025 Edition,Authoritative baseline
I-I/9,In the Barents area [BARENTS SRS],749,Mandatory ship reporting systems,Part I,VRS-0009,Mandatory ship reporting system,Ships’ Routeing 2025 Edition,Authoritative baseline
I-I/10,Off the south-west coast of Iceland [TRANSREP],757,Mandatory ship reporting systems,Part I,VRS-0010,Mandatory ship reporting system,Ships’ Routeing 2025 Edition,Authoritative baseline
I-I/11,In the “Off Finisterre” traffic separation scheme area [FINREP],761,Mandatory ship reporting systems,Part I,VRS-0011,Mandatory ship reporting system,Ships’ Routeing 2025 Edition,Authoritative baseline
I-I/12,Off the coast of Portugal [COPREP],767,Mandatory ship reporting systems,Part I,VRS-0012,Mandatory ship reporting system,Ships’ Routeing 2025 Edition,Authoritative baseline
I-I/13,In the Strait of Gibraltar [GIBREP],773,Mandatory ship reporting systems,Part I,VRS-0013,Mandatory ship reporting system,Ships’ Routeing 2025 Edition,Authoritative baseline
I-I/14,In the Strait of Bonifacio [BONIFREP],779,Mandatory ship reporting systems,Part I,VRS-0014,Mandatory ship reporting system,Ships’ Routeing 2025 Edition,Authoritative baseline
I-I/15,In the Adriatic Sea [ADRIREP],783,Mandatory ship reporting systems,Part I,VRS-0015,Mandatory ship reporting system,Ships’ Routeing 2025 Edition,Authoritative baseline
I-I/16,In the Straits of Malacca and Singapore [STRAITREP],791,Mandatory ship reporting systems,Part I,VRS-0016,Mandatory ship reporting system,Ships’ Routeing 2025 Edition,Authoritative baseline
I-I/17,In the Torres Strait region and the Inner Route of the Great Barrier Reef [REEFREP],799,Mandatory ship reporting systems,Part I,VRS-0017,Mandatory ship reporting system,Ships’ Routeing 2025 Edition,Authoritative baseline
I-I/18,In the Papahānaumokuākea Marine National Monument Particularly Sensitive Sea Area [CORAL SHIPREP],809,Mandatory ship reporting systems,Part I,VRS-0018,Mandatory ship reporting system,Ships’ Routeing 2025 Edition,Authoritative baseline
I-I/19,In the Galapagos Particularly Sensitive Sea Area [GALREP],817,Mandatory ship reporting systems,Part I,VRS-0019,Mandatory ship reporting system,Ships’ Routeing 2025 Edition,Authoritative baseline
I-I/20,In Greenland waters [GREENPOS AND COASTAL CONTROL],825,Mandatory ship reporting systems,Part I,VRS-0020,Mandatory ship reporting system,Ships’ Routeing 2025 Edition,Authoritative baseline
I-I/21,Off the north-eastern and south-eastern coasts of the United States,837,Mandatory ship reporting systems,Part I,VRS-0021,Mandatory ship reporting system,Ships’ Routeing 2025 Edition,Authoritative baseline
I-I/22,Off Chengshan Jiao Promontory,843,Mandatory ship reporting systems,Part I,VRS-0022,Mandatory ship reporting system,Ships’ Routeing 2025 Edition,Authoritative baseline
I-I/23,The Canary Islands [CANREP],847,Mandatory ship reporting systems,Part I,VRS-0023,Mandatory ship reporting system,Ships’ Routeing 2025 Edition,Authoritative baseline
