canonical_id,imo_parent_ref,imo_parent_title,component_order,official_component_name,display_name,structure_class,imo_section,imo_section_code,project_region_code,source_print_page,source_edition,source_status,notes
TSS-0001,B-I/1,Off Sommers Island,1,Off Sommers Island,Off Sommers Island,Single TSS,Baltic Sea and adjacent waters,B-I,,27,Ships’ Routeing 2025 Edition,Verified from IMO Part B description,
TSS-0002,B-I/2,Off Hogland (Gogland) Island,1,Off Hogland (Gogland) Island,Off Hogland (Gogland) Island,Single TSS,Baltic Sea and adjacent waters,B-I,,28,Ships’ Routeing 2025 Edition,Verified from IMO Part B description,
TSS-0003,B-I/3,Off Rodsher Island,1,Off Rodsher Island,Off Rodsher Island,Single TSS,Baltic Sea and adjacent waters,B-I,,28,Ships’ Routeing 2025 Edition,Verified from IMO Part B description,
TSS-0004,B-I/4,Off Kalbådagrund lighthouse,1,Off Kalbådagrund lighthouse,Off Kalbådagrund lighthouse,Single TSS,Baltic Sea and adjacent waters,B-I,,30,Ships’ Routeing 2025 Edition,Verified from IMO Part B description,
TSS-0005,B-I/5,Off Porkkala lighthouse,1,Off Porkkala lighthouse,Off Porkkala lighthouse,Single TSS,Baltic Sea and adjacent waters,B-I,,31,Ships’ Routeing 2025 Edition,Verified from IMO Part B description,
TSS-0006,B-I/6,Off Hankoniemi Peninsula,1,Off Hankoniemi Peninsula,Off Hankoniemi Peninsula,Single TSS,Baltic Sea and adjacent waters,B-I,,33,Ships’ Routeing 2025 Edition,Verified from IMO Part B description,
TSS-0007,B-I/7,Off Kõpu Peninsula (Hiiumaa Island),1,Off Kõpu Peninsula (Hiiumaa Island),Off Kõpu Peninsula (Hiiumaa Island),Single TSS,Baltic Sea and adjacent waters,B-I,,35,Ships’ Routeing 2025 Edition,Verified from IMO Part B description,
TSS-0008,B-I/8,South Hoburgs Bank,1,South Hoburgs Bank,South Hoburgs Bank,Single TSS,Baltic Sea and adjacent waters,B-I,,36,Ships’ Routeing 2025 Edition,Verified from IMO Part B description,
TSS-0009,B-I/9,Midsjöbankarna,1,Midsjöbankarna,Midsjöbankarna,Single TSS,Baltic Sea and adjacent waters,B-I,,37,Ships’ Routeing 2025 Edition,Verified from IMO Part B description,
TSS-0010,B-I/10,In Norra Kvarken,1,In Norra Kvarken,In Norra Kvarken,Single TSS,Baltic Sea and adjacent waters,B-I,,38,Ships’ Routeing 2025 Edition,Verified from IMO Part B description,
TSS-0011,B-I/11,The Åland Sea,1,North Åland Sea,North Åland Sea,Multi-TSS routeing system,Baltic Sea and adjacent waters,B-I,,40,Ships’ Routeing 2025 Edition,Verified from IMO Part B description,
TSS-0012,B-I/11,The Åland Sea,2,South Åland Sea,South Åland Sea,Multi-TSS routeing system,Baltic Sea and adjacent waters,B-I,,40,Ships’ Routeing 2025 Edition,Verified from IMO Part B description,
TSS-0013,B-I/12,West Klintehamn,1,West Klintehamn,West Klintehamn,Single TSS,Baltic Sea and adjacent waters,B-I,,44,Ships’ Routeing 2025 Edition,Verified from IMO Part B description,
TSS-0014,B-I/13,North Hoburgs Bank,1,North Hoburgs Bank,North Hoburgs Bank,Single TSS,Baltic Sea and adjacent waters,B-I,,45,Ships’ Routeing 2025 Edition,Verified from IMO Part B description,
TSS-0015,B-I/14,Off Öland Island,1,Off Öland Island,Off Öland Island,Single TSS,Baltic Sea and adjacent waters,B-I,,46,Ships’ Routeing 2025 Edition,Verified from IMO Part B description,
TSS-0016,B-I/15,In Bornholmsgat,1,In Bornholmsgat,In Bornholmsgat,Single TSS,Baltic Sea and adjacent waters,B-I,,47,Ships’ Routeing 2025 Edition,Verified from IMO Part B description,
TSS-0017,B-I/16,On the approaches to the Polish ports in the Gulf of Gdańsk,1,East,Gulf of Gdańsk – East,Multi-TSS routeing system,Baltic Sea and adjacent waters,B-I,,49,Ships’ Routeing 2025 Edition,Verified from IMO Part B description,
TSS-0018,B-I/16,On the approaches to the Polish ports in the Gulf of Gdańsk,2,West,Gulf of Gdańsk – West,Multi-TSS routeing system,Baltic Sea and adjacent waters,B-I,,49,Ships’ Routeing 2025 Edition,Verified from IMO Part B description,
TSS-0019,B-I/17,Słupska Bank,1,Słupska Bank,Słupska Bank,Single TSS,Baltic Sea and adjacent waters,B-I,,52,Ships’ Routeing 2025 Edition,Verified from IMO Part B description,
TSS-0020,B-I/18,Adlergrund,1,Adlergrund,Adlergrund,Single TSS,Baltic Sea and adjacent waters,B-I,,54,Ships’ Routeing 2025 Edition,Verified from IMO Part B description,
TSS-0021,B-I/19,Off Falsterborev,1,Off Falsterborev,Off Falsterborev,Single TSS,Baltic Sea and adjacent waters,B-I,,55,Ships’ Routeing 2025 Edition,Verified from IMO Part B description,
TSS-0022,B-I/20,In The Sound,1,In The Sound,In The Sound,Single TSS,Baltic Sea and adjacent waters,B-I,,57,Ships’ Routeing 2025 Edition,Verified from IMO Part B description,
TSS-0023,B-I/21,North of Rügen,1,North of Rügen,North of Rügen,Single TSS,Baltic Sea and adjacent waters,B-I,,59,Ships’ Routeing 2025 Edition,Verified from IMO Part B description,
TSS-0024,B-I/22,South of Gedser,1,South of Gedser,South of Gedser,Single TSS,Baltic Sea and adjacent waters,B-I,,60,Ships’ Routeing 2025 Edition,Verified from IMO Part B description,
TSS-0025,B-I/23,Off Kiel lighthouse,1,Off Kiel lighthouse,Off Kiel lighthouse,Single TSS,Baltic Sea and adjacent waters,B-I,,62,Ships’ Routeing 2025 Edition,Verified from IMO Part B description,
TSS-0026,B-I/24,Between Korsoer and Sprogoe,1,Between Korsoer and Sprogoe,Between Korsoer and Sprogoe,Single TSS,Baltic Sea and adjacent waters,B-I,,63,Ships’ Routeing 2025 Edition,Verified from IMO Part B description,
TSS-0027,B-I/25,At Hatter Barn,1,At Hatter Barn,At Hatter Barn,Single TSS,Baltic Sea and adjacent waters,B-I,,64,Ships’ Routeing 2025 Edition,Verified from IMO Part B description,
TSS-0028,B-I/26,In the vicinity of Kattegat,1,Skagen West,Skagen West,Multi-TSS routeing system,Baltic Sea and adjacent waters,B-I,,66,Ships’ Routeing 2025 Edition,Verified from IMO Part B description,
TSS-0029,B-I/26,In the vicinity of Kattegat,2,Skagen East,Skagen East,Multi-TSS routeing system,Baltic Sea and adjacent waters,B-I,,66,Ships’ Routeing 2025 Edition,Verified from IMO Part B description,
TSS-0030,B-I/26,In the vicinity of Kattegat,3,Fladen,Fladen,Multi-TSS routeing system,Baltic Sea and adjacent waters,B-I,,66,Ships’ Routeing 2025 Edition,Verified from IMO Part B description,
TSS-0031,B-I/26,In the vicinity of Kattegat,4,Lilla Middelgrund,Lilla Middelgrund,Multi-TSS routeing system,Baltic Sea and adjacent waters,B-I,,66,Ships’ Routeing 2025 Edition,Verified from IMO Part B description,
TSS-0032,B-I/26,In the vicinity of Kattegat,5,Entrance to The Sound,Entrance to The Sound,Multi-TSS routeing system,Baltic Sea and adjacent waters,B-I,,66,Ships’ Routeing 2025 Edition,Verified from IMO Part B description,
TSS-0033,B-II/1,West of the Scilly Isles,1,West of the Scilly Isles,West of the Scilly Isles,Single TSS,Western European waters,B-II,,79,Ships’ Routeing 2025 Edition,Verified from IMO Part B description,
TSS-0034,B-II/2,South of the Scilly Isles,1,South of the Scilly Isles,South of the Scilly Isles,Single TSS,Western European waters,B-II,,80,Ships’ Routeing 2025 Edition,Verified from IMO Part B description,
TSS-0035,B-II/3,"Off Land’s End, between Seven Stones and Longships",1,"Off Land’s End, between Seven Stones and Longships","Off Land’s End, between Seven Stones and Longships",Single TSS,Western European waters,B-II,,81,Ships’ Routeing 2025 Edition,Verified from IMO Part B description,
TSS-0036,B-II/4,Off Ushant,1,Off Ushant,Off Ushant,Single TSS,Western European waters,B-II,,83,Ships’ Routeing 2025 Edition,Verified from IMO Part B description,
TSS-0037,B-II/5,Off Casquets,1,Off Casquets,Off Casquets,Single TSS,Western European waters,B-II,,85,Ships’ Routeing 2025 Edition,Verified from IMO Part B description,
TSS-0038,B-II/6,In the Strait of Dover and adjacent waters,1,In the Strait of Dover and adjacent waters,In the Strait of Dover and adjacent waters,Single TSS,Western European waters,B-II,,87,Ships’ Routeing 2025 Edition,Verified from IMO Part B description,
TSS-0039,B-II/7,At West Hinder,1,At West Hinder,At West Hinder,Single TSS,Western European waters,B-II,,91,Ships’ Routeing 2025 Edition,Verified from IMO Part B description,
TSS-0040,B-II/8,In the SUNK area and in the northern approaches to the Thames estuary,1,Sunk South,Sunk South,Multi-TSS routeing system,Western European waters,B-II,,93,Ships’ Routeing 2025 Edition,Verified from IMO Part B description,
TSS-0041,B-II/8,In the SUNK area and in the northern approaches to the Thames estuary,2,Sunk East,Sunk East,Multi-TSS routeing system,Western European waters,B-II,,93,Ships’ Routeing 2025 Edition,Verified from IMO Part B description,
TSS-0042,B-II/8,In the SUNK area and in the northern approaches to the Thames estuary,3,Sunk North,Sunk North,Multi-TSS routeing system,Western European waters,B-II,,93,Ships’ Routeing 2025 Edition,Verified from IMO Part B description,
TSS-0043,B-II/9,Off Friesland,1,Off Brown Ridge,Off Brown Ridge,Multi-TSS routeing system,Western European waters,B-II,,96,Ships’ Routeing 2025 Edition,Verified from IMO Part B description,
TSS-0044,B-II/9,Off Friesland,2,West Friesland,West Friesland,Multi-TSS routeing system,Western European waters,B-II,,96,Ships’ Routeing 2025 Edition,Verified from IMO Part B description,
TSS-0045,B-II/9,Off Friesland,3,North Friesland,North Friesland,Multi-TSS routeing system,Western European waters,B-II,,96,Ships’ Routeing 2025 Edition,Verified from IMO Part B description,
TSS-0046,B-II/9,Off Friesland,4,East Friesland,East Friesland,Multi-TSS routeing system,Western European waters,B-II,,96,Ships’ Routeing 2025 Edition,Verified from IMO Part B description,
TSS-0047,B-II/9,Off Friesland,5,Off Botney Ground,Off Botney Ground,Multi-TSS routeing system,Western European waters,B-II,,96,Ships’ Routeing 2025 Edition,Verified from IMO Part B description,
TSS-0048,B-II/10,In the approaches to Hook of Holland and at North Hinder,1,Maas North,Maas North,Multi-TSS routeing system,Western European waters,B-II,,102,Ships’ Routeing 2025 Edition,Verified from IMO Part B description,
TSS-0049,B-II/10,In the approaches to Hook of Holland and at North Hinder,2,Maas North-west,Maas North-west,Multi-TSS routeing system,Western European waters,B-II,,102,Ships’ Routeing 2025 Edition,Verified from IMO Part B description,
TSS-0050,B-II/10,In the approaches to Hook of Holland and at North Hinder,3,Maas West Inner,Maas West Inner,Multi-TSS routeing system,Western European waters,B-II,,102,Ships’ Routeing 2025 Edition,Verified from IMO Part B description,
TSS-0051,B-II/10,In the approaches to Hook of Holland and at North Hinder,4,Maas West Outer,Maas West Outer,Multi-TSS routeing system,Western European waters,B-II,,102,Ships’ Routeing 2025 Edition,Verified from IMO Part B description,
TSS-0052,B-II/10,In the approaches to Hook of Holland and at North Hinder,5,North Hinder North,North Hinder North,Multi-TSS routeing system,Western European waters,B-II,,102,Ships’ Routeing 2025 Edition,Verified from IMO Part B description,
TSS-0053,B-II/10,In the approaches to Hook of Holland and at North Hinder,6,North Hinder South,North Hinder South,Multi-TSS routeing system,Western European waters,B-II,,102,Ships’ Routeing 2025 Edition,Verified from IMO Part B description,
TSS-0054,B-II/10,In the approaches to Hook of Holland and at North Hinder,7,Off North Hinder,Off North Hinder,Multi-TSS routeing system,Western European waters,B-II,,102,Ships’ Routeing 2025 Edition,Verified from IMO Part B description,
TSS-0055,B-II/11,In the approaches to IJmuiden,1,IJmuiden West Inner,IJmuiden West Inner,Multi-TSS routeing system,Western European waters,B-II,,108,Ships’ Routeing 2025 Edition,Verified from IMO Part B description,
TSS-0056,B-II/11,In the approaches to IJmuiden,2,IJmuiden North,IJmuiden North,Multi-TSS routeing system,Western European waters,B-II,,108,Ships’ Routeing 2025 Edition,Verified from IMO Part B description,
TSS-0057,B-II/11,In the approaches to IJmuiden,3,IJmuiden West Outer,IJmuiden West Outer,Multi-TSS routeing system,Western European waters,B-II,,108,Ships’ Routeing 2025 Edition,Verified from IMO Part B description,
TSS-0058,B-II/12,Off Texel,1,Off Texel,Off Texel,Single TSS,Western European waters,B-II,,111,Ships’ Routeing 2025 Edition,Verified from IMO Part B description,
TSS-0059,B-II/13,"Off Vlieland, Vlieland North and Vlieland Junction",1,Off Vlieland,Off Vlieland,Multi-TSS routeing system,Western European waters,B-II,,113,Ships’ Routeing 2025 Edition,Verified from IMO Part B description,
TSS-0060,B-II/13,"Off Vlieland, Vlieland North and Vlieland Junction",2,Vlieland North,Vlieland North,Multi-TSS routeing system,Western European waters,B-II,,113,Ships’ Routeing 2025 Edition,Verified from IMO Part B description,
TSS-0061,B-II/14,Terschelling–German Bight,1,Terschelling–German Bight,Terschelling–German Bight,Single TSS,Western European waters,B-II,,115,Ships’ Routeing 2025 Edition,Verified from IMO Part B description,
TSS-0062,B-II/15,German Bight western approach,1,German Bight western approach,German Bight western approach,Single TSS,Western European waters,B-II,,117,Ships’ Routeing 2025 Edition,Verified from IMO Part B description,
TSS-0063,B-II/16,Jade approach,1,Jade approach,Jade approach,Single TSS,Western European waters,B-II,,120,Ships’ Routeing 2025 Edition,Verified from IMO Part B description,
TSS-0064,B-II/17,Elbe approach,1,Elbe approach,Elbe approach,Single TSS,Western European waters,B-II,,121,Ships’ Routeing 2025 Edition,Verified from IMO Part B description,
TSS-0065,B-II/18,In the approaches to the River Humber,1,In the approaches to the River Humber,In the approaches to the River Humber,Single TSS,Western European waters,B-II,,122,Ships’ Routeing 2025 Edition,Verified from IMO Part B description,
TSS-0066,B-II/19,Off the coast of Norway,1,Off Vardø,Off Vardø,Multi-TSS routeing system,Western European waters,B-II,,125,Ships’ Routeing 2025 Edition,Verified from IMO Part B description,
TSS-0067,B-II/19,Off the coast of Norway,2,Off Slettnes,Off Slettnes,Multi-TSS routeing system,Western European waters,B-II,,125,Ships’ Routeing 2025 Edition,Verified from IMO Part B description,
TSS-0068,B-II/19,Off the coast of Norway,3,Off North Cape,Off North Cape,Multi-TSS routeing system,Western European waters,B-II,,125,Ships’ Routeing 2025 Edition,Verified from IMO Part B description,
TSS-0069,B-II/19,Off the coast of Norway,4,Off Sørøya,Off Sørøya,Multi-TSS routeing system,Western European waters,B-II,,125,Ships’ Routeing 2025 Edition,Verified from IMO Part B description,
TSS-0070,B-II/19,Off the coast of Norway,5,Off Torsvåg,Off Torsvåg,Multi-TSS routeing system,Western European waters,B-II,,125,Ships’ Routeing 2025 Edition,Verified from IMO Part B description,
TSS-0071,B-II/19,Off the coast of Norway,6,Off Andenes,Off Andenes,Multi-TSS routeing system,Western European waters,B-II,,125,Ships’ Routeing 2025 Edition,Verified from IMO Part B description,
TSS-0072,B-II/19,Off the coast of Norway,7,Off Røst (1),Off Røst (1),Multi-TSS routeing system,Western European waters,B-II,,125,Ships’ Routeing 2025 Edition,Verified from IMO Part B description,
TSS-0073,B-II/19,Off the coast of Norway,8,Off Røst (2),Off Røst (2),Multi-TSS routeing system,Western European waters,B-II,,125,Ships’ Routeing 2025 Edition,Verified from IMO Part B description,
TSS-0074,B-II/19,Off the coast of Norway,9,Off Træna,Off Træna,Multi-TSS routeing system,Western European waters,B-II,,125,Ships’ Routeing 2025 Edition,Verified from IMO Part B description,
TSS-0075,B-II/19,Off the coast of Norway,10,Off Halten,Off Halten,Multi-TSS routeing system,Western European waters,B-II,,125,Ships’ Routeing 2025 Edition,Verified from IMO Part B description,
TSS-0076,B-II/19,Off the coast of Norway,11,Off Runde,Off Runde,Multi-TSS routeing system,Western European waters,B-II,,125,Ships’ Routeing 2025 Edition,Verified from IMO Part B description,
TSS-0077,B-II/19,Off the coast of Norway,12,Off Stad,Off Stad,Multi-TSS routeing system,Western European waters,B-II,,125,Ships’ Routeing 2025 Edition,Verified from IMO Part B description,
TSS-0078,B-II/19,Off the coast of Norway,13,Off Sotra,Off Sotra,Multi-TSS routeing system,Western European waters,B-II,,125,Ships’ Routeing 2025 Edition,Verified from IMO Part B description,
TSS-0079,B-II/19,Off the coast of Norway,14,Off Utsira,Off Utsira,Multi-TSS routeing system,Western European waters,B-II,,125,Ships’ Routeing 2025 Edition,Verified from IMO Part B description,
TSS-0080,B-II/19,Off the coast of Norway,15,Off Egersund,Off Egersund,Multi-TSS routeing system,Western European waters,B-II,,125,Ships’ Routeing 2025 Edition,Verified from IMO Part B description,
TSS-0081,B-II/19,Off the coast of Norway,16,Off Farsund,Off Farsund,Multi-TSS routeing system,Western European waters,B-II,,125,Ships’ Routeing 2025 Edition,Verified from IMO Part B description,
TSS-0082,B-II/19,Off the coast of Norway,17,Off Ryvingen,Off Ryvingen,Multi-TSS routeing system,Western European waters,B-II,,125,Ships’ Routeing 2025 Edition,Verified from IMO Part B description,
TSS-0083,B-II/19,Off the coast of Norway,18,Off Lillesand,Off Lillesand,Multi-TSS routeing system,Western European waters,B-II,,125,Ships’ Routeing 2025 Edition,Verified from IMO Part B description,
TSS-0084,B-II/19,Off the coast of Norway,19,Off Risør,Off Risør,Multi-TSS routeing system,Western European waters,B-II,,125,Ships’ Routeing 2025 Edition,Verified from IMO Part B description,
TSS-0085,B-II/20,Off Fastnet Rock,1,Off Fastnet Rock,Off Fastnet Rock,Single TSS,Western European waters,B-II,,139,Ships’ Routeing 2025 Edition,Verified from IMO Part B description,
TSS-0086,B-II/21,Off Smalls,1,Off Smalls,Off Smalls,Single TSS,Western European waters,B-II,,140,Ships’ Routeing 2025 Edition,Verified from IMO Part B description,
TSS-0087,B-II/22,Off Tuskar Rock,1,Off Tuskar Rock,Off Tuskar Rock,Single TSS,Western European waters,B-II,,141,Ships’ Routeing 2025 Edition,Verified from IMO Part B description,
TSS-0088,B-II/23,Off Skerries,1,Off Skerries,Off Skerries,Single TSS,Western European waters,B-II,,142,Ships’ Routeing 2025 Edition,Verified from IMO Part B description,
TSS-0089,B-II/24,In Liverpool Bay,1,In Liverpool Bay,In Liverpool Bay,Single TSS,Western European waters,B-II,,143,Ships’ Routeing 2025 Edition,Verified from IMO Part B description,
TSS-0090,B-II/25,In the North Channel,1,In the North Channel,In the North Channel,Single TSS,Western European waters,B-II,,144,Ships’ Routeing 2025 Edition,Verified from IMO Part B description,
TSS-0091,B-II/26,Off Neist Point in The Minches,1,Little Minches,Little Minches,Single TSS,Western European waters,B-II,,145,Ships’ Routeing 2025 Edition,Verified from IMO Part B description,Part B parent title differs from explicit TSS heading.
TSS-0092,B-II/27,Off the south-west coast of Iceland,1,North-west of Garðskagi Point,North-west of Garðskagi Point,Multi-TSS routeing system,Western European waters,B-II,,147,Ships’ Routeing 2025 Edition,Verified from IMO Part B description,
TSS-0093,B-II/27,Off the south-west coast of Iceland,2,South-west of the Reykjanes Peninsula,South-west of the Reykjanes Peninsula,Multi-TSS routeing system,Western European waters,B-II,,147,Ships’ Routeing 2025 Edition,Verified from IMO Part B description,
TSS-0094,B-II/28,Off Finisterre,1,Off Finisterre,Off Finisterre,Single TSS,Western European waters,B-II,,150,Ships’ Routeing 2025 Edition,Verified from IMO Part B description,
TSS-0095,B-II/29,Off Cape Roca,1,Off Cape Roca,Off Cape Roca,Single TSS,Western European waters,B-II,,152,Ships’ Routeing 2025 Edition,Verified from IMO Part B description,
TSS-0096,B-II/30,Off Cape S. Vicente,1,Off Cape S. Vicente,Off Cape S. Vicente,Single TSS,Western European waters,B-II,,154,Ships’ Routeing 2025 Edition,Verified from IMO Part B description,
TSS-0097,B-II/31,At Banco del Hoyo,1,At Banco del Hoyo,At Banco del Hoyo,Single TSS,Western European waters,B-II,,156,Ships’ Routeing 2025 Edition,Verified from IMO Part B description,
TSS-0098,B-III/1,In the Strait of Gibraltar,1,In the Strait of Gibraltar,In the Strait of Gibraltar,Single TSS,Mediterranean Sea and Black Sea,B-III,,159,Ships’ Routeing 2025 Edition,Verified from IMO Part B description,
TSS-0099,B-III/2,Off Cabo de Gata,1,Off Cabo de Gata,Off Cabo de Gata,Single TSS,Mediterranean Sea and Black Sea,B-III,,162,Ships’ Routeing 2025 Edition,Verified from IMO Part B description,
TSS-0100,B-III/3,Off Cape Palos,1,Off Cape Palos,Off Cape Palos,Single TSS,Mediterranean Sea and Black Sea,B-III,,164,Ships’ Routeing 2025 Edition,Verified from IMO Part B description,
TSS-0101,B-III/4,Off Cape La Nao,1,Off Cape La Nao,Off Cape La Nao,Single TSS,Mediterranean Sea and Black Sea,B-III,,165,Ships’ Routeing 2025 Edition,Verified from IMO Part B description,
TSS-0102,B-III/5,In the Corsica Channel,1,In the Corsica Channel,In the Corsica Channel,Single TSS,Mediterranean Sea and Black Sea,B-III,,166,Ships’ Routeing 2025 Edition,Verified from IMO Part B description,
TSS-0103,B-III/6,Off Cani Island,1,Off Cani Island,Off Cani Island,Single TSS,Mediterranean Sea and Black Sea,B-III,,168,Ships’ Routeing 2025 Edition,Verified from IMO Part B description,
TSS-0104,B-III/7,Off Cape Bon,1,Off Cape Bon,Off Cape Bon,Single TSS,Mediterranean Sea and Black Sea,B-III,,169,Ships’ Routeing 2025 Edition,Verified from IMO Part B description,
TSS-0105,B-III/8,In the Adriatic Sea: in the North Adriatic Sea,1,In the Adriatic Sea: in the North Adriatic Sea,In the Adriatic Sea: in the North Adriatic Sea,Single TSS,Mediterranean Sea and Black Sea,B-III,,170,Ships’ Routeing 2025 Edition,Verified from IMO Part B description,
TSS-0106,B-III/9,In the Adriatic Sea: approaches to Gulf of Trieste,1,In the Adriatic Sea: approaches to Gulf of Trieste,In the Adriatic Sea: approaches to Gulf of Trieste,Single TSS,Mediterranean Sea and Black Sea,B-III,,172,Ships’ Routeing 2025 Edition,Verified from IMO Part B description,
TSS-0107,B-III/10,In the Adriatic Sea: approaches to Gulf of Venice,1,In the Adriatic Sea: approaches to Gulf of Venice,In the Adriatic Sea: approaches to Gulf of Venice,Single TSS,Mediterranean Sea and Black Sea,B-III,,172,Ships’ Routeing 2025 Edition,Verified from IMO Part B description,
TSS-0108,B-III/11,In the Adriatic Sea: in the Gulf of Trieste,1,In the Gulf of Trieste,In the Gulf of Trieste,Multi-TSS routeing system,Mediterranean Sea and Black Sea,B-III,,174,Ships’ Routeing 2025 Edition,Verified from IMO Part B description,
TSS-0109,B-III/11,In the Adriatic Sea: in the Gulf of Trieste,2,Approaches to/from Koper,Approaches to/from Koper,Multi-TSS routeing system,Mediterranean Sea and Black Sea,B-III,,174,Ships’ Routeing 2025 Edition,Verified from IMO Part B description,
TSS-0110,B-III/11,In the Adriatic Sea: in the Gulf of Trieste,3,Approaches to/from Monfalcone,Approaches to/from Monfalcone,Multi-TSS routeing system,Mediterranean Sea and Black Sea,B-III,,174,Ships’ Routeing 2025 Edition,Verified from IMO Part B description,
TSS-0111,B-III/12,Saronicos Gulf (in the approaches to Piraeus Harbour),1,Saronicos Gulf (in the approaches to Piraeus Harbour),Saronicos Gulf (in the approaches to Piraeus Harbour),Single TSS,Mediterranean Sea and Black Sea,B-III,,176,Ships’ Routeing 2025 Edition,Verified from IMO Part B description,
TSS-0112,B-III/13,In the approaches to the port of Thessaloniki,1,In the approaches to the port of Thessaloniki,In the approaches to the port of Thessaloniki,Single TSS,Mediterranean Sea and Black Sea,B-III,,177,Ships’ Routeing 2025 Edition,Verified from IMO Part B description,
TSS-0113,B-III/14,Off the Mediterranean coast of Egypt,1,Western approach to Mina Dumyat,Western approach to Mina Dumyat,Multi-TSS routeing system,Mediterranean Sea and Black Sea,B-III,,178,Ships’ Routeing 2025 Edition,Verified from IMO Part B description,
TSS-0114,B-III/14,Off the Mediterranean coast of Egypt,2,Eastern approaches to Mina Dumyat,Eastern approaches to Mina Dumyat,Multi-TSS routeing system,Mediterranean Sea and Black Sea,B-III,,178,Ships’ Routeing 2025 Edition,Verified from IMO Part B description,
TSS-0115,B-III/14,Off the Mediterranean coast of Egypt,3,Western approaches to Bur Said,Western approaches to Bur Said,Multi-TSS routeing system,Mediterranean Sea and Black Sea,B-III,,178,Ships’ Routeing 2025 Edition,Verified from IMO Part B description,
TSS-0116,B-III/14,Off the Mediterranean coast of Egypt,4,Eastern approach to Bur Said,Eastern approach to Bur Said,Multi-TSS routeing system,Mediterranean Sea and Black Sea,B-III,,178,Ships’ Routeing 2025 Edition,Verified from IMO Part B description,
TSS-0117,B-III/15,In the southern approaches to the Kerch Strait,1,In the southern approaches to the Kerch Strait,In the southern approaches to the Kerch Strait,Single TSS,Mediterranean Sea and Black Sea,B-III,,181,Ships’ Routeing 2025 Edition,Verified from IMO Part B description,
TSS-0118,B-III/16,In the area off the south-western coast of the Crimea,1,In the area off the south-western coast of the Crimea,In the area off the south-western coast of the Crimea,Single TSS,Mediterranean Sea and Black Sea,B-III,,182,Ships’ Routeing 2025 Edition,Verified from IMO Part B description,
TSS-0119,B-III/17,"Approaches to the Chornomorsk, Odesa and Pivdennyi ports",1,"Approaches to the Chornomorsk, Odesa and Pivdennyi ports","Approaches to the Chornomorsk, Odesa and Pivdennyi ports",Single TSS,Mediterranean Sea and Black Sea,B-III,,187,Ships’ Routeing 2025 Edition,Verified from IMO Part B description,
TSS-0120,B-III/18,Strait of Istanbul – North approach,1,Strait of Istanbul – North approach,Strait of Istanbul – North approach,Single TSS,Mediterranean Sea and Black Sea,B-III,,190,Ships’ Routeing 2025 Edition,Verified from IMO Part B description,
TSS-0121,B-III/19,Strait of Istanbul,1,Strait of Istanbul,Strait of Istanbul,Single TSS,Mediterranean Sea and Black Sea,B-III,,191,Ships’ Routeing 2025 Edition,Verified from IMO Part B description,
TSS-0122,B-III/20,Strait of Istanbul – South approach and Sea of Marmara,1,Strait of Istanbul – South approach and Sea of Marmara,Strait of Istanbul – South approach and Sea of Marmara,Single TSS,Mediterranean Sea and Black Sea,B-III,,193,Ships’ Routeing 2025 Edition,Verified from IMO Part B description,
TSS-0123,B-III/21,Strait of Çanakkale,1,Strait of Çanakkale,Strait of Çanakkale,Single TSS,Mediterranean Sea and Black Sea,B-III,,196,Ships’ Routeing 2025 Edition,Verified from IMO Part B description,
TSS-0124,B-III/22,Strait of Çanakkale – South-west approach,1,Strait of Çanakkale – South-west approach,Strait of Çanakkale – South-west approach,Single TSS,Mediterranean Sea and Black Sea,B-III,,198,Ships’ Routeing 2025 Edition,Verified from IMO Part B description,
TSS-0125,B-IV/1,In the Gulf of Suez,1,In the Gulf of Suez,In the Gulf of Suez,Single TSS,Indian Ocean and adjacent waters,B-IV,,203,Ships’ Routeing 2025 Edition,Verified from IMO Part B description,
TSS-0126,B-IV/2,In the entrance to the Gulf of Aqaba,1,In the entrance to the Gulf of Aqaba,In the entrance to the Gulf of Aqaba,Single TSS,Indian Ocean and adjacent waters,B-IV,,207,Ships’ Routeing 2025 Edition,Verified from IMO Part B description,
TSS-0127,B-IV/3,Near the deep-water route leading to Jazan Economic City Port,1,Near the deep-water route leading to Jazan Economic City Port,Near the deep-water route leading to Jazan Economic City Port,Single TSS,Indian Ocean and adjacent waters,B-IV,,209,Ships’ Routeing 2025 Edition,Verified from IMO Part B description,
TSS-0128,B-IV/4,In the southern Red Sea – west and south of Hanish al Kubra,1,In the southern Red Sea – west and south of Hanish al Kubra,In the southern Red Sea – west and south of Hanish al Kubra,Single TSS,Indian Ocean and adjacent waters,B-IV,,210,Ships’ Routeing 2025 Edition,Verified from IMO Part B description,
TSS-0129,B-IV/5,In the southern Red Sea – east of Jabal Zuqar Island,1,In the southern Red Sea – east of Jabal Zuqar Island,In the southern Red Sea – east of Jabal Zuqar Island,Single TSS,Indian Ocean and adjacent waters,B-IV,,211,Ships’ Routeing 2025 Edition,Verified from IMO Part B description,
TSS-0130,B-IV/6,In the Strait of Bab el Mandeb,1,In the Strait of Bab el Mandeb,In the Strait of Bab el Mandeb,Single TSS,Indian Ocean and adjacent waters,B-IV,,212,Ships’ Routeing 2025 Edition,Verified from IMO Part B description,
TSS-0131,B-IV/7,Off Ras al Hadd,1,Off Ras al Hadd,Off Ras al Hadd,Single TSS,Indian Ocean and adjacent waters,B-IV,,214,Ships’ Routeing 2025 Edition,Verified from IMO Part B description,
TSS-0132,B-IV/8,Off Ra’s al Kuh,1,Off Ra’s al Kuh,Off Ra’s al Kuh,Single TSS,Indian Ocean and adjacent waters,B-IV,,215,Ships’ Routeing 2025 Edition,Verified from IMO Part B description,
TSS-0133,B-IV/9,In the Strait of Hormuz,1,In the Strait of Hormuz,In the Strait of Hormuz,Single TSS,Indian Ocean and adjacent waters,B-IV,,216,Ships’ Routeing 2025 Edition,Verified from IMO Part B description,
TSS-0134,B-IV/10,Tunb–Farur,1,Tunb–Farur,Tunb–Farur,Single TSS,Indian Ocean and adjacent waters,B-IV,,218,Ships’ Routeing 2025 Edition,Verified from IMO Part B description,
TSS-0135,B-IV/11,Between Zaqqum and Umm Shaif,1,Between Zaqqum and Umm Shaif,Between Zaqqum and Umm Shaif,Single TSS,Indian Ocean and adjacent waters,B-IV,,219,Ships’ Routeing 2025 Edition,Verified from IMO Part B description,
TSS-0136,B-IV/12,In the approaches to Ras Tanura and Ju’aymah,1,In the approaches to Ras Tanura and Ju’aymah,In the approaches to Ras Tanura and Ju’aymah,Single TSS,Indian Ocean and adjacent waters,B-IV,,220,Ships’ Routeing 2025 Edition,Verified from IMO Part B description,
TSS-0137,B-IV/13,Marjan/Zuluf,1,Marjan/Zuluf,Marjan/Zuluf,Single TSS,Indian Ocean and adjacent waters,B-IV,,222,Ships’ Routeing 2025 Edition,Verified from IMO Part B description,
TSS-0138,B-IV/14,Approaches to the port of Ra’s al Khafji,1,Approaches to the port of Ra’s al Khafji,Approaches to the port of Ra’s al Khafji,Single TSS,Indian Ocean and adjacent waters,B-IV,,224,Ships’ Routeing 2025 Edition,Verified from IMO Part B description,
TSS-0139,B-IV/15,Off Mina Al-Ahmadi,1,North scheme I,Off Mina Al-Ahmadi – North scheme I,Multi-TSS routeing system,Indian Ocean and adjacent waters,B-IV,,225,Ships’ Routeing 2025 Edition,Verified from IMO Part B description,
TSS-0140,B-IV/15,Off Mina Al-Ahmadi,2,North scheme II,Off Mina Al-Ahmadi – North scheme II,Multi-TSS routeing system,Indian Ocean and adjacent waters,B-IV,,225,Ships’ Routeing 2025 Edition,Verified from IMO Part B description,
TSS-0141,B-IV/15,Off Mina Al-Ahmadi,3,South scheme,Off Mina Al-Ahmadi – South scheme,Multi-TSS routeing system,Indian Ocean and adjacent waters,B-IV,,225,Ships’ Routeing 2025 Edition,Verified from IMO Part B description,
TSS-0142,B-IV/16,Off Dondra Head,1,Off Dondra Head,Off Dondra Head,Single TSS,Indian Ocean and adjacent waters,B-IV,,227,Ships’ Routeing 2025 Edition,Verified from IMO Part B description,
TSS-0143,B-IV/17,Off Alphard Banks 34 miles south of Cape Infanta,1,Off Alphard Banks 34 miles south of Cape Infanta,Off Alphard Banks 34 miles south of Cape Infanta,Single TSS,Indian Ocean and adjacent waters,B-IV,,228,Ships’ Routeing 2025 Edition,Verified from IMO Part B description,
TSS-0144,B-IV/18,Off the FA platform 47 miles south of Mossel Bay,1,Off the FA platform 47 miles south of Mossel Bay,Off the FA platform 47 miles south of Mossel Bay,Single TSS,Indian Ocean and adjacent waters,B-IV,,229,Ships’ Routeing 2025 Edition,Verified from IMO Part B description,
TSS-0145,B-V/1,At One Fathom Bank,1,At One Fathom Bank,At One Fathom Bank,Single TSS,South-East Asia,B-V,,235,Ships’ Routeing 2025 Edition,Verified from IMO Part B description,
TSS-0146,B-V/2,Port Klang to Port Dickson,1,Port Klang to Port Dickson,Port Klang to Port Dickson,Single TSS,South-East Asia,B-V,,236,Ships’ Routeing 2025 Edition,Verified from IMO Part B description,
TSS-0147,B-V/3,Port Dickson to Tanjung Keling,1,Port Dickson to Tanjung Keling,Port Dickson to Tanjung Keling,Single TSS,South-East Asia,B-V,,238,Ships’ Routeing 2025 Edition,Verified from IMO Part B description,
TSS-0148,B-V/4,Malacca to Iyu Kecil,1,Malacca to Iyu Kecil,Malacca to Iyu Kecil,Single TSS,South-East Asia,B-V,,240,Ships’ Routeing 2025 Edition,Verified from IMO Part B description,
TSS-0149,B-V/5,In the Singapore Strait (Main Strait),1,In the Singapore Strait (Main Strait),In the Singapore Strait (Main Strait),Single TSS,South-East Asia,B-V,,243,Ships’ Routeing 2025 Edition,Verified from IMO Part B description,
TSS-0150,B-V/6,Singapore Strait (Off St. John’s Island),1,Singapore Strait (Off St. John’s Island),Singapore Strait (Off St. John’s Island),Single TSS,South-East Asia,B-V,,246,Ships’ Routeing 2025 Edition,Verified from IMO Part B description,
TSS-0151,B-V/7,Singapore Strait (Off Changi/Pulau Batam),1,Singapore Strait (Off Changi/Pulau Batam),Singapore Strait (Off Changi/Pulau Batam),Single TSS,South-East Asia,B-V,,248,Ships’ Routeing 2025 Edition,Verified from IMO Part B description,
TSS-0152,B-V/8,At Horsburgh lighthouse area,1,At Horsburgh lighthouse area,At Horsburgh lighthouse area,Single TSS,South-East Asia,B-V,,250,Ships’ Routeing 2025 Edition,Verified from IMO Part B description,
TSS-0153,B-V/9,In the Sunda Strait,1,In the Sunda Strait,In the Sunda Strait,Single TSS,South-East Asia,B-V,,251,Ships’ Routeing 2025 Edition,Verified from IMO Part B description,
TSS-0154,B-V/10,In the Lombok Strait,1,In the Lombok Strait,In the Lombok Strait,Single TSS,South-East Asia,B-V,,253,Ships’ Routeing 2025 Edition,Verified from IMO Part B description,
TSS-0155,B-V/11,In the East Lamma and Tathong Channels,1,Eastern approaches to Victoria Port (Tathong Channel),Eastern approaches to Victoria Port (Tathong Channel),Multi-TSS routeing system,South-East Asia,B-V,,256,Ships’ Routeing 2025 Edition,Verified from IMO Part B description,
TSS-0156,B-V/11,In the East Lamma and Tathong Channels,2,Western approaches to Victoria Port (East Lamma Channel),Western approaches to Victoria Port (East Lamma Channel),Multi-TSS routeing system,South-East Asia,B-V,,256,Ships’ Routeing 2025 Edition,Verified from IMO Part B description,
TSS-0157,B-V/12,In the Dangan Channel,1,In the Dangan Channel,In the Dangan Channel,Single TSS,South-East Asia,B-V,,260,Ships’ Routeing 2025 Edition,Verified from IMO Part B description,
TSS-0158,B-VI/1,Off Southwest Australia,1,Off Cape Leeuwin,Off Cape Leeuwin,Multi-TSS routeing system,Australasia,B-VI,,265,Ships’ Routeing 2025 Edition,Verified from IMO Part B description,
TSS-0159,B-VI/1,Off Southwest Australia,2,Off Chatham Island,Off Chatham Island,Multi-TSS routeing system,Australasia,B-VI,,265,Ships’ Routeing 2025 Edition,Verified from IMO Part B description,
TSS-0160,B-VI/2,South of Wilson Promontory in the Bass Strait,1,South of Wilson Promontory in the Bass Strait,South of Wilson Promontory in the Bass Strait,Single TSS,Australasia,B-VI,,267,Ships’ Routeing 2025 Edition,Verified from IMO Part B description,
TSS-0161,B-VI/3,In the Bass Strait,1,In the Bass Strait,In the Bass Strait,Single TSS,Australasia,B-VI,,268,Ships’ Routeing 2025 Edition,Verified from IMO Part B description,
TSS-0162,B-VII/1,In Prince William Sound,1,In Prince William Sound,In Prince William Sound,Single TSS,"North America, Pacific coast",B-VII,,272,Ships’ Routeing 2025 Edition,Verified from IMO Part B description,
TSS-0163,B-VII/2,In the Strait of Juan de Fuca and its approaches,1,Western approach,Strait of Juan de Fuca – Western approach,Multi-TSS routeing system,"North America, Pacific coast",B-VII,,275,Ships’ Routeing 2025 Edition,Verified from IMO Part B description,
TSS-0164,B-VII/2,In the Strait of Juan de Fuca and its approaches,2,South-western approach,Strait of Juan de Fuca – South-western approach,Multi-TSS routeing system,"North America, Pacific coast",B-VII,,275,Ships’ Routeing 2025 Edition,Verified from IMO Part B description,
TSS-0165,B-VII/2,In the Strait of Juan de Fuca and its approaches,3,Western lanes,Strait of Juan de Fuca – Western lanes,Multi-TSS routeing system,"North America, Pacific coast",B-VII,,275,Ships’ Routeing 2025 Edition,Verified from IMO Part B description,
TSS-0166,B-VII/2,In the Strait of Juan de Fuca and its approaches,4,Southern lanes,Strait of Juan de Fuca – Southern lanes,Multi-TSS routeing system,"North America, Pacific coast",B-VII,,275,Ships’ Routeing 2025 Edition,Verified from IMO Part B description,
TSS-0167,B-VII/2,In the Strait of Juan de Fuca and its approaches,5,Northern lanes,Strait of Juan de Fuca – Northern lanes,Multi-TSS routeing system,"North America, Pacific coast",B-VII,,275,Ships’ Routeing 2025 Edition,Verified from IMO Part B description,
TSS-0168,B-VII/2,In the Strait of Juan de Fuca and its approaches,6,Eastern lanes,Strait of Juan de Fuca – Eastern lanes,Multi-TSS routeing system,"North America, Pacific coast",B-VII,,275,Ships’ Routeing 2025 Edition,Verified from IMO Part B description,
TSS-0169,B-VII/3,In Puget Sound and its approaches,1,In Puget Sound and its approaches,In Puget Sound and its approaches,Single TSS,"North America, Pacific coast",B-VII,,280,Ships’ Routeing 2025 Edition,Verified from IMO Part B description,
TSS-0170,B-VII/4,"In Haro Strait and Boundary Pass, and in the Strait of Georgia",1,In Haro Strait and Boundary Pass,In Haro Strait and Boundary Pass,Multi-TSS routeing system,"North America, Pacific coast",B-VII,,289,Ships’ Routeing 2025 Edition,Verified from IMO Part B description,
TSS-0171,B-VII/4,"In Haro Strait and Boundary Pass, and in the Strait of Georgia",2,In the Strait of Georgia,In the Strait of Georgia,Multi-TSS routeing system,"North America, Pacific coast",B-VII,,289,Ships’ Routeing 2025 Edition,Verified from IMO Part B description,
TSS-0172,B-VII/5,Off San Francisco,1,Off San Francisco,Off San Francisco,Single TSS,"North America, Pacific coast",B-VII,,293,Ships’ Routeing 2025 Edition,Verified from IMO Part B description,
TSS-0173,B-VII/6,In the Santa Barbara Channel,1,In the Santa Barbara Channel,In the Santa Barbara Channel,Single TSS,"North America, Pacific coast",B-VII,,296,Ships’ Routeing 2025 Edition,Verified from IMO Part B description,
TSS-0174,B-VII/7,In the approaches to Los Angeles – Long Beach,1,In the approaches to Los Angeles – Long Beach,In the approaches to Los Angeles – Long Beach,Single TSS,"North America, Pacific coast",B-VII,,298,Ships’ Routeing 2025 Edition,Verified from IMO Part B description,
TSS-0175,B-VII/8,In the approaches to Salina Cruz,1,In the approaches to Salina Cruz,In the approaches to Salina Cruz,Single TSS,"North America, Pacific coast",B-VII,,300,Ships’ Routeing 2025 Edition,Verified from IMO Part B description,
TSS-0176,B-VIII/1,On the Pacific coast of Panama,1,Gulf of Panama,Gulf of Panama,Multi-TSS routeing system,"South America, Pacific coast",B-VIII,,305,Ships’ Routeing 2025 Edition,Verified from IMO Part B description,
TSS-0177,B-VIII/1,On the Pacific coast of Panama,2,Morro de Puercos,Morro de Puercos,Multi-TSS routeing system,"South America, Pacific coast",B-VIII,,305,Ships’ Routeing 2025 Edition,Verified from IMO Part B description,
TSS-0178,B-VIII/1,On the Pacific coast of Panama,3,Isla Jicarita,Isla Jicarita,Multi-TSS routeing system,"South America, Pacific coast",B-VIII,,305,Ships’ Routeing 2025 Edition,Verified from IMO Part B description,
TSS-0179,B-VIII/2,Landfall and approaches to Talara Bay,1,Landfall and approaches to Talara Bay,Landfall and approaches to Talara Bay,Single TSS,"South America, Pacific coast",B-VIII,,308,Ships’ Routeing 2025 Edition,Verified from IMO Part B description,
TSS-0180,B-VIII/3,Landfall and approaches to Paita Bay,1,Landfall and approaches to Paita Bay,Landfall and approaches to Paita Bay,Single TSS,"South America, Pacific coast",B-VIII,,309,Ships’ Routeing 2025 Edition,Verified from IMO Part B description,
TSS-0181,B-VIII/4,Landfall off Puerto Salaverry,1,Landfall off Puerto Salaverry,Landfall off Puerto Salaverry,Single TSS,"South America, Pacific coast",B-VIII,,310,Ships’ Routeing 2025 Edition,Verified from IMO Part B description,
TSS-0182,B-VIII/5,Landfall and approaches to Ferrol Bay (Puerto Chimbote),1,Landfall and approaches to Ferrol Bay (Puerto Chimbote),Landfall and approaches to Ferrol Bay (Puerto Chimbote),Single TSS,"South America, Pacific coast",B-VIII,,311,Ships’ Routeing 2025 Edition,Verified from IMO Part B description,
TSS-0183,B-VIII/6,Approaches to Puerto Callao,1,Approaches to Puerto Callao,Approaches to Puerto Callao,Single TSS,"South America, Pacific coast",B-VIII,,312,Ships’ Routeing 2025 Edition,Verified from IMO Part B description,
TSS-0184,B-VIII/7,In the approaches to Puerto Pisco,1,In the approaches to Puerto Pisco,In the approaches to Puerto Pisco,Single TSS,"South America, Pacific coast",B-VIII,,314,Ships’ Routeing 2025 Edition,Verified from IMO Part B description,
TSS-0185,B-VIII/8,Landfall and approaches to San Nicolas Bay,1,Landfall and approaches to San Nicolas Bay,Landfall and approaches to San Nicolas Bay,Single TSS,"South America, Pacific coast",B-VIII,,316,Ships’ Routeing 2025 Edition,Verified from IMO Part B description,
TSS-0186,B-VIII/9,Landfall and approaches to Puerto Ilo,1,Landfall and approaches to Puerto Ilo,Landfall and approaches to Puerto Ilo,Single TSS,"South America, Pacific coast",B-VIII,,317,Ships’ Routeing 2025 Edition,Verified from IMO Part B description,
TSS-0187,B-VIII/10,In the approaches to Arica,1,In the approaches to Arica,In the approaches to Arica,Single TSS,"South America, Pacific coast",B-VIII,,318,Ships’ Routeing 2025 Edition,Verified from IMO Part B description,
TSS-0188,B-VIII/11,In the approaches to Iquique,1,In the approaches to Iquique,In the approaches to Iquique,Single TSS,"South America, Pacific coast",B-VIII,,319,Ships’ Routeing 2025 Edition,Verified from IMO Part B description,
TSS-0189,B-VIII/12,In the approaches to Antofagasta,1,In the approaches to Antofagasta,In the approaches to Antofagasta,Single TSS,"South America, Pacific coast",B-VIII,,320,Ships’ Routeing 2025 Edition,Verified from IMO Part B description,
TSS-0190,B-VIII/13,In the approaches to Quintero Bay,1,In the approaches to Quintero Bay,In the approaches to Quintero Bay,Single TSS,"South America, Pacific coast",B-VIII,,321,Ships’ Routeing 2025 Edition,Verified from IMO Part B description,
TSS-0191,B-VIII/14,In the approaches to Valparaiso,1,In the approaches to Valparaiso,In the approaches to Valparaiso,Single TSS,"South America, Pacific coast",B-VIII,,322,Ships’ Routeing 2025 Edition,Verified from IMO Part B description,
TSS-0192,B-VIII/15,In the approaches to Concepcion Bay,1,In the approaches to Concepcion Bay,In the approaches to Concepcion Bay,Single TSS,"South America, Pacific coast",B-VIII,,323,Ships’ Routeing 2025 Edition,Verified from IMO Part B description,
TSS-0193,B-VIII/16,In the approaches to San Vicente Bay,1,In the approaches to San Vicente Bay,In the approaches to San Vicente Bay,Single TSS,"South America, Pacific coast",B-VIII,,324,Ships’ Routeing 2025 Edition,Verified from IMO Part B description,
TSS-0194,B-VIII/17,In the approaches to Punta Arenas,1,In the approaches to Punta Arenas,In the approaches to Punta Arenas,Single TSS,"South America, Pacific coast",B-VIII,,325,Ships’ Routeing 2025 Edition,Verified from IMO Part B description,
TSS-0195,B-IX/1,In the approaches to Chedabucto Bay,1,In the approaches to Chedabucto Bay,In the approaches to Chedabucto Bay,Single TSS,"Western North Atlantic Ocean, Gulf of Mexico and Caribbean Sea",B-IX,,329,Ships’ Routeing 2025 Edition,Verified from IMO Part B description,
TSS-0196,B-IX/2,In the Bay of Fundy and approaches,1,In the Bay of Fundy and approaches,In the Bay of Fundy and approaches,Single TSS,"Western North Atlantic Ocean, Gulf of Mexico and Caribbean Sea",B-IX,,331,Ships’ Routeing 2025 Edition,Verified from IMO Part B description,
TSS-0197,B-IX/3,"In the approaches to Portland, Maine",1,"In the approaches to Portland, Maine","In the approaches to Portland, Maine",Single TSS,"Western North Atlantic Ocean, Gulf of Mexico and Caribbean Sea",B-IX,,333,Ships’ Routeing 2025 Edition,Verified from IMO Part B description,
TSS-0198,B-IX/4,"In the approach to Boston, Massachusetts",1,"In the approach to Boston, Massachusetts","In the approach to Boston, Massachusetts",Single TSS,"Western North Atlantic Ocean, Gulf of Mexico and Caribbean Sea",B-IX,,334,Ships’ Routeing 2025 Edition,Verified from IMO Part B description,
TSS-0199,B-IX/5,"In the approaches to Narragansett Bay, Rhode Island, and Buzzards Bay, Massachusetts",1,"In the approaches to Narragansett Bay, Rhode Island, and Buzzards Bay, Massachusetts","In the approaches to Narragansett Bay, Rhode Island, and Buzzards Bay, Massachusetts",Single TSS,"Western North Atlantic Ocean, Gulf of Mexico and Caribbean Sea",B-IX,,336,Ships’ Routeing 2025 Edition,Verified from IMO Part B description,
TSS-0200,B-IX/6,Off New York,1,Off New York,Off New York,Single TSS,"Western North Atlantic Ocean, Gulf of Mexico and Caribbean Sea",B-IX,,338,Ships’ Routeing 2025 Edition,Verified from IMO Part B description,
TSS-0201,B-IX/7,Off Delaware Bay,1,Off Delaware Bay,Off Delaware Bay,Single TSS,"Western North Atlantic Ocean, Gulf of Mexico and Caribbean Sea",B-IX,,341,Ships’ Routeing 2025 Edition,Verified from IMO Part B description,
TSS-0202,B-IX/8,In the approaches to Chesapeake Bay,1,In the approaches to Chesapeake Bay,In the approaches to Chesapeake Bay,Single TSS,"Western North Atlantic Ocean, Gulf of Mexico and Caribbean Sea",B-IX,,343,Ships’ Routeing 2025 Edition,Verified from IMO Part B description,
TSS-0203,B-IX/9,In the approaches to the Cape Fear River,1,In the approaches to the Cape Fear River,In the approaches to the Cape Fear River,Single TSS,"Western North Atlantic Ocean, Gulf of Mexico and Caribbean Sea",B-IX,,345,Ships’ Routeing 2025 Edition,Verified from IMO Part B description,
TSS-0204,B-IX/10,In the approaches to Galveston Bay,1,In the approaches to Galveston Bay,In the approaches to Galveston Bay,Single TSS,"Western North Atlantic Ocean, Gulf of Mexico and Caribbean Sea",B-IX,,346,Ships’ Routeing 2025 Edition,Verified from IMO Part B description,
TSS-0205,B-IX/11,In the approaches to the port of Veracruz,1,In the approaches to the port of Veracruz,In the approaches to the port of Veracruz,Single TSS,"Western North Atlantic Ocean, Gulf of Mexico and Caribbean Sea",B-IX,,347,Ships’ Routeing 2025 Edition,Verified from IMO Part B description,
TSS-0206,B-IX/12,Off Cabo San Antonio,1,Off Cabo San Antonio,Off Cabo San Antonio,Single TSS,"Western North Atlantic Ocean, Gulf of Mexico and Caribbean Sea",B-IX,,349,Ships’ Routeing 2025 Edition,Verified from IMO Part B description,
TSS-0207,B-IX/13,Off La Tabla,1,Off La Tabla,Off La Tabla,Single TSS,"Western North Atlantic Ocean, Gulf of Mexico and Caribbean Sea",B-IX,,349,Ships’ Routeing 2025 Edition,Verified from IMO Part B description,
TSS-0208,B-IX/14,Off Costa de Matanzas,1,Off Costa de Matanzas,Off Costa de Matanzas,Single TSS,"Western North Atlantic Ocean, Gulf of Mexico and Caribbean Sea",B-IX,,351,Ships’ Routeing 2025 Edition,Verified from IMO Part B description,
TSS-0209,B-IX/15,In the Old Bahama Channel,1,In the Old Bahama Channel,In the Old Bahama Channel,Single TSS,"Western North Atlantic Ocean, Gulf of Mexico and Caribbean Sea",B-IX,,352,Ships’ Routeing 2025 Edition,Verified from IMO Part B description,
TSS-0210,B-IX/16,Off Punta Maternillos,1,Off Punta Maternillos,Off Punta Maternillos,Single TSS,"Western North Atlantic Ocean, Gulf of Mexico and Caribbean Sea",B-IX,,353,Ships’ Routeing 2025 Edition,Verified from IMO Part B description,
TSS-0211,B-IX/17,Off Punta Lucrecia,1,Off Punta Lucrecia,Off Punta Lucrecia,Single TSS,"Western North Atlantic Ocean, Gulf of Mexico and Caribbean Sea",B-IX,,354,Ships’ Routeing 2025 Edition,Verified from IMO Part B description,
TSS-0212,B-IX/18,Off Cabo Maysi,1,Off Cabo Maysi,Off Cabo Maysi,Single TSS,"Western North Atlantic Ocean, Gulf of Mexico and Caribbean Sea",B-IX,,355,Ships’ Routeing 2025 Edition,Verified from IMO Part B description,
TSS-0213,B-IX/19,At the approaches to Puerto Cristobal,1,At the approaches to Puerto Cristobal,At the approaches to Puerto Cristobal,Single TSS,"Western North Atlantic Ocean, Gulf of Mexico and Caribbean Sea",B-IX,,356,Ships’ Routeing 2025 Edition,Verified from IMO Part B description,
TSS-0214,B-X/1,In the fourth Kuril Strait,1,In the fourth Kuril Strait,In the fourth Kuril Strait,Single TSS,"Asia, Pacific coast",B-X,,361,Ships’ Routeing 2025 Edition,Verified from IMO Part B description,
TSS-0215,B-X/2,In the Proliv Bussol,1,In the Proliv Bussol,In the Proliv Bussol,Single TSS,"Asia, Pacific coast",B-X,,362,Ships’ Routeing 2025 Edition,Verified from IMO Part B description,
TSS-0216,B-X/3,Off the Aniwa Cape,1,Off the Aniwa Cape,Off the Aniwa Cape,Single TSS,"Asia, Pacific coast",B-X,,363,Ships’ Routeing 2025 Edition,Verified from IMO Part B description,
TSS-0217,B-X/4,In the approaches to the Gulf of Nakhodka,1,In the approaches to the Gulf of Nakhodka,In the approaches to the Gulf of Nakhodka,Single TSS,"Asia, Pacific coast",B-X,,364,Ships’ Routeing 2025 Edition,Verified from IMO Part B description,
TSS-0218,B-X/5,Off the Ostrovnoi Point,1,Off the Ostrovnoi Point,Off the Ostrovnoi Point,Single TSS,"Asia, Pacific coast",B-X,,366,Ships’ Routeing 2025 Edition,Verified from IMO Part B description,
TSS-0219,B-X/6,In the waters off Chengshan Jiao Promontory,1,Chengshan Jiao inner,Chengshan Jiao inner,Multi-TSS routeing system,"Asia, Pacific coast",B-X,,367,Ships’ Routeing 2025 Edition,Verified from IMO Part B description,
TSS-0220,B-X/6,In the waters off Chengshan Jiao Promontory,2,North,Chengshan Jiao outer – North,Multi-TSS routeing system,"Asia, Pacific coast",B-X,,367,Ships’ Routeing 2025 Edition,Verified from IMO Part B description,
TSS-0221,B-X/6,In the waters off Chengshan Jiao Promontory,3,East,Chengshan Jiao outer – East,Multi-TSS routeing system,"Asia, Pacific coast",B-X,,367,Ships’ Routeing 2025 Edition,Verified from IMO Part B description,
TSS-0222,B-X/6,In the waters off Chengshan Jiao Promontory,4,South,Chengshan Jiao outer – South,Multi-TSS routeing system,"Asia, Pacific coast",B-X,,367,Ships’ Routeing 2025 Edition,Verified from IMO Part B description,
TSS-0223,B-XI/1,Between Grand Canary and Fuerteventura,1,Between Grand Canary and Fuerteventura,Between Grand Canary and Fuerteventura,Single TSS,Eastern North Atlantic and South Atlantic Oceans,B-XI,,373,Ships’ Routeing 2025 Edition,Verified from IMO Part B description,
TSS-0224,B-XI/2,Between Grand Canary and Tenerife,1,Between Grand Canary and Tenerife,Between Grand Canary and Tenerife,Single TSS,Eastern North Atlantic and South Atlantic Oceans,B-XI,,375,Ships’ Routeing 2025 Edition,Verified from IMO Part B description,
