source_id,authority,title,date_or_edition,url,source_class,supports,locator,passage,accessed_date,batch
SRC-B10-01,IMO Maritime Safety Committee,"COLREG.2/Circ.66/Corr.1 Amended traffic separation schemes, corrigendum (corrected annex 3 'Off Friesland')",20 May 2016 (Circ.66 amendments implemented 1 June 2015),https://mindev.gov.ua/storage/app/sites/1/uploaded-files/colreg2-circ66-corr1-corrigendum-secretariat.pdf,Tier 1,"Location of East Friesland TSS western boundary (positions 83, 84, 95, 99 at about 54 02'-54 06'N, 005 07'-005 10'E)","Annex, East Friesland scheme paras (u)-(w) (government mirror)",Existing position 32 is shifted east to new position (84) 54 03'.26 N 005 08'. 65 E,2026-09-29,B10
SRC-B10-02,Kingdom of the Netherlands (wetten.overheid.nl),"Scheepvaartreglement territoriale zee (BWBR0007914), Bijlage 1 Aanloopgebieden, art. 1, 2 and 5a",Version in force from 1 January 2025 (consulted 29-09-2026),https://wetten.overheid.nl/BWBR0007914/,Tier 1,"Complete list of statutory approach areas in the Dutch territorial sea (Eemsmonding, Brandaris, Den Helder, IJmuiden, Scheveningen, Rotterdam, Scheldemonden); IJmuiden approach area is the territorial sea within a 12 nm arc from 52 27'.9N 004 32'.1E; Rotterdam approach area boundary follows buoys MN3, MN2, MNW2, MNW3-MW4, MW5 (i.e. the inner ends of the Maas TSSs); art. 5a permits ministerial reporting systems in the territorial sea",Bijlage 1 (d) and (f); art. 5a,vandaar in een zeewaarts gerichte boog met een straal van 12 zeemijlen gerekend vanuit het referentiepunt,2026-09-29,B10
SRC-B10-03,Dienst der Hydrografie (Netherlands Hydrographic Service),"Berichten aan Zeevarenden / Notices to Mariners week 41-2025, BaZ 261(P)/25 'Noordzee. TSS Off Texel en TSS Off Vlieland' (VTS Off Texel) and ODAS buoy entries 'near TSS off Botney Ground'",9 October 2025 (VTS effective 3 November 2025 14.00 CET),https://www.defensie.nl/site/binaries/site-content/collections/baz-weekly-editions/2025/41/wkly_y2025_w41_baz257_265.pdf,Tier 3,"Boundary of VTS Off Texel (northernmost 53 37.10N, westernmost 004 21.80E) showing it excludes East Friesland (about 54 02'N+) and Off Botney Ground (ODAS buoys 'near TSS off Botney Ground' at about 53 22-23'N 003 07-08'E)","Page 8, notice *261(P)/25; buoy list near p.20",To enhance the safety of maritime traffic in the traffic separation schemes off the coast of Texel and Vlieland ... a VESSEL TRAFFIC SERVICE SECTOR will be established.,2026-09-29,B10
SRC-B10-04,Kustwacht Nederland (Netherlands Coastguard),Vessel Traffic Monitoring (VTMon),"Undated web page, consulted 29 September 2026",https://kustwacht.nl/hulpverlening/vtm/,Tier 2,"Coastguard monitoring of North Sea traffic is Vessel Traffic Monitoring, a distinct task, not a VTS; recorded as a lead only",Page body,Vessel Traffic Monitoring (VTMon) is een nieuwe taak van de Kustwacht.,2026-09-29,B10
SRC-B10-05,Global VTS project,"IMO_2025_Mandatory_Reporting_Systems.csv (IMO Ships' Routeing 2025 Part I inventory, VRS-0001 to VRS-0023)",Ships' Routeing 2025 Edition baseline,data/authoritative/IMO_2025_Mandatory_Reporting_Systems.csv,Tier 1,No Part I mandatory reporting system is located in Dutch waters; only WETREP (VRS-0005) and CALDOVREP (VRS-0008) required geographic testing for group P,Rows I-I/1 to I-I/23,n/a (project dataset),2026-09-29,B10
SRC-B10-06,Kingdom of the Netherlands (wetten.overheid.nl),Besluit routerings- en meldingssystemen voor schepen in volle zee voor de Nederlandse kust (BWBR0008956),Version in force from 18 May 2005 (a pending amendment without commencement date is flagged),https://wetten.overheid.nl/BWBR0008956/,Tier 1,"Legal basis for routeing and reporting systems outside the Dutch territorial sea, to be set by ministerial regulation",Artikel 2,"buiten de Nederlandse territoriale zee, overeenkomstig richtlijnen en criteria van de Internationale Maritieme Organisatie, routeringssystemen en meldingssystemen worden vastgesteld",2026-09-29,B10
SRC-B10-07,"Minister van Infrastructuur en Milieu / Waterstaat (wetten.overheid.nl; original Stcrt. 2013, 19233)",Regeling routerings- en meldingssystemen voor schepen in volle zee voor de Nederlandse kust (BWBR0033648),Version in force from 6 July 2022 (original in force 1 August 2013),https://wetten.overheid.nl/BWBR0033648/,Tier 1,The only ministerial regulation under P-S16: contains the mandatory tanker route North Hinder - German Bight (§2) and areas to be avoided (§3) but no reporting system; supports 'no national mandatory reporting' for the EEZ-located schemes,"Inhoudsopgave §1-§4; Stcrt. 2013, 19233 artikelen 2-8",§ 2 Routeringssysteem Noord Hinder – Duitse Bocht ... § 3 Gebieden die dienen te worden gemeden,2026-09-29,B10
SRC-B10-08,IMO Maritime Safety Committee,COLREG.2/Circ.59 New and amended existing traffic separation schemes (annex 4: Mandatory route for tankers from North Hinder to the German Bight),31 October 2007,https://cimrc.shmtu.edu.cn/_upload/article/files/63/dc/35c66be74d12873254dc88a2ef00/465d5392-0ba5-4f33-8e61-a48e3499b1b3.pdf,Tier 1,"Off Botney Ground forms part of the recommended western route for deep-draught tankers exempted from the southern part of the mandatory tanker route (routeing, not reporting)","Annex 4, page 2",Shipmasters should enter this deviation in the ships' log.,2026-09-29,B10
SRC-B10-09,IMO Maritime Safety Committee,"COLREG.2/Circ.67 New and amended traffic separation schemes (annex 3: 'In the approaches to Hook of Holland and at North Hinder', consolidated and superseding B-II/10)",20 May 2016; implemented 0000 UTC 1 June 2017,https://cimrc.shmtu.edu.cn/_upload/article/files/63/dc/35c66be74d12873254dc88a2ef00/65c44f78-cf76-44e1-aa8a-6727556bcb18.pdf,Tier 1,"Current geometry of Maas North, Maas North-west, Maas West Inner, Maas West Outer, North Hinder North, North Hinder South and Off North Hinder; used for all distance and boundary tests in B10/B11","Annex 3, pages 1-6 (third-party mirror of the IMO circular; text checked against the IMO document header)","This amended routeing system consolidates and supersedes existing TSS ""In the approaches to Hook of Holland and at North Hinder"" (part B, page II/10)",2026-09-29,B10
SRC-B10-10,Port of Rotterdam Authority,"Port Information Guide, Port of Rotterdam, version 2026.1",January 2026 (rev. 2026-01-17; file dated 2 Feb 2026),https://www.portofrotterdam.com/sites/default/files/2026-02/port-information-guide.pdf,Tier 4,"Rotterdam VTS service name, location and service-area extent (38 nm seawards of the port entrance); VTS report on passing first calling-in point",Page 18 'Nautical services'; page 4 'In port reports',Service Area Description: Extending 38 nautical miles seawards of the port entrance,2026-09-29,B10
SRC-B10-11,"Port of Rotterdam Authority (Havenmeester van Rotterdam, DHMR)","Procedure VHF-communicatie VTS en HCC, versie 2.0 (incl. Bijlage 1 VHF-kanalen and Bijlage 2 Toepassingsgebied sector chart)","Februari 2026, versie 2.0",https://www.portofrotterdam.com/sites/default/files/2026-05/procedure-vhf-communicatie-vts-hcc-2026_0.pdf,Tier 2,"Current VTS sectors (Maas Aanloop VHF 1, Pilot Maas VHF 2, Maasmond VHF 3); arrival report from sea on VHF 1; official sector chart showing the Maas West Inner/Outer, Maas North-west and Maas North lanes within the area shaded as Sector Maas Approach",Section 2 Toepassingsgebied; section 10; Bijlage 1 (p.8); Bijlage 2 chart (p.9). PDF is image-only; read visually,"Vanuit zee, VHF-kanaal 1 (sector Maas Aanloop).",2026-09-29,B10
SRC-B10-12,Havenmeester van Rotterdam (Staatscourant),"Beleidsregel Procedure VHF-communicatie VTS en HCC 2026 (Staatscourant 2026, 8272; reissued 8272-n1)",Adopted and in force 20 February 2026; published 3 March 2026,https://zoek.officielebekendmakingen.nl/stcrt-2026-8272.html,Tier 1,"Legal publication of the Rotterdam VTS procedure; states it applies in the 'aanloopgebied Rotterdam' and port area, while the procedure's scope is the VTS area on the Bijlage 2 chart","Artikel 1; Bijlage, section 2",Met ingang van 1 februari 2026 is in het aanloopgebied Rotterdam en het Rotterdamse havengebied de regeling ... van kracht.,2026-09-29,B10
SRC-B14-01,Norwegian Coastal Administration (Kystverket),Kystverket WFS layer 'VTS tjenesteområde 2021 versjon 2' (layer_696),features valid from 2021-04-01 (Kinn 2021-06-01); accessed 29 September 2026,https://services.kystverket.no/wfs.ashx?service=WFS&version=1.1.0&request=GetFeature&typeName=layer_696&srsName=EPSG:4326,Tier 2,"Complete set of statutory VTS service areas (six polygons, each referenced to Sjøtrafikkforskriften §6); none overlaps any B-II/19 TSS in this group (Melkøya area max latitude 71.09N, east of 22.56E; others south of 62.05N)","Features 1 to 6 (attributes omraadenavn, forskriftsreferanse)",Melkøya tjenesteområde ... Sjøtrafikkforskriften §6,2026-09-29,B14
SRC-B14-02,Lovdata / Ministry of Transport (Norway),"Forskrift om bruk av sjøtrafikksentralenes tjenesteområde og bruk av bestemte farvann (sjøtrafikkforskriften), FOR-2021-02-10-523","consolidated text, last amended FOR-2026-06-29-1454 (in force 1 July 2026) as reported by the fetch tool; accessed 29 September 2026",https://lovdata.no/dokument/SF/forskrift/2021-02-10-523,Tier 1,"§6 lists six VTS service areas (Horten, Brevik, Kvitsøy, Fedje, Kinn, Melkøya); chapter 5 (§§169 to 172) routeing measures in the EEZ with no reporting provision",§6; Kapittel 5 §§169 to 172,"Horten tjenesteområde, Brevik tjenesteområde, Kvitsøy tjenesteområde, Fedje tjenesteområde, Kinn tjenesteområde, Melkøya tjenesteområde",2026-09-29,B14
SRC-B14-03,Norwegian Coastal Administration (Kystverket),Vessel Traffic Service (VTS) centres (contact page),undated web page; accessed 29 September 2026,https://www.kystverket.no/en/contact/vts-service/,Tier 2,"Lists the six VTS areas (Horten, Brevik, Kvitsøy, Fedje, Kinn, Melkøya) and separately an NOR VTS information service for Barents SRS and TSS",Final contact block,Information service for Barents SRS and routing schemes (TSS) in Norway - NOR VTS,2026-09-29,B14
SRC-B14-04,Norwegian Coastal Administration (Kystverket),About the Vessel Traffic Service (VTS),page timestamp 2021-06-02; accessed 29 September 2026,https://www.kystverket.no/en/navigation-and-monitoring/vts---vessel-traffic-service/about-the-vessel-traffic-service-vts/,Tier 2,Vardø VTS centre (NOR VTS) monitors risk vessels following the offshore routeing measures; its VTS area task is Melkøya,Section 'Vardø VTS centre',The centre monitors tankers and other risk vessels that follow the routing measures established outside the Norwegian coast.,2026-09-29,B14
SRC-B14-05,IMO (Maritime Safety Committee),"SN.1/Circ.318, New mandatory ship reporting system 'In the Barents Area (Barents SRS)', annex resolution MSC.348(91)",4 December 2012 (MSC.348(91) adopted 28 November 2012; in force 0000 UTC 1 June 2013); accessed 29 September 2026,https://fma.fo/wp-content/uploads/2016/12/2013_navigational_03_sn_circ-318_new-mandatory-ship-reporting-system-in-the-barents-area.pdf,Tier 1,"Barents SRS participation thresholds, geographical boundary (points A to H), reporting to Vardø VTS centre (Norwegian monitoring area)","Annex paras 1.1, 2.1 and 3.1.1 (copy hosted by the Faroese Maritime Authority, fma.fo; text is the IMO circular itself)",All Barents SRS reports must be sent to either Vardø VTS centre or Murmansk VTS centre.,2026-09-29,B14
SRC-B14-06,Norwegian Coastal Administration (Kystverket),Barents Ship Reporting System,undated web page; accessed 29 September 2026,https://www.kystverket.no/en/klima-og-barekraft/barents-srs/,Tier 2,Kystverket states the TSS from Vardø to Røst are inside the Barents SRS operational area; reports in Norwegian area go to NOR VTS (Vardø),Main text,The traffic separation systems off the Norwegian coast from Vardø to Røst are within the operational area of Barents SRS.,2026-09-29,B14
SRC-B14-07,Norwegian Coastal Administration (Kystverket),"Kystverket WFS layer 'TSS områder' (layer_706), services.kystverket.no",live dataset; accessed 29 September 2026,https://services.kystverket.no/wfs.ashx?service=WFS&version=1.1.0&request=GetFeature&typeName=layer_706&srsName=EPSG:4326,Tier 2,"Official polygons of each TSS lane and separation zone; eight clusters named 'Trafikkseparasjonssystemer utenfor norskekysten mellom Vardø og Røst', plus separately named Træna and Halten TSS; used to test inclusion in Barents SRS and VTS areas",Features 50 to 79 (attribute tss_navn),Trafikkseparasjonssystem utenfor Træna,2026-09-29,B14
SRC-B15-01,IMO (Maritime Safety Committee),"Resolution MSC.190(79), Mandatory ship reporting system in the Western European PSSA (WETREP)",adopted 6 December 2004; accessed 29 September 2026,https://wwwcdn.imo.org/localresources/en/KnowledgeCentre/IndexofIMOResolutions/MSCResolutions/MSC.190(79).pdf,Tier 1,WETREP northern/eastern limit (58°30'N to 62°N at 000°) lies far west of the Træna and Halten TSS (about 005°E to 007°E); WETREP does not include them,"Annex para 2.1, points 1 to 4",2 (UK) 58° 30’ N 000° W 3 (UK) 62° N 000° W,2026-09-29,B15
SRC-B15-02,Norwegian Coastal Administration (Kystverket),Navigation rules (TSS in the Norwegian economic zone),undated web page (refers to changes from 1 June 2021); accessed 29 September 2026,https://www.kystverket.no/en/navigation-and-monitoring/vts---vessel-traffic-service/sailing-rules/,Tier 2,Routeing system in the EEZ; applicable ship categories; no reporting obligation stated for the TSS,Section 'Navigation rules in the Norwegian economic zone (TSS)',Vessels in international traffic that may represent a high environmental risk must follow route measures that take these vessels further off the coast.,2026-09-29,B15
SRC-B16-01,"Norwegian Coastal Administration (Kystverket), for the Ministry of Transport","Maritime Traffic Regulations (unofficial English translation of Forskrift om sjøtrafikk i bestemte farvann og om rutetiltak, FOR-2021-02-10-523)",Translation updated to reflect amendments in force as of 1 July 2026 (file dated 2026-06-01); regulations in force 1 April 2021,https://www.kystverket.no/globalassets/maritime-traffic-regulations---20260601.pdf/download,Tier 1,"Complete statutory list of Norwegian VTS areas (s.6: Horten, Brevik, Kvitsøy, Fedje, Kinn, Melkøya); Chapter 5 obligation to use the TSS on the stretches Egersund-Risør and Halten-Utsira; supervision by NCA; no reporting obligation attached to the coastal routeing measures","Sections 6, 169-172","Vessels mentioned in section 170 that operate on the stretches Egersund-Risør, Halten – Utsira and Træna-Vardø use the traffic separation schemes described in the Norwegian Coastal Administration's electronic charts ""Kystinfo""",2026-09-29,B16
SRC-B16-02,Norwegian Coastal Administration (Kystverket),Kinn Vessel Traffic Service (VTS) service flyer,From 1 June 2021,https://www.kystverket.no/contentassets/3a43d44b50e24a02ba69b50559a4f32c/kinn-vts-service-flyer.pdf,Tier 2,Kinn VTS area (nearest VTS area to Off Stad TSS) extends seaward only to the baseline,Page 1,"Primarily for inner waters, but extends out to the baseline from Kråkenes in the north, along the baseline south to the southwest of Kinn island.",2026-09-29,B16
SRC-B17-01,"Department of Transport, Ireland (gov.ie)",The Irish Coast Guard (policy information page),Published 9 July 2019; dateModified 2025-07-08,https://www.gov.ie/en/department-of-transport/policy-information/the-irish-coast-guard/,Tier 2,"Irish Coast Guard monitors traffic in the Fastnet TSS (monitoring function, not described as a VTS)",List of IRCG functions,Monitors maritime traffic within Ireland's Traffic Separation Schemes (Tuskar/Fastnet),2026-09-29,B17
SRC-B18-01,IMO Assembly,"Resolution A.284(VIII): Routeing systems (original descriptions of Off Smalls, Off Skerries, In the North Channel, Off Tuskar Rock)",Adopted 20 November 1973 (superseded descriptions; used for approximate location only),https://wwwcdn.imo.org/localresources/en/KnowledgeCentre/IndexofIMOResolutions/AssemblyDocuments/A.284(8).pdf,Tier 1,"Approximate positions: Off Smalls separation zone 51 39.1-51 50.7 N; Off Skerries 53 22.8-53 32.1 N 004 31.6-004 52.0 W; In the North Channel 55 15.3-55 24.0 N; Off Tuskar Rock 52 04.7-52 14.0 N 006 00.8-006 11.5 W (Tuskar centreline unchanged in the 1996 amendment, COLREG.2/Circ.41)",pp. 30-32,"A separation zone, two miles wide, is centred upon the following geographical positions: (1) 52°14'.0 N., (2) 52°08'.5 N., (3) 52°04'.7 N.",2026-09-29,B18
SRC-B18-02,Mersey Docks and Harbour Company (Peel Ports),General Directions for Navigation in the Port of Liverpool 2012,2012,https://www.peelports.com/media/quvgfzuf/general-directions-for-navigation-in-the-port-of-liverpool-2012.pdf,Tier 2,"Mersey VTS is the VTS operated by MDHC for the Port of Liverpool (port limits per the Act); reporting points are Q1/Q2, Crosby, Brazil/C22, Woodside/Dukes, Brombro; no reference to the Liverpool Bay TSS","Direction 1 definitions (w), (ff); Direction 16",“Mersey VTS” means the Vessel Traffic Service operated by MDHC - Call Sign “Mersey VTS”,2026-09-29,B18
SRC-B18-03,"IMO (compilation of COLREG.2 circulars published by Transportstyrelsen, Sweden)","COLREG.2/Circ.60, Annex 3: New traffic separation scheme In Liverpool Bay",MSC 85 (December 2008),https://www.transportstyrelsen.se/globalassets/global/sjofart/dokument/sjotrafik_dok/imo_colreg.2_cirkular.pdf?id=58526,Tier 1,"Position of the Liverpool Bay TSS (about 53 29.8-53 34.6 N, 003 32-003 41 W), inside the Irish Sea sector excluded from WETREP",compilation p. 352,"(a) A separation zone (east of the Douglas Oil Field Platform), 1.0 nautical mile wide",2026-09-29,B18
SRC-B19-01,Neyðarlínan ohf (112 Iceland),Icelandic Maritime Traffic Service,"Undated web page, accessed 29 September 2026",https://www.112.is/en/vaktstod-siglinga,Tier 2,Current description of the Icelandic Maritime Traffic Service; describes monitoring of ships in 'the reporting system' but does not describe itself as a VTS or name any TSS or VTS area,Emergency and safety services section,The monitoring of ships in the reporting system (manual and automatic).,2026-09-29,B19
SRC-B19-02,IMO Maritime Safety Committee,Resolution MSC.250(83): Adoption of a new mandatory ship reporting system off the south and southwest coast of Iceland (TRANSREP),Adopted 8 October 2007; in force 0000 UTC 1 July 2008,https://wwwcdn.imo.org/localresources/en/KnowledgeCentre/IndexofIMOResolutions/MSCResolutions/MSC.250(83).pdf,Tier 1,TRANSREP (VRS-0010) covers only the eastern ATBA inside Icelandic territorial waters; boundary includes points (8) 64 07.20 N 022 47.50 W and (9) 64 07.20 N 022 41.40 W and (22)/(23) near Reykjanes Point; shore authority Icelandic Maritime Traffic Service (MTS),Annex paras 1-3.4,The reporting system covers the proposed ATBA (the eastern area) off the south and southwest coast of Iceland located entirely within Icelandic territorial waters,2026-09-29,B19
SRC-B19-03,IMO Maritime Safety Committee,Resolution MSC.316(88): Amendments to the existing mandatory ship reporting system 'Off the south and south-west coast of Iceland' (TRANSREP),Adopted 29 November 2010; in force 1 July 2011,https://wwwcdn.imo.org/localresources/en/KnowledgeCentre/IndexofIMOResolutions/MSCResolutions/MSC.316(88).pdf,Tier 1,TRANSREP participant categories extended; geographical coverage co-ordinates unchanged (only the reference chart replaced),"Annex, sections 1-2","The reference chart, which includes all the area of coverage for the system, is Icelandic chart No.31 (INT 1103) Dyrhólaey – Snæfellsnes (May 2008 edition)",2026-09-29,B19
SRC-B19-04,IMO Maritime Safety Committee,"Resolution MSC.63(67), Annex 3: Mandatory ship reporting system in the 'Off Finisterre' traffic separation scheme area (FINREP)",Adopted 3 December 1996; in force 0000 UTC 3 June 1997,https://wwwcdn.imo.org/localresources/en/KnowledgeCentre/IndexofIMOResolutions/MSCResolutions/MSC.63(67).pdf,Tier 1,FINREP (VRS-0011) participants; reports to Finisterre Traffic VTS; shore authority Finisterre VTS within CZCS Finisterre,"Annex 3 paras 1, 3.3, 3.4",Ships entering the area of coverage shall report to the Finisterre Traffic VTS when crossing the limits mentioned in paragraph 2.1 or when leaving the ports or anchorages in the area.,2026-09-29,B19
SRC-B19-05,IMO Maritime Safety Committee,Resolution MSC.162(78): Amendments to the existing mandatory ship reporting system Off Cape Finisterre,Adopted 17 May 2004; in force 0000 UTC 1 December 2004,https://wwwcdn.imo.org/localresources/en/KnowledgeCentre/IndexofIMOResolutions/MSCResolutions/MSC.162(78).pdf,Tier 1,FINREP area moved west to meridian 010 15 W and expressly includes the TSS Off Finisterre as amended by A.957(23),"Annex, replacement paras 2.1-2.2","This area includes the traffic separation scheme Off Finisterre and the associated inshore traffic zones adopted by resolution A.767(18), as amended by resolution A.957(23).",2026-09-29,B19
SRC-B19-06,Ministerio de Transportes y Movilidad Sostenible (Revista Tramos; text by Salvamento Maritimo),"Los DST, autopistas del mar","Tramos, February 2025",https://www.transportes.gob.es/recursos_mfom/comodin/recursos/06_los_dst_autopistas_del_mar.pdf,Tier 4,"Current (2025) statement that Salvamento Maritimo controls traffic safety in the Fisterra DST as the VTS function, via the CCS Fisterra, and that mandatory reporting exists at Fisterra",pp. 38-43,"En España, Salvamento Marítimo es el encargado de controlar la seguridad del tráfico marítimo en los DST de Fisterra, Tarifa, cabo de Gata y Canarias oriental y occidental",2026-09-29,B19
SRC-B19-07,Portugal (Diário da República),"Decreto-Lei n.º 263/2009, de 28 de Setembro (VTS costeiros e portuários)","Diário da República, 1.ª série, N.º 188, 28 September 2009 (copy hosted by Marinha)","https://www.marinha.pt/Conteudos_Externos/LexMar2/PGPAT%20100/PGPAT%201000%20-%20Cap%C3%ADtulos/Capitulo%20K%20EST/Dec.%20Lei%20263_2009,%20de%2028Set.pdf",Tier 1,Statutory area of the VTS costeiro do continente (same west/south-west limits as COPREP); CCTMC directs the VTS; CCTMC supervises observance of TSS rules; participation thresholds,"Arts 6, 7, 9, 10(4)","O VTS costeiro do continente presta um serviço de controlo de tráfego marítimo de âmbito nacional, geograficamente delimitado a partir da linha de costa continental",2026-09-29,B19
SRC-B19-08,European Maritime Safety Agency (EMSA) DONA directory,Contact details - Portugal,"Undated web page, accessed 29 September 2026",https://portal.emsa.europa.eu/web/dona/contact-details-portugal,Tier 4,"CCTMC (Paço de Arcos) currently listed under DGRM, operational 24h/7, e-mail oper.vts@dgrm.mm.gov.pt; supports current operation under DGRM (IPTM successor)",Portugal entry: Centro de Controlo de Tráfego Maritimo do Continente - CCTMC,operational 24h/7,2026-09-29,B19
SRC-B19-09,IMO Maritime Safety Committee,Resolution MSC.278(85): Adoption of the new mandatory ship reporting system 'Off the coast of Portugal - COPREP',Adopted 1 December 2008; in force 0000 UTC 1 June 2009,https://wwwcdn.imo.org/localresources/en/KnowledgeCentre/IndexofIMOResolutions/MSCResolutions/MSC.278(85).pdf,Tier 1,"COPREP (VRS-0012) participants, area limits (010 14 W north of 38 41 N; line 38 41 N 010 14 W to 36 30 N 009 35 W), reports to Roca Control; Roca Control described as the VTS centre","Annex paras 1, 2.1, 3.2, 3.4, 4, 5","The shore-based authority for COPREP mandatory ship reporting system, to which these reports should be sent, is ROCA CONTROL (identified in paragraph 7).",2026-09-29,B19
SRC-B19-10,IMO Maritime Safety Committee,Resolution MSC.301(87): Amendments to the existing mandatory ship reporting system in the Western European PSSA (WETREP),Adopted 17 May 2010; in force 1 December 2010,https://wwwcdn.imo.org/localresources/en/KnowledgeCentre/IndexofIMOResolutions/MSCResolutions/MSC.301(87).pdf,Tier 1,WETREP amended to add COPREP and 'Coast of Portugal VTS'; Portuguese WETREP contact is ROCA CONTROL; area co-ordinates not amended,"Annex, items 1-3","2 In paragraph 6.2.6, under Coastal Vessel Traffic Services (VTS), insert: Coast of Portugal VTS",2026-09-29,B19
