tss_id,tss_name,imo_parent_ref,region_code,coastal_state_s,association_status,vts_id,vts_name,vts_authority,vts_centre,vts_sector,vts_boundary_basis,vts_source_id,vts_source_url,mandatory_reporting,vrs_id,reporting_scheme_name,reporting_authority,reporting_boundary_basis,reporting_source_id,reporting_source_url,voluntary_reporting,evidence_summary,source_date,accessed_date,review_status,unresolved_issue,batch_id,recorded_association_status,recorded_review_status,readiness_status,vts_association_state,reporting_association_state,vts_coverage_type,candidate_vts_ids,candidate_source_ids,quality_flags,review_note,audit_path,voluntary_reporting_notes,record_origin,last_integrity_check
TSS-0096,Off Cape S. Vicente,B-II/30,FIC,Portugal,VTS + MRS,VTS-0023,VTS costeiro do continente (Coast of Portugal VTS; call sign Roca Control),DGRM,CCTMC Paço de Arcos,,,,,Yes,VRS-0012,COPREP,Roca Control (CCTMC),,SRC-099,https://wwwcdn.imo.org/localresources/en/KnowledgeCentre/IndexofIMOResolutions/MSCResolutions/MSC.278(85).pdf,No,Same Portuguese coastal VTS/COPREP pair as TSS-0095. Pass 1 coordinate overlay not re-run.,MSC.278(85); B20 pass 1,2026-09-30,pass1-recorded,Confirm TSS-0096 sits inside the COPREP polygon.,B20,VTS + MRS,pass1-recorded,First pass only,First-pass lead,First-pass lead,As recorded; full/partial extent not standardised,,,FIRST_PASS_NOT_AUDITED; OPEN_SOURCE_OR_BOUNDARY_ISSUE; POSITIVE_VTS_EVIDENCE_INCOMPLETE,Storage repaired and evidence consistency checked. Historical source assertions are not a fresh worldwide operational verification.,audits/IMO2025_B20_Audit.md,,data/current/B20_B29_Association_Rows.csv,2026-09-30
TSS-0097,At Banco del Hoyo,B-II/31,FIC,Spain; Portugal (approaches),Unresolved,,,,,,,,,Unresolved,,,,,,,No,Between COPREP east ~008 30 W and GIBREP west ~005 58 W. Do not assign VRS-0012 or VRS-0013 until overlay.,B20 pass 1,2026-09-30,pass1-recorded,Overlay Banco del Hoyo against COPREP and GIBREP limits.,B20,Unresolved,pass1-recorded,First pass only,Not established,Not established,As recorded; full/partial extent not standardised,,,FIRST_PASS_NOT_AUDITED; ASSOCIATION_UNRESOLVED; OPEN_SOURCE_OR_BOUNDARY_ISSUE,Storage repaired and evidence consistency checked. Historical source assertions are not a fresh worldwide operational verification.,audits/IMO2025_B20_Audit.md,,data/current/B20_B29_Association_Rows.csv,2026-09-30
TSS-0098,In the Strait of Gibraltar,B-III/1,MED,Spain; Morocco,MRS only,,,,,,,,,Yes,VRS-0013,GIBREP,Tarifa Traffic / Tangier Traffic,,SRC-083,https://wwwcdn.imo.org/localresources/en/KnowledgeCentre/IndexofIMOResolutions/MSCResolutions/MSC.190(79).pdf,No,GIBREP covers the Strait TSS. No VTS ID minted.,MSC.190(79); B20 pass 1,2026-09-30,pass1-recorded,Stage 2 mint Tarifa/Tangier Traffic?,B20,MRS only,pass1-recorded,First pass only,Not established,First-pass lead,As recorded; full/partial extent not standardised,,,FIRST_PASS_NOT_AUDITED; OPEN_SOURCE_OR_BOUNDARY_ISSUE,Storage repaired and evidence consistency checked. Historical source assertions are not a fresh worldwide operational verification.,audits/IMO2025_B20_Audit.md,,data/current/B20_B29_Association_Rows.csv,2026-09-30
TSS-0099,Off Cabo de Gata,B-III/2,MED,Spain,Unresolved,,,,,,,,,Unresolved,,,,,,,No,SASEMAR lead. Not in Part I. No VTS ID.,B20 pass 1,2026-09-30,pass1-recorded,SASEMAR page naming Cabo de Gata TSS.,B20,Unresolved,pass1-recorded,First pass only,Not established,Not established,As recorded; full/partial extent not standardised,,,FIRST_PASS_NOT_AUDITED; ASSOCIATION_UNRESOLVED; OPEN_SOURCE_OR_BOUNDARY_ISSUE,Storage repaired and evidence consistency checked. Historical source assertions are not a fresh worldwide operational verification.,audits/IMO2025_B20_Audit.md,,data/current/B20_B29_Association_Rows.csv,2026-09-30
TSS-0100,Off Cape Palos,B-III/3,MED,Spain,Unresolved,,,,,,,,,Unresolved,,,,,,,No,Same SASEMAR Mediterranean lead as TSS-0099.,B20 pass 1,2026-09-30,pass1-recorded,SASEMAR page naming Cape Palos TSS.,B20,Unresolved,pass1-recorded,First pass only,Not established,Not established,As recorded; full/partial extent not standardised,,,FIRST_PASS_NOT_AUDITED; ASSOCIATION_UNRESOLVED; OPEN_SOURCE_OR_BOUNDARY_ISSUE,Storage repaired and evidence consistency checked. Historical source assertions are not a fresh worldwide operational verification.,audits/IMO2025_B20_Audit.md,,data/current/B20_B29_Association_Rows.csv,2026-09-30
TSS-0101,Off Cape La Nao,B-III/4,MED,Spain,Unresolved,,,,,,,,,Unresolved,,,,,,,No,SASEMAR CCS Valencia lead. Not in Part I.,B21 pass 1,2026-09-30,pass1-recorded,SASEMAR page naming Cape La Nao TSS.,B21,Unresolved,pass1-recorded,First pass only,Not established,Not established,As recorded; full/partial extent not standardised,,,FIRST_PASS_NOT_AUDITED; ASSOCIATION_UNRESOLVED; OPEN_SOURCE_OR_BOUNDARY_ISSUE,Storage repaired and evidence consistency checked. Historical source assertions are not a fresh worldwide operational verification.,audits/IMO2025_B21_Audit.md,,data/current/B20_B29_Association_Rows.csv,2026-09-30
TSS-0102,In the Corsica Channel,B-III/5,MED,France; Italy,Neither confirmed,,,,,,,,,Unresolved,,,,,,,No,Not BONIFREP (VRS-0014 is Bonifacio only). CROSS Med / Italian VTS are leads only.,B21 pass 1,2026-09-30,pass1-recorded,Do not use VRS-0014.,B21,Neither confirmed,pass1-recorded,First pass only,Not established,Not established,As recorded; full/partial extent not standardised,,,FIRST_PASS_NOT_AUDITED; OPEN_SOURCE_OR_BOUNDARY_ISSUE; NEGATIVE_FINDING_REQUIRES_SCOPE_RECHECK,Storage repaired and evidence consistency checked. Historical source assertions are not a fresh worldwide operational verification.,audits/IMO2025_B21_Audit.md,,data/current/B20_B29_Association_Rows.csv,2026-09-30
TSS-0103,Off Cani Island,B-III/6,MED,Tunisia,Unresolved,,,,,,,,,Unresolved,,,,,,,No,Not in Part I. Tunisian VTS page not opened.,B21 pass 1,2026-09-30,pass1-recorded,Tunisian VTS users page for Cani Island.,B21,Unresolved,pass1-recorded,First pass only,Not established,Not established,As recorded; full/partial extent not standardised,,,FIRST_PASS_NOT_AUDITED; ASSOCIATION_UNRESOLVED; OPEN_SOURCE_OR_BOUNDARY_ISSUE,Storage repaired and evidence consistency checked. Historical source assertions are not a fresh worldwide operational verification.,audits/IMO2025_B21_Audit.md,,data/current/B20_B29_Association_Rows.csv,2026-09-30
TSS-0104,Off Cape Bon,B-III/7,MED,Tunisia,Unresolved,,,,,,,,,Unresolved,,,,,,,No,Not in Part I. Same Tunisian lead as TSS-0103.,B21 pass 1,2026-09-30,pass1-recorded,Tunisian VTS users page for Cape Bon.,B21,Unresolved,pass1-recorded,First pass only,Not established,Not established,As recorded; full/partial extent not standardised,,,FIRST_PASS_NOT_AUDITED; ASSOCIATION_UNRESOLVED; OPEN_SOURCE_OR_BOUNDARY_ISSUE,Storage repaired and evidence consistency checked. Historical source assertions are not a fresh worldwide operational verification.,audits/IMO2025_B21_Audit.md,,data/current/B20_B29_Association_Rows.csv,2026-09-30
TSS-0105,In the Adriatic Sea: in the North Adriatic Sea,B-III/8,MED,Italy; Slovenia; Croatia,MRS only,,,,,,,,,Yes,VRS-0015,ADRIREP (In the Adriatic Sea),ADRIREP shore authorities,,research/TODO.md,https://wwwcdn.imo.org/localresources/en/KnowledgeCentre/IndexofIMOResolutions/MSCResolutions/MSC.139(76).pdf,No,Inside ADRIREP. MSC.139(76) until 30 Nov 2026; MSC.598(111) from 1 Dec 2026 0000 UTC.,MSC.139(76); MSC.598(111),2026-09-30,pass1-recorded,Do not mint a second ADRIREP.,B21,MRS only,pass1-recorded,First pass only,Not established,First-pass lead,As recorded; full/partial extent not standardised,,,FIRST_PASS_NOT_AUDITED; OPEN_SOURCE_OR_BOUNDARY_ISSUE,Storage repaired and evidence consistency checked. Historical source assertions are not a fresh worldwide operational verification.,audits/IMO2025_B21_Audit.md,,data/current/B20_B29_Association_Rows.csv,2026-09-30
TSS-0106,In the Adriatic Sea: approaches to Gulf of Trieste,B-III/9,MED,Italy; Slovenia,MRS only,,,,,,,,,Yes,VRS-0015,ADRIREP (In the Adriatic Sea),,,,,No,Inside ADRIREP. Local port VTS not minted.,B22 pass 1,2026-09-30,pass1-recorded,Trieste VTS vs TSS geometry.,B22,MRS only,pass1-recorded,First pass only,Not established,First-pass lead,As recorded; full/partial extent not standardised,,,FIRST_PASS_NOT_AUDITED; OPEN_SOURCE_OR_BOUNDARY_ISSUE; POSITIVE_REPORTING_EVIDENCE_INCOMPLETE,Storage repaired and evidence consistency checked. Historical source assertions are not a fresh worldwide operational verification.,audits/IMO2025_B22_Audit.md,,data/current/B20_B29_Association_Rows.csv,2026-09-30
TSS-0107,In the Adriatic Sea: approaches to Gulf of Venice,B-III/10,MED,Italy,MRS only,,,,,,,,,Yes,VRS-0015,ADRIREP (In the Adriatic Sea),,,,,No,Inside ADRIREP. Venice VTS is a port lead only.,B22 pass 1,2026-09-30,pass1-recorded,Venice VTS area vs this TSS.,B22,MRS only,pass1-recorded,First pass only,Not established,First-pass lead,As recorded; full/partial extent not standardised,,,FIRST_PASS_NOT_AUDITED; OPEN_SOURCE_OR_BOUNDARY_ISSUE; POSITIVE_REPORTING_EVIDENCE_INCOMPLETE,Storage repaired and evidence consistency checked. Historical source assertions are not a fresh worldwide operational verification.,audits/IMO2025_B22_Audit.md,,data/current/B20_B29_Association_Rows.csv,2026-09-30
TSS-0108,In the Gulf of Trieste,B-III/11,MED,Italy; Slovenia,Unresolved,,,,,,,,,Yes,VRS-0015,ADRIREP (In the Adriatic Sea),,,,,No,ADRIREP applies. Koper VTS manual claims TSS management. No VTS ID minted.,B22 pass 1,2026-09-30,pass1-recorded,Stage 2 mint Koper/Trieste VTS?,B22,Unresolved,pass1-recorded,First pass only,Not established,First-pass lead,As recorded; full/partial extent not standardised,,,FIRST_PASS_NOT_AUDITED; ASSOCIATION_UNRESOLVED; OPEN_SOURCE_OR_BOUNDARY_ISSUE,Storage repaired and evidence consistency checked. Historical source assertions are not a fresh worldwide operational verification.,audits/IMO2025_B22_Audit.md,,data/current/B20_B29_Association_Rows.csv,2026-09-30
TSS-0109,Approaches to/from Koper,B-III/11,MED,Slovenia,Unresolved,,,,,,,,,Yes,VRS-0015,ADRIREP (In the Adriatic Sea),,,,,No,Koper VTS Users Manual: VTS manages the TSS. Strong lead. No ID minted.,B22 pass 1,2026-09-30,pass1-recorded,Mint Koper VTS after polygon check.,B22,Unresolved,pass1-recorded,First pass only,Not established,First-pass lead,As recorded; full/partial extent not standardised,,,FIRST_PASS_NOT_AUDITED; ASSOCIATION_UNRESOLVED; OPEN_SOURCE_OR_BOUNDARY_ISSUE,Storage repaired and evidence consistency checked. Historical source assertions are not a fresh worldwide operational verification.,audits/IMO2025_B22_Audit.md,,data/current/B20_B29_Association_Rows.csv,2026-09-30
TSS-0110,Approaches to/from Monfalcone,B-III/11,MED,Italy,MRS only,,,,,,,,,Yes,VRS-0015,ADRIREP (In the Adriatic Sea),,,,,No,ADRIREP. Not a separate VTS from the Trieste family in pass 1.,B22 pass 1,2026-09-30,pass1-recorded,Monfalcone vs Trieste VTS.,B22,MRS only,pass1-recorded,First pass only,Not established,First-pass lead,As recorded; full/partial extent not standardised,,,FIRST_PASS_NOT_AUDITED; OPEN_SOURCE_OR_BOUNDARY_ISSUE; POSITIVE_REPORTING_EVIDENCE_INCOMPLETE,Storage repaired and evidence consistency checked. Historical source assertions are not a fresh worldwide operational verification.,audits/IMO2025_B22_Audit.md,,data/current/B20_B29_Association_Rows.csv,2026-09-30
TSS-0111,Saronicos Gulf (in the approaches to Piraeus Harbour),B-III/12,MED,Greece,Unresolved,,,,,,,,,Unresolved,,,,,,,No,Piraeus VTS confirmed in HCG/port sources. Not Part I. No VTS ID minted.,B23 pass 1,2026-09-30,pass1-recorded,Mint Piraeus VTS in Stage 2.,B23,Unresolved,pass1-recorded,First pass only,Not established,Not established,As recorded; full/partial extent not standardised,,,FIRST_PASS_NOT_AUDITED; ASSOCIATION_UNRESOLVED; OPEN_SOURCE_OR_BOUNDARY_ISSUE,Storage repaired and evidence consistency checked. Historical source assertions are not a fresh worldwide operational verification.,audits/IMO2025_B23_Audit.md,,data/current/B20_B29_Association_Rows.csv,2026-09-30
TSS-0112,In the approaches to the port of Thessaloniki,B-III/13,MED,Greece,Unresolved,,,,,,,,,Unresolved,,,,,,,No,Thessaloniki VTS planned/limited in pass 1 sources. Not Part I.,B23 pass 1,2026-09-30,pass1-recorded,Current HCG status of Thessaloniki VTS.,B23,Unresolved,pass1-recorded,First pass only,Not established,Not established,As recorded; full/partial extent not standardised,,,FIRST_PASS_NOT_AUDITED; ASSOCIATION_UNRESOLVED; OPEN_SOURCE_OR_BOUNDARY_ISSUE,Storage repaired and evidence consistency checked. Historical source assertions are not a fresh worldwide operational verification.,audits/IMO2025_B23_Audit.md,,data/current/B20_B29_Association_Rows.csv,2026-09-30
TSS-0113,Western approach to Mina Dumyat,B-III/14,MED,Egypt,Unresolved,,,,,,,,,Unresolved,,,,,,,No,Damietta / SCA family lead. Do not split Dumyat into two VTS records.,B23 pass 1,2026-09-30,pass1-recorded,Damietta VTS vs SC-VTMS boundary.,B23,Unresolved,pass1-recorded,First pass only,Not established,Not established,As recorded; full/partial extent not standardised,,,FIRST_PASS_NOT_AUDITED; ASSOCIATION_UNRESOLVED; OPEN_SOURCE_OR_BOUNDARY_ISSUE,Storage repaired and evidence consistency checked. Historical source assertions are not a fresh worldwide operational verification.,audits/IMO2025_B23_Audit.md,,data/current/B20_B29_Association_Rows.csv,2026-09-30
TSS-0114,Eastern approaches to Mina Dumyat,B-III/14,MED,Egypt,Unresolved,,,,,,,,,Unresolved,,,,,,,No,Sibling of TSS-0113. Same Damietta/SCA lead.,B23 pass 1,2026-09-30,pass1-recorded,Same as TSS-0113.,B23,Unresolved,pass1-recorded,First pass only,Not established,Not established,As recorded; full/partial extent not standardised,,,FIRST_PASS_NOT_AUDITED; ASSOCIATION_UNRESOLVED; OPEN_SOURCE_OR_BOUNDARY_ISSUE,Storage repaired and evidence consistency checked. Historical source assertions are not a fresh worldwide operational verification.,audits/IMO2025_B23_Audit.md,,data/current/B20_B29_Association_Rows.csv,2026-09-30
TSS-0115,Western approaches to Bur Said,B-III/14,MED,Egypt,Unresolved,,,,,,,,,Unresolved,,,,,,,No,SCA SC-VTMS / Port Said Harbor Office. Do not merge with GOS VTIMS.,B23 pass 1,2026-09-30,pass1-recorded,SC-VTMS area vs Port Said TSS polygons.,B23,Unresolved,pass1-recorded,First pass only,Not established,Not established,As recorded; full/partial extent not standardised,,,FIRST_PASS_NOT_AUDITED; ASSOCIATION_UNRESOLVED; OPEN_SOURCE_OR_BOUNDARY_ISSUE,Storage repaired and evidence consistency checked. Historical source assertions are not a fresh worldwide operational verification.,audits/IMO2025_B23_Audit.md,,data/current/B20_B29_Association_Rows.csv,2026-09-30
TSS-0116,Eastern approach to Bur Said,B-III/14,MED,Egypt,Unresolved,,,,,,,,,Unresolved,,,,,,,No,Same SCA SC-VTMS as TSS-0115.,B24 pass 1,2026-09-30,pass1-recorded,Do not split Port Said into two VTS identities.,B24,Unresolved,pass1-recorded,First pass only,Not established,Not established,As recorded; full/partial extent not standardised,,,FIRST_PASS_NOT_AUDITED; ASSOCIATION_UNRESOLVED; OPEN_SOURCE_OR_BOUNDARY_ISSUE,Storage repaired and evidence consistency checked. Historical source assertions are not a fresh worldwide operational verification.,audits/IMO2025_B24_Audit.md,,data/current/B20_B29_Association_Rows.csv,2026-09-30
TSS-0117,In the southern approaches to the Kerch Strait,B-III/15,MED,Ukraine; Russian Federation (contested),Unresolved,,,,,,,,,Unresolved,,,,,,,No,Dual claim Rosmorport Kerch Strait VTS vs historical UA Kerch VTS. No VTS ID.,B24 pass 1,2026-09-30,pass1-recorded,Do not assign operator.,B24,Unresolved,pass1-recorded,First pass only,Not established,Not established,As recorded; full/partial extent not standardised,,,FIRST_PASS_NOT_AUDITED; ASSOCIATION_UNRESOLVED; OPEN_SOURCE_OR_BOUNDARY_ISSUE,Storage repaired and evidence consistency checked. Historical source assertions are not a fresh worldwide operational verification.,audits/IMO2025_B24_Audit.md,,data/current/B20_B29_Association_Rows.csv,2026-09-30
TSS-0118,In the area off the south-western coast of the Crimea,B-III/16,MED,Ukraine; Russian Federation (contested),Unresolved,,,,,,,,,Unresolved,,,,,,,No,COLREG.2/Circ.61 includes Sevastopol approaches. Operator contested.,1 Dec 2010; B24 pass 1,2026-09-30,pass1-recorded,Current Sevastopol VTS operator.,B24,Unresolved,pass1-recorded,First pass only,Not established,Not established,As recorded; full/partial extent not standardised,,,FIRST_PASS_NOT_AUDITED; ASSOCIATION_UNRESOLVED; OPEN_SOURCE_OR_BOUNDARY_ISSUE,Storage repaired and evidence consistency checked. Historical source assertions are not a fresh worldwide operational verification.,audits/IMO2025_B24_Audit.md,,data/current/B20_B29_Association_Rows.csv,2026-09-30
TSS-0119,"Approaches to the Chornomorsk, Odesa and Pivdennyi ports",B-III/17,MED,Ukraine,Unresolved,,,,,,,,,Unresolved,,,,,,,No,USPA Delta Pilot Order 655/2007 three zones. One authority family. No VTS ID.,UA Order 655/2007; B24 pass 1,2026-09-30,pass1-recorded,Overlay Order 655/2007 on TSS-0119.,B24,Unresolved,pass1-recorded,First pass only,Not established,Not established,As recorded; full/partial extent not standardised,,,FIRST_PASS_NOT_AUDITED; ASSOCIATION_UNRESOLVED; OPEN_SOURCE_OR_BOUNDARY_ISSUE,Storage repaired and evidence consistency checked. Historical source assertions are not a fresh worldwide operational verification.,audits/IMO2025_B24_Audit.md,,data/current/B20_B29_Association_Rows.csv,2026-09-30
TSS-0120,Strait of Istanbul – North approach,B-III/18,MED,Tuerkiye,Unresolved,,Istanbul VTS Sector Tuerkeli (TSVTS),,,Tuerkeli VHF 11,,,,Unresolved,,,,,,,No,TSVTS covers the TSS. TUBRAP is national not Part I. No VRS/VTS ID minted.,B24 pass 1,2026-09-30,pass1-recorded,Part I 2025 book check for TUBRAP.,B24,Unresolved,pass1-recorded,First pass only,Not established,Not established,As recorded; full/partial extent not standardised,,,FIRST_PASS_NOT_AUDITED; ASSOCIATION_UNRESOLVED; OPEN_SOURCE_OR_BOUNDARY_ISSUE,Storage repaired and evidence consistency checked. Historical source assertions are not a fresh worldwide operational verification.,audits/IMO2025_B24_Audit.md,,data/current/B20_B29_Association_Rows.csv,2026-09-30
TSS-0121,Strait of Istanbul,B-III/19,MED,Tuerkiye,Unresolved,,Istanbul VTS (TSVTS),,,Kandilli / Kadikoey,,,,Unresolved,,,,,,,No,Same TSVTS/TUBRAP family as TSS-0120.,B25 pass 1,2026-09-30,pass1-recorded,One TSVTS identity for TSS-0120 to 0124.,B25,Unresolved,pass1-recorded,First pass only,Not established,Not established,As recorded; full/partial extent not standardised,,,FIRST_PASS_NOT_AUDITED; ASSOCIATION_UNRESOLVED; OPEN_SOURCE_OR_BOUNDARY_ISSUE,Storage repaired and evidence consistency checked. Historical source assertions are not a fresh worldwide operational verification.,audits/IMO2025_B25_Audit.md,,data/current/B20_B29_Association_Rows.csv,2026-09-30
TSS-0122,Strait of Istanbul – South approach and Sea of Marmara,B-III/20,MED,Tuerkiye,Unresolved,,Istanbul VTS Sector Marmara (TSVTS),,,Marmara VHF 14,,,,Unresolved,,,,,,,No,TUBRAP includes Sea of Marmara. Not Part I.,B25 pass 1,2026-09-30,pass1-recorded,Do not invent a Marmara VTS.,B25,Unresolved,pass1-recorded,First pass only,Not established,Not established,As recorded; full/partial extent not standardised,,,FIRST_PASS_NOT_AUDITED; ASSOCIATION_UNRESOLVED; OPEN_SOURCE_OR_BOUNDARY_ISSUE,Storage repaired and evidence consistency checked. Historical source assertions are not a fresh worldwide operational verification.,audits/IMO2025_B25_Audit.md,,data/current/B20_B29_Association_Rows.csv,2026-09-30
TSS-0123,Strait of Çanakkale,B-III/21,MED,Tuerkiye,Unresolved,,Canakkale VTS (TSVTS),,,Gelibolu Ch 11; Nara Ch 12; Kumkale Ch 13,,,,Unresolved,,,,,,,No,Second TSVTS sub-region. Same TUBRAP.,B25 pass 1,2026-09-30,pass1-recorded,Sectors are not extra VTS IDs.,B25,Unresolved,pass1-recorded,First pass only,Not established,Not established,As recorded; full/partial extent not standardised,,,FIRST_PASS_NOT_AUDITED; ASSOCIATION_UNRESOLVED; OPEN_SOURCE_OR_BOUNDARY_ISSUE,Storage repaired and evidence consistency checked. Historical source assertions are not a fresh worldwide operational verification.,audits/IMO2025_B25_Audit.md,,data/current/B20_B29_Association_Rows.csv,2026-09-30
TSS-0124,Strait of Çanakkale – South-west approach,B-III/22,MED,Tuerkiye,Unresolved,,Canakkale VTS Sector Kumkale (TSVTS),,,Kumkale VHF 13,,,,Unresolved,,,,,,,No,Canakkale VTS south limit covers this approach.,B25 pass 1,2026-09-30,pass1-recorded,Same TSVTS family.,B25,Unresolved,pass1-recorded,First pass only,Not established,Not established,As recorded; full/partial extent not standardised,,,FIRST_PASS_NOT_AUDITED; ASSOCIATION_UNRESOLVED; OPEN_SOURCE_OR_BOUNDARY_ISSUE,Storage repaired and evidence consistency checked. Historical source assertions are not a fresh worldwide operational verification.,audits/IMO2025_B25_Audit.md,,data/current/B20_B29_Association_Rows.csv,2026-09-30
TSS-0125,In the Gulf of Suez,B-IV/1,RSA,Egypt,Unresolved,,,,,,,,,Unresolved,,,,,,,No,GOS VTIMS/EAMS distinct from SCA SC-VTMS. Not Part I.,NGA Pub. 172; B25 pass 1,2026-09-30,pass1-recorded,Current EAMS users page.,B25,Unresolved,pass1-recorded,First pass only,Not established,Not established,As recorded; full/partial extent not standardised,,,FIRST_PASS_NOT_AUDITED; ASSOCIATION_UNRESOLVED; OPEN_SOURCE_OR_BOUNDARY_ISSUE,Storage repaired and evidence consistency checked. Historical source assertions are not a fresh worldwide operational verification.,audits/IMO2025_B25_Audit.md,,data/current/B20_B29_Association_Rows.csv,2026-09-30
TSS-0126,In the entrance to the Gulf of Aqaba,B-IV/2,RSA,Egypt; Saudi Arabia; Jordan; Israel,Unresolved,,VTS Gulf of Aqaba (Tiran station),,,,,,,Unresolved,,,,,,,No,Tiran TSS. Aqaba VTS (Jordan) is a different northern port service.,B26 pass 1,2026-09-30,pass1-recorded,Do not merge with Aqaba port VTS.,B26,Unresolved,pass1-recorded,First pass only,Not established,Not established,As recorded; full/partial extent not standardised,,,FIRST_PASS_NOT_AUDITED; ASSOCIATION_UNRESOLVED; OPEN_SOURCE_OR_BOUNDARY_ISSUE,Storage repaired and evidence consistency checked. Historical source assertions are not a fresh worldwide operational verification.,audits/IMO2025_B26_Audit.md,,data/current/B20_B29_Association_Rows.csv,2026-09-30
TSS-0127,Near the deep-water route leading to Jazan Economic City Port,B-IV/3,RSA,Saudi Arabia,Unresolved,,,,,,,,,Unresolved,,,,,,,No,v0.2 gap. Aramco Jul 2025 IMO-approved channel. Port Control lead only.,Aramco Jul 2025; B26 pass 1,2026-09-30,pass1-recorded,Mawani/Jazan users page vs TSS-0127.,B26,Unresolved,pass1-recorded,First pass only,Not established,Not established,As recorded; full/partial extent not standardised,,,FIRST_PASS_NOT_AUDITED; ASSOCIATION_UNRESOLVED; OPEN_SOURCE_OR_BOUNDARY_ISSUE,Storage repaired and evidence consistency checked. Historical source assertions are not a fresh worldwide operational verification.,audits/IMO2025_B26_Audit.md,,data/current/B20_B29_Association_Rows.csv,2026-09-30
TSS-0128,In the southern Red Sea – west and south of Hanish al Kubra,B-IV/4,RSA,Yemen; Eritrea,Neither confirmed,,,,,,,,,Unresolved,,,,,,,Yes,IMO TSS inside MSTC. No coastal VTS found. Do not mint VRS for UKMTO.,B26 pass 1,2026-09-30,pass1-recorded,UKMTO is not Part I.,B26,Neither confirmed,pass1-recorded,First pass only,Not established,Not established,As recorded; full/partial extent not standardised,,,FIRST_PASS_NOT_AUDITED; OPEN_SOURCE_OR_BOUNDARY_ISSUE; NEGATIVE_FINDING_REQUIRES_SCOPE_RECHECK,Storage repaired and evidence consistency checked. Historical source assertions are not a fresh worldwide operational verification.,audits/IMO2025_B26_Audit.md,Yes: UKMTO/MSTC security (not Part I),data/current/B20_B29_Association_Rows.csv,2026-09-30
TSS-0129,In the southern Red Sea – east of Jabal Zuqar Island,B-IV/5,RSA,Yemen,Neither confirmed,,,,,,,,,Unresolved,,,,,,,Yes,Same cluster as TSS-0128. No separate VTS.,B26 pass 1,2026-09-30,pass1-recorded,Same MSTC overlay.,B26,Neither confirmed,pass1-recorded,First pass only,Not established,Not established,As recorded; full/partial extent not standardised,,,FIRST_PASS_NOT_AUDITED; OPEN_SOURCE_OR_BOUNDARY_ISSUE; NEGATIVE_FINDING_REQUIRES_SCOPE_RECHECK,Storage repaired and evidence consistency checked. Historical source assertions are not a fresh worldwide operational verification.,audits/IMO2025_B26_Audit.md,Yes: UKMTO/MSTC security (not Part I),data/current/B20_B29_Association_Rows.csv,2026-09-30
TSS-0130,In the Strait of Bab el Mandeb,B-IV/6,RSA,Yemen; Djibouti; Eritrea,Neither confirmed,,,,,,,,,Unresolved,,,,,,,Yes,MSTC includes this TSS. No coastal VTS page opened.,MARAD 2026-013; B26 pass 1,2026-09-30,pass1-recorded,Security risk is not a VTS ID.,B26,Neither confirmed,pass1-recorded,First pass only,Not established,Not established,As recorded; full/partial extent not standardised,,,FIRST_PASS_NOT_AUDITED; OPEN_SOURCE_OR_BOUNDARY_ISSUE; NEGATIVE_FINDING_REQUIRES_SCOPE_RECHECK,Storage repaired and evidence consistency checked. Historical source assertions are not a fresh worldwide operational verification.,audits/IMO2025_B26_Audit.md,Yes: UKMTO/NCAGS security (not Part I),data/current/B20_B29_Association_Rows.csv,2026-09-30
TSS-0131,Off Ras al Hadd,B-IV/7,RSA,Oman,Unresolved,,,,,,,,,Unresolved,,,,,,,No,IMO TSS with ITZ. No Omani VTS page names this TSS.,NGA; B27 pass 1,2026-09-30,pass1-recorded,ASYAD/RNO VTS list vs Ras al Hadd.,B27,Unresolved,pass1-recorded,First pass only,Not established,Not established,As recorded; full/partial extent not standardised,,,FIRST_PASS_NOT_AUDITED; ASSOCIATION_UNRESOLVED; OPEN_SOURCE_OR_BOUNDARY_ISSUE,Storage repaired and evidence consistency checked. Historical source assertions are not a fresh worldwide operational verification.,audits/IMO2025_B27_Audit.md,,data/current/B20_B29_Association_Rows.csv,2026-09-30
TSS-0132,Off Ra’s al Kuh,B-IV/8,RSA,Iran (Islamic Republic of),Unresolved,,,,,,,,,Unresolved,,,,,,,No,Iranian port-bound report to Bandar Abbas at the cape. Not all-traffic Part I.,NGA Pub. 172; B27 pass 1,2026-09-30,pass1-recorded,Port Control is not a Hormuz VTS ID.,B27,Unresolved,pass1-recorded,First pass only,Not established,Not established,As recorded; full/partial extent not standardised,,,FIRST_PASS_NOT_AUDITED; ASSOCIATION_UNRESOLVED; OPEN_SOURCE_OR_BOUNDARY_ISSUE,Storage repaired and evidence consistency checked. Historical source assertions are not a fresh worldwide operational verification.,audits/IMO2025_B27_Audit.md,,data/current/B20_B29_Association_Rows.csv,2026-09-30
TSS-0133,In the Strait of Hormuz,B-IV/9,RSA,Oman; Iran (Islamic Republic of),Neither confirmed,,,,,,,,,Unresolved,,,,,,,Yes,No Part I Hormuz SRS. No named VTS on the international TSS.,B27 pass 1,2026-09-30,pass1-recorded,Bandar Abbas VTS area vs Hormuz lanes.,B27,Neither confirmed,pass1-recorded,First pass only,Not established,Not established,As recorded; full/partial extent not standardised,,,FIRST_PASS_NOT_AUDITED; OPEN_SOURCE_OR_BOUNDARY_ISSUE; NEGATIVE_FINDING_REQUIRES_SCOPE_RECHECK,Storage repaired and evidence consistency checked. Historical source assertions are not a fresh worldwide operational verification.,audits/IMO2025_B27_Audit.md,Yes: UKMTO/JMIC/NCAGS security (not Part I),data/current/B20_B29_Association_Rows.csv,2026-09-30
TSS-0134,Tunb–Farur,B-IV/10,RSA,Iran (Islamic Republic of) (island sovereignty contested),Unresolved,,,,,,,,,Unresolved,,,,,,,No,IMO TSS. Same Bandar Abbas lead. Dispute is not a second TSS.,B27 pass 1,2026-09-30,pass1-recorded,Enforcement vs scheme identity.,B27,Unresolved,pass1-recorded,First pass only,Not established,Not established,As recorded; full/partial extent not standardised,,,FIRST_PASS_NOT_AUDITED; ASSOCIATION_UNRESOLVED; OPEN_SOURCE_OR_BOUNDARY_ISSUE,Storage repaired and evidence consistency checked. Historical source assertions are not a fresh worldwide operational verification.,audits/IMO2025_B27_Audit.md,,data/current/B20_B29_Association_Rows.csv,2026-09-30
TSS-0135,Between Zaqqum and Umm Shaif,B-IV/11,RSA,United Arab Emirates,Unresolved,,Das VTIS (ADNOC PPA),,Das VTIS,Zaqqum In/Out reporting points,,,,Unresolved,,,,,,,No,Das VTIS procedure names the Zaqqum TSS. Field VTIS not Part I. No VTS ID minted.,ADNOC 2020; NGA Pub. 172; B27 pass 1,2026-09-30,pass1-recorded,Stage 2 mint decision for Das VTIS.,B27,Unresolved,pass1-recorded,First pass only,Not established,Not established,As recorded; full/partial extent not standardised,,,FIRST_PASS_NOT_AUDITED; ASSOCIATION_UNRESOLVED; OPEN_SOURCE_OR_BOUNDARY_ISSUE,Storage repaired and evidence consistency checked. Historical source assertions are not a fresh worldwide operational verification.,audits/IMO2025_B27_Audit.md,,data/current/B20_B29_Association_Rows.csv,2026-09-30
TSS-0136,In the approaches to Ras Tanura and Ju’aymah,B-IV/12,RSA,Saudi Arabia,Unresolved,,Ras Tanura VTMS,Saudi Aramco Port Operations,Ras Tanura Port Control,VHF 10 then 13,,,,Unresolved,,,,,,,No,Aramco Jul 2025 mandatory VTMS in Port of Ras Tanura. Not Part I. No VTS ID minted.,Aramco Jul 2025; B28 pass 1,2026-09-30,pass1-recorded,VTMS area vs full IMO approaches polygon.,B28,Unresolved,pass1-recorded,First pass only,Not established,Not established,As recorded; full/partial extent not standardised,,,FIRST_PASS_NOT_AUDITED; ASSOCIATION_UNRESOLVED; OPEN_SOURCE_OR_BOUNDARY_ISSUE,Storage repaired and evidence consistency checked. Historical source assertions are not a fresh worldwide operational verification.,audits/IMO2025_B28_Audit.md,,data/current/B20_B29_Association_Rows.csv,2026-09-30
TSS-0137,Marjan/Zuluf,B-IV/13,RSA,Saudi Arabia,Unresolved,,,,,,,,,Unresolved,,,,,,,No,Field MTCC for Aramco work vessels. Through-traffic VTS not proven.,Aramco MIPD 2025; B28 pass 1,2026-09-30,pass1-recorded,Must passing traffic call the field MTCC?,B28,Unresolved,pass1-recorded,First pass only,Not established,Not established,As recorded; full/partial extent not standardised,,,FIRST_PASS_NOT_AUDITED; ASSOCIATION_UNRESOLVED; OPEN_SOURCE_OR_BOUNDARY_ISSUE,Storage repaired and evidence consistency checked. Historical source assertions are not a fresh worldwide operational verification.,audits/IMO2025_B28_Audit.md,,data/current/B20_B29_Association_Rows.csv,2026-09-30
TSS-0138,Approaches to the port of Ra’s al Khafji,B-IV/14,RSA,Saudi Arabia,Unresolved,,,,,,,,,Unresolved,,,,,,,No,COLREG.2/Circ.54 scheme. Terminal VHF 16 only.,COLREG.2/Circ.54; B28 pass 1,2026-09-30,pass1-recorded,Named VTS page not opened.,B28,Unresolved,pass1-recorded,First pass only,Not established,Not established,As recorded; full/partial extent not standardised,,,FIRST_PASS_NOT_AUDITED; ASSOCIATION_UNRESOLVED; OPEN_SOURCE_OR_BOUNDARY_ISSUE,Storage repaired and evidence consistency checked. Historical source assertions are not a fresh worldwide operational verification.,audits/IMO2025_B28_Audit.md,,data/current/B20_B29_Association_Rows.csv,2026-09-30
TSS-0139,Off Mina Al-Ahmadi – North scheme I,B-IV/15,RSA,Kuwait,Unresolved,,,,Mina al Ahmadi control tower,VHF 69,,,,Unresolved,,,,,,,No,Port/security permission. Not confirmed named VTS.,NGA Pub. 172; B28 pass 1,2026-09-30,pass1-recorded,KOTC VTS manual if any.,B28,Unresolved,pass1-recorded,First pass only,Not established,Not established,As recorded; full/partial extent not standardised,,,FIRST_PASS_NOT_AUDITED; ASSOCIATION_UNRESOLVED; OPEN_SOURCE_OR_BOUNDARY_ISSUE,Storage repaired and evidence consistency checked. Historical source assertions are not a fresh worldwide operational verification.,audits/IMO2025_B28_Audit.md,,data/current/B20_B29_Association_Rows.csv,2026-09-30
TSS-0140,Off Mina Al-Ahmadi – North scheme II,B-IV/15,RSA,Kuwait,Unresolved,,,,Mina al Ahmadi control tower,,,,,Unresolved,,,,,,,No,Same tower as TSS-0139. One control family.,B28 pass 1,2026-09-30,pass1-recorded,Do not invent a second Kuwait VTS.,B28,Unresolved,pass1-recorded,First pass only,Not established,Not established,As recorded; full/partial extent not standardised,,,FIRST_PASS_NOT_AUDITED; ASSOCIATION_UNRESOLVED; OPEN_SOURCE_OR_BOUNDARY_ISSUE,Storage repaired and evidence consistency checked. Historical source assertions are not a fresh worldwide operational verification.,audits/IMO2025_B28_Audit.md,,data/current/B20_B29_Association_Rows.csv,2026-09-30
TSS-0141,Off Mina Al-Ahmadi – South scheme,B-IV/15,RSA,Kuwait,Unresolved,,,,Mina al Ahmadi control tower,,,,,Unresolved,,,,,,,No,Third B-IV/15 child. Same tower.,B29 pass 1,2026-09-30,pass1-recorded,One parent three TSS one control family.,B29,Unresolved,pass1-recorded,First pass only,Not established,Not established,As recorded; full/partial extent not standardised,,,FIRST_PASS_NOT_AUDITED; ASSOCIATION_UNRESOLVED; OPEN_SOURCE_OR_BOUNDARY_ISSUE,Storage repaired and evidence consistency checked. Historical source assertions are not a fresh worldwide operational verification.,audits/IMO2025_B29_Audit.md,,data/current/B20_B29_Association_Rows.csv,2026-09-30
TSS-0142,Off Dondra Head,B-IV/16,IOS,Sri Lanka,Neither confirmed,,,,,,,,,Unresolved,,,,,,,No,IMO TSS since 1980. Colombo/Hambantota are port VTS only.,MEPC 80/16/3; B29 pass 1,2026-09-30,pass1-recorded,No Sri Lankan coastal VTS claims this TSS.,B29,Neither confirmed,pass1-recorded,First pass only,Not established,Not established,As recorded; full/partial extent not standardised,,,FIRST_PASS_NOT_AUDITED; OPEN_SOURCE_OR_BOUNDARY_ISSUE; NEGATIVE_FINDING_REQUIRES_SCOPE_RECHECK,Storage repaired and evidence consistency checked. Historical source assertions are not a fresh worldwide operational verification.,audits/IMO2025_B29_Audit.md,,data/current/B20_B29_Association_Rows.csv,2026-09-30
TSS-0143,Off Alphard Banks 34 miles south of Cape Infanta,B-IV/17,SAF,South Africa,Unresolved,,,,,,,,,Unresolved,,,,,,,No,SANHO/NGA offshore laden-tanker system off Alphard Bank. Distinct from inshore VTS. Not Part I.,SANHO NM 18; NGA Pub. 160; B29 pass 1,2026-09-30,pass1-recorded,Current SANHO page for Alphard offshore system.,B29,Unresolved,pass1-recorded,First pass only,Not established,Not established,As recorded; full/partial extent not standardised,,,FIRST_PASS_NOT_AUDITED; ASSOCIATION_UNRESOLVED; OPEN_SOURCE_OR_BOUNDARY_ISSUE,Storage repaired and evidence consistency checked. Historical source assertions are not a fresh worldwide operational verification.,audits/IMO2025_B29_Audit.md,,data/current/B20_B29_Association_Rows.csv,2026-09-30
TSS-0144,Off the FA platform 47 miles south of Mossel Bay,B-IV/18,SAF,South Africa,Neither confirmed,,,,,,,,,Unresolved,,,,,,,No,Mossel Bay VTS ~20 NM inshore. FA platform TSS ~47 M south.,SANHO Mossel Bay VTS appendix; B29 pass 1,2026-09-30,pass1-recorded,Do not merge with Mossel Bay VTS.,B29,Neither confirmed,pass1-recorded,First pass only,Not established,Not established,As recorded; full/partial extent not standardised,,,FIRST_PASS_NOT_AUDITED; OPEN_SOURCE_OR_BOUNDARY_ISSUE; NEGATIVE_FINDING_REQUIRES_SCOPE_RECHECK,Storage repaired and evidence consistency checked. Historical source assertions are not a fresh worldwide operational verification.,audits/IMO2025_B29_Audit.md,,data/current/B20_B29_Association_Rows.csv,2026-09-30
TSS-0145,At One Fathom Bank,B-V/1,MSI,Malaysia,VTS + MRS,VTS-0004,Klang VTS,Malaysia (Marine Department Malaysia per lead),Klang VTS Port Klang,STRAITREP sectors 1-5,,,,Yes,VRS-0016,STRAITREP (IMO Part I I-I/16),Klang VTS sectors 1-5 (Indonesia/Malaysia/Singapore),,SRC-101; SRC-049,https://wwwcdn.imo.org/localresources/en/KnowledgeCentre/IndexofIMOResolutions/MSCResolutions/MSC.73(69).pdf,No,Reuse VTS-0004 and VRS-0016 already used on B30. Do not mint.,MSC.73(69); B29/B30,2026-09-30,pass1-recorded,Align sector chartlet with B30 Stage 2 density.,B29,VTS + MRS,pass1-recorded,First pass only,First-pass lead,First-pass lead,As recorded; full/partial extent not standardised,,,FIRST_PASS_NOT_AUDITED; OPEN_SOURCE_OR_BOUNDARY_ISSUE; POSITIVE_VTS_EVIDENCE_INCOMPLETE,Storage repaired and evidence consistency checked. Historical source assertions are not a fresh worldwide operational verification.,audits/IMO2025_B29_Audit.md,,data/current/B20_B29_Association_Rows.csv,2026-09-30
