batch_id,records,first_pass_only,follow_up_records,status
B01,5,0,3,Reviewed records; 3 require follow-up
B02,5,0,3,Reviewed records; 3 require follow-up
B03,5,0,4,Reviewed records; 4 require follow-up
B04,5,0,3,Reviewed records; 3 require follow-up
B05,5,0,3,Reviewed records; 3 require follow-up
B06,5,0,3,Reviewed records; 3 require follow-up
B07,5,0,3,Reviewed records; 3 require follow-up
B08,5,0,1,Reviewed records; 1 require follow-up
B09,5,0,3,Reviewed records; 3 require follow-up
B10,5,0,5,Reviewed records; 5 require follow-up
B11,5,0,5,Reviewed records; 5 require follow-up
B12,5,0,4,"Rechecked: 3 positive VTS links, 2 unresolved; 4 follow-up records"
B13,5,0,5,Reviewed records; 5 require follow-up
B14,5,0,5,Reviewed records; 5 require follow-up
B15,5,0,5,Reviewed records; 5 require follow-up
B16,5,0,5,Reviewed records; 5 require follow-up
B17,5,0,5,Reviewed records; 5 require follow-up
B18,5,0,5,Reviewed records; 5 require follow-up
B19,5,0,5,Reviewed records; 5 require follow-up
B20,5,5,5,First pass only
B21,5,5,5,First pass only
B22,5,5,5,First pass only
B23,5,5,5,First pass only
B24,5,5,5,First pass only
B25,5,5,5,First pass only
B26,5,5,5,First pass only
B27,5,5,5,First pass only
B28,5,5,5,First pass only
B29,5,5,5,First pass only
B30,5,0,3,Reviewed records; 3 require follow-up
B31,5,0,4,Reviewed records; 4 require follow-up
B32,5,0,5,Reviewed records; 5 require follow-up
B33,5,0,5,Reviewed records; 5 require follow-up
B34,5,0,0,Association review recorded; publication checks pending
B35,5,0,4,Reviewed records; 4 require follow-up
B36,5,0,5,Reviewed records; 5 require follow-up
B37,5,0,5,Reviewed records; 5 require follow-up
B38,5,0,5,Reviewed records; 5 require follow-up
B39,5,0,5,Reviewed records; 5 require follow-up
B40,5,0,4,Reviewed records; 4 require follow-up
B41,5,0,5,Reviewed records; 5 require follow-up
B42,5,0,5,Reviewed records; 5 require follow-up
B43,5,0,5,Reviewed records; 5 require follow-up
B44,5,0,5,Reviewed records; 5 require follow-up
B45,4,0,4,Reviewed records; 4 require follow-up
