service_id,service_name,entity_kind,centre,linked_tss_count,linked_tss_ids,candidate_tss_ids,open_link_reviews,counting_basis,guide_entry_status
VTS-0001,Channel VTS,VTS service or area (as recorded; hierarchy not fully reconciled),Dover MRCC and CROSS Gris-Nez,1,TSS-0038,,0,Recorded project decisions; not a count of distinct statutory VTS areas,"Not final: shared centre, sector and multi-TSS grouping require editorial decision"
VTS-0002,Great Belt VTS,VTS service or area (as recorded; hierarchy not fully reconciled),Naval Base Korsør,2,TSS-0026; TSS-0027,,0,Recorded project decisions; not a count of distinct statutory VTS areas,"Not final: shared centre, sector and multi-TSS grouping require editorial decision"
VTS-0003,Sound VTS,VTS service or area (as recorded; hierarchy not fully reconciled),Sound VTS Malmö,3,TSS-0021; TSS-0022; TSS-0032,,0,Recorded project decisions; not a count of distinct statutory VTS areas,"Not final: shared centre, sector and multi-TSS grouping require editorial decision"
VTS-0004,Klang VTS,VTS service or area (as recorded; hierarchy not fully reconciled),"Klang VTS, Port Klang",4,TSS-0145; TSS-0146; TSS-0147; TSS-0148,,4,Recorded project decisions; not a count of distinct statutory VTS areas,"Not final: shared centre, sector and multi-TSS grouping require editorial decision"
VTS-0005,Johor VTS,VTS service or area (as recorded; hierarchy not fully reconciled),Johor VTS (location not stated in sources opened),1,TSS-0148,,1,Recorded project decisions; not a count of distinct statutory VTS areas,"Not final: shared centre, sector and multi-TSS grouping require editorial decision"
VTS-0006,Singapore VTS,VTS service or area (as recorded; hierarchy not fully reconciled),"MPA VTIS (call signs VTIS West, VTIS Central, VTIS East)",5,TSS-0148; TSS-0149; TSS-0150; TSS-0151; TSS-0152,,2,Recorded project decisions; not a count of distinct statutory VTS areas,"Not final: shared centre, sector and multi-TSS grouping require editorial decision"
VTS-0009,Vessel Traffic Service Prince William Sound,VTS service or area (as recorded; hierarchy not fully reconciled),Valdez Traffic,1,TSS-0162,,1,Recorded project decisions; not a count of distinct statutory VTS areas,"Not final: shared centre, sector and multi-TSS grouping require editorial decision"
VTS-0010,Vessel Traffic Service Puget Sound,VTS service or area (as recorded; hierarchy not fully reconciled),"Puget Sound Vessel Traffic Center, Pier 36, Seattle (call sign Seattle Traffic)",7,TSS-0165; TSS-0166; TSS-0167; TSS-0168; TSS-0169; TSS-0170; TSS-0171,,1,Recorded project decisions; not a count of distinct statutory VTS areas,"Not final: shared centre, sector and multi-TSS grouping require editorial decision"
VTS-0011,Vessel Traffic Service San Francisco,VTS service or area (as recorded; hierarchy not fully reconciled),"Vessel Traffic Center, Yerba Buena Island (call sign San Francisco Traffic)",1,TSS-0172,,1,Recorded project decisions; not a count of distinct statutory VTS areas,"Not final: shared centre, sector and multi-TSS grouping require editorial decision"
VTS-0012,Vessel Traffic Service Los Angeles-Long Beach,VTS service or area (as recorded; hierarchy not fully reconciled),"Vessel Traffic Center, San Pedro (call sign San Pedro Traffic); inside-breakwater zones advised by 'Los Angeles Pilots' and 'Long Beach Pilots'",2,TSS-0173; TSS-0174,,2,Recorded project decisions; not a count of distinct statutory VTS areas,"Not final: shared centre, sector and multi-TSS grouping require editorial decision"
VTS-0013,VTS Houston-Galveston,VTS service or area (as recorded; hierarchy not fully reconciled),"Sector Houston-Galveston, southeast Houston",1,TSS-0204,,1,Recorded project decisions; not a count of distinct statutory VTS areas,"Not final: shared centre, sector and multi-TSS grouping require editorial decision"
VTS-0014,VTS New York,VTS service or area (as recorded; hierarchy not fully reconciled),"Fort Wadsworth, Staten Island",1,TSS-0200,,1,Recorded project decisions; not a count of distinct statutory VTS areas,"Not final: shared centre, sector and multi-TSS grouping require editorial decision"
VTS-0015,VTS Zatoka Gdańska,VTS service or area (as recorded; hierarchy not fully reconciled),VTS Zatoka Gdańska Centre,2,TSS-0017; TSS-0018,,0,Recorded project decisions; not a count of distinct statutory VTS areas,"Not final: shared centre, sector and multi-TSS grouping require editorial decision"
VTS-0016,Saint Petersburg VTS / regional VTS for the eastern Gulf of Finland,VTS service or area (as recorded; hierarchy not fully reconciled),Peterhof VTS Centre,3,TSS-0001; TSS-0002; TSS-0003,,3,Recorded project decisions; not a count of distinct statutory VTS areas,"Not final: shared centre, sector and multi-TSS grouping require editorial decision"
VTS-0017,VTS Ławica Słupska / VTS Slupska Bank,VTS service or area (as recorded; hierarchy not fully reconciled),VTS Ławica Słupska,1,TSS-0019,,1,Recorded project decisions; not a count of distinct statutory VTS areas,"Not final: shared centre, sector and multi-TSS grouping require editorial decision"
VTS-0018,Sassnitz Traffic,VTS sector/service; centre grouping requires editorial review,VTS Centre Warnemünde,1,TSS-0020,,1,Recorded project decisions; not a count of distinct statutory VTS areas,"Not final: shared centre, sector and multi-TSS grouping require editorial decision"
VTS-0019,Stralsund Traffic,VTS sector/service; centre grouping requires editorial review,VTS Centre Warnemünde,1,TSS-0023,,1,Recorded project decisions; not a count of distinct statutory VTS areas,"Not final: shared centre, sector and multi-TSS grouping require editorial decision"
VTS-0020,Kadetrenden Traffic,VTS sector/service; centre grouping requires editorial review,VTS Centre Warnemünde,1,TSS-0024,,1,Recorded project decisions; not a count of distinct statutory VTS areas,"Not final: shared centre, sector and multi-TSS grouping require editorial decision"
VTS-0021,Kiel Traffic,VTS sector/service; centre grouping requires editorial review,VTS Centre Travemünde,1,TSS-0025,,1,Recorded project decisions; not a count of distinct statutory VTS areas,"Not final: shared centre, sector and multi-TSS grouping require editorial decision"
VTS-0022,Finisterre VTS (call sign 'Finisterre Traffic'),VTS service or area (as recorded; hierarchy not fully reconciled),"Centro de Coordinación de Salvamento (CCS) Finisterre, Monte Enxa",1,TSS-0094,,1,Recorded project decisions; not a count of distinct statutory VTS areas,"Not final: shared centre, sector and multi-TSS grouping require editorial decision"
VTS-0023,VTS costeiro do continente (Coast of Portugal VTS; call sign 'Roca Control'),VTS service or area (as recorded; hierarchy not fully reconciled),"Centro de Controlo de Tráfego Marítimo do Continente (CCTMC), Paço de Arcos",2,TSS-0095; TSS-0096,,2,Recorded project decisions; not a count of distinct statutory VTS areas,"Not final: shared centre, sector and multi-TSS grouping require editorial decision"
VTS-0024,Rotterdam VTS,VTS service or area (as recorded; hierarchy not fully reconciled),Traffic Center Hook of Holland (Verkeerscentrale Hoek van Holland) and Traffic Center Botlek,5,TSS-0048; TSS-0049; TSS-0050; TSS-0051; TSS-0052,,5,Recorded project decisions; not a count of distinct statutory VTS areas,"Not final: shared centre, sector and multi-TSS grouping require editorial decision"
VTS-0025,VTS North Sea Canal Area (Noordzeekanaalgebied),VTS service or area (as recorded; hierarchy not fully reconciled),not named in source,3,TSS-0055; TSS-0056; TSS-0057,,3,Recorded project decisions; not a count of distinct statutory VTS areas,"Not final: shared centre, sector and multi-TSS grouping require editorial decision"
VTS-0026,German Bight Traffic,VTS service or area (as recorded; hierarchy not fully reconciled),Verkehrszentrale Wilhelmshaven,4,TSS-0061; TSS-0062; TSS-0063; TSS-0064,,4,Recorded project decisions; not a count of distinct statutory VTS areas,"Not final: shared centre, sector and multi-TSS grouping require editorial decision"
VTS-0027,VTS Humber,VTS service or area (as recorded; hierarchy not fully reconciled),"Humber Marine Control Centre, Grimsby",1,TSS-0065,,1,Recorded project decisions; not a count of distinct statutory VTS areas,"Not final: shared centre, sector and multi-TSS grouping require editorial decision"
VTS-0028,Hong Kong Vessel Traffic Service,VTS service or area (as recorded; hierarchy not fully reconciled),Vessel Traffic Centre,3,TSS-0155; TSS-0156; TSS-0157,,3,Recorded project decisions; not a count of distinct statutory VTS areas,"Not final: shared centre, sector and multi-TSS grouping require editorial decision"
VTS-0029,Victoria VTS Zone,VTS service or area (as recorded; hierarchy not fully reconciled),"MCTS Victoria, Patricia Bay, B.C. (call sign Victoria Traffic)",3,TSS-0167; TSS-0170; TSS-0171,,0,Recorded project decisions; not a count of distinct statutory VTS areas,"Not final: shared centre, sector and multi-TSS grouping require editorial decision"
VTS-0030,Prince Rupert VTS Zone (Prince Rupert Traffic),VTS service or area (as recorded; hierarchy not fully reconciled),MCTS Prince Rupert,3,TSS-0163; TSS-0164; TSS-0165,,3,Recorded project decisions; not a count of distinct statutory VTS areas,"Not final: shared centre, sector and multi-TSS grouping require editorial decision"
VTS-0031,VTS Arica,VTS service or area (as recorded; hierarchy not fully reconciled),Arica (Arica Radio CBA2),1,TSS-0187,,1,Recorded project decisions; not a count of distinct statutory VTS areas,"Not final: shared centre, sector and multi-TSS grouping require editorial decision"
VTS-0032,VTS Iquique,VTS service or area (as recorded; hierarchy not fully reconciled),Iquique (Iquique Capuerto Radio),1,TSS-0188,,1,Recorded project decisions; not a count of distinct statutory VTS areas,"Not final: shared centre, sector and multi-TSS grouping require editorial decision"
VTS-0033,VTS Quintero,VTS service or area (as recorded; hierarchy not fully reconciled),Quintero Radio (CBV21),1,TSS-0190,,1,Recorded project decisions; not a count of distinct statutory VTS areas,"Not final: shared centre, sector and multi-TSS grouping require editorial decision"
VTS-0034,VTS Valparaíso,VTS service or area (as recorded; hierarchy not fully reconciled),Valparaíso city centre (Valparaíso Capuerto Radio CBV20),1,TSS-0191,,1,Recorded project decisions; not a count of distinct statutory VTS areas,"Not final: shared centre, sector and multi-TSS grouping require editorial decision"
VTS-0035,Strait of Canso and Eastern Approaches VTS Zone (Canso Traffic),VTS service or area (as recorded; hierarchy not fully reconciled),"Canso Traffic (VCO), MCTS Sydney",1,TSS-0195,,1,Recorded project decisions; not a count of distinct statutory VTS areas,"Not final: shared centre, sector and multi-TSS grouping require editorial decision"
VTS-0036,Chengshan Jiao VTS Centre,VTS service or area (as recorded; hierarchy not fully reconciled),"Chengshan Jiao VTS Centre, 37°23'.65N 122°42'.12E; VHF 08 (secondary 09 or 65)",4,TSS-0219; TSS-0220; TSS-0221; TSS-0222,,4,Recorded project decisions; not a count of distinct statutory VTS areas,"Not final: shared centre, sector and multi-TSS grouping require editorial decision"
VTS-0037,Fundy Traffic (Bay of Fundy VTS Zone),VTS service or area (as recorded; hierarchy not fully reconciled),Halifax MCTS Centre,1,TSS-0196,,0,Recorded project decisions; not a count of distinct statutory VTS areas,"Not final: shared centre, sector and multi-TSS grouping require editorial decision"
VTS-0038,Centro de Control de Tráfico Marítimo de Veracruz (CCTMVER),Official port traffic centre,Veracruz port administration building,1,TSS-0205,,1,Recorded project decisions; not a count of distinct statutory VTS areas,"Not final: shared centre, sector and multi-TSS grouping require editorial decision"
VTS-0039,NOR VTS (Vardø VTS centre),Monitoring/information service from a VTS centre,Vardø,19,TSS-0066; TSS-0067; TSS-0068; TSS-0069; TSS-0070; TSS-0071; TSS-0072; TSS-0073; TSS-0074; TSS-0075; TSS-0076; TSS-0077; TSS-0078; TSS-0079; TSS-0080; TSS-0081; TSS-0082; TSS-0083; TSS-0084,,19,Recorded project decisions; not a count of distinct statutory VTS areas,"Not final: shared centre, sector and multi-TSS grouping require editorial decision"
VTS-0040,Ouessant Traffic / CROSS Corsen coastal VTS,VTS service or area (as recorded; hierarchy not fully reconciled),CROSS Corsen,1,TSS-0036,,0,Recorded project decisions; not a count of distinct statutory VTS areas,"Not final: shared centre, sector and multi-TSS grouping require editorial decision"
VTS-0041,Jobourg Traffic / CROSS Jobourg VTS,VTS service or area (as recorded; hierarchy not fully reconciled),CROSS Jobourg,1,TSS-0037,,0,Recorded project decisions; not a count of distinct statutory VTS areas,"Not final: shared centre, sector and multi-TSS grouping require editorial decision"
VTS-0042,Sunk VTS,VTS service or area (as recorded; hierarchy not fully reconciled),CNIS Dover,3,TSS-0040; TSS-0041; TSS-0042,,0,Recorded project decisions; not a count of distinct statutory VTS areas,"Not final: shared centre, sector and multi-TSS grouping require editorial decision"
VTS-0043,Åland Sea Traffic,Monitoring/information service from a VTS centre,Western Finland Vessel Traffic Centre,1,TSS-0012,,0,Project decision 1,"Not final: shared centre, sector and multi-TSS grouping require editorial decision"
VTS-0044,VTS Off Texel,Designated VTS area,Verkeerscentrale Den Helder,3,TSS-0058; TSS-0059; TSS-0060,,2,Current authority service description,"Not final: shared centre, sector and multi-TSS grouping require editorial decision"
VTS-0045,Helsinki Traffic (GOFREP monitoring),Monitoring/information service from a VTS centre,Gulf of Finland Vessel Traffic Centre,4,TSS-0004; TSS-0005; TSS-0006; TSS-0007,,0,Project decision 1,"Not final: shared centre, sector and multi-TSS grouping require editorial decision"
VTS-0200,Tarifa Traffic,VTS service or area (Stage 2 identity check),CCS Tarifa,1,TSS-0098,,1,Stage 2 association review; not a count of distinct statutory VTS areas,"Not final: shared centre, sector and multi-TSS grouping require editorial decision"
VTS-0201,Tangier Traffic (Tangier VTS),VTS service or area (Stage 2 identity check),CSTM Tanger,1,TSS-0098,,1,Stage 2 association review; not a count of distinct statutory VTS areas,"Not final: shared centre, sector and multi-TSS grouping require editorial decision"
VTS-0202,Salvamento Marítimo traffic service for the Cabo de Gata DST,VTS service or area (Stage 2 identity check),CCS Almería,1,TSS-0099,,1,Stage 2 association review; not a count of distinct statutory VTS areas,"Not final: shared centre, sector and multi-TSS grouping require editorial decision"
VTS-0203,VTS Croatia,VTS service or area (Stage 2 identity check),"Rijeka, Split, Dubrovnik (per MSC.598(111) appendix)",3,TSS-0105; TSS-0106; TSS-0108,,3,Stage 2 association review; not a count of distinct statutory VTS areas,"Not final: shared centre, sector and multi-TSS grouping require editorial decision"
VTS-0204,Koper VTS,VTS service or area (Stage 2 identity check),Koper VTS,2,TSS-0108; TSS-0109,,1,Stage 2 association review; not a count of distinct statutory VTS areas,"Not final: shared centre, sector and multi-TSS grouping require editorial decision"
VTS-0205,VTS Trieste,VTS service or area (Stage 2 identity check),Centro VTS di Trieste,2,TSS-0108; TSS-0110,,2,Stage 2 association review; not a count of distinct statutory VTS areas,"Not final: shared centre, sector and multi-TSS grouping require editorial decision"
VTS-0206,Türk Boğazları Gemi Trafik Hizmetleri (TBGTH) / Turkish Straits Vessel Traffic Service (TSVTS),VTS service or area (Stage 2 identity check),İstanbul VTS Centre (İstinye); Çanakkale VTS Centre (Akbaş),5,TSS-0120; TSS-0121; TSS-0122; TSS-0123; TSS-0124,,5,Stage 2 association review; not a count of distinct statutory VTS areas,"Not final: shared centre, sector and multi-TSS grouping require editorial decision"
VTS-0207,Gulf of Suez Vessel Traffic Information Management System (GOS VTIMS),VTS service or area (Stage 2 identity check),"VTS stations El-Adabiya, Ras Ghareb, Safaga, Sharm El-Sheikh (as named by EAMS)",2,TSS-0125; TSS-0126,,2,Stage 2 association review; not a count of distinct statutory VTS areas,"Not final: shared centre, sector and multi-TSS grouping require editorial decision"
VTS-0208,Das VTIS (Ruwais / Das Vessel Traffic Information Service; PPA-VTIS),VTS service or area (Stage 2 identity check),"Das Port Control Room, Das Island (call sign 'Das VTIS', VHF 23; VHF 16 emergencies). Companion Ruwais VTIS (Jebel Dhanna/Ruwais, VHF 21) is a separate sector of the same PPA-VTIS.",1,TSS-0135,,1,Stage 2 association review; not a count of distinct statutory VTS areas,"Not final: shared centre, sector and multi-TSS grouping require editorial decision"
VTS-0209,Ras Tanura Vessel Traffic Management System (Ras Tanura VTMS),VTS service or area (Stage 2 identity check),"Ras Tanura Port Control (Ras Tanura Port Control Center), VHF 10/13/16",1,TSS-0136,,1,Stage 2 association review; not a count of distinct statutory VTS areas,"Not final: shared centre, sector and multi-TSS grouping require editorial decision"
VTS-0210,Kerch Strait VTS (Kavkaz-Traffic),Core VTS,"VTS centre in seaport Kavkaz; VTS sub-centre in Kerch (Crimea, disputed); radar engineering posts incl. Tuzla, Taman, Eni-Kale and Kerch-krepost (per Rosmorport)",1,TSS-0117,,1,FC-A final-count fact-check; project decision 6,"Not final: shared centre, sector and multi-TSS grouping require editorial decision"
VTS-0211,"Delta-Lotsman VTS, north-western Black Sea (Chornomorsk Traffic-control)",Core VTS,"TsRRS Chornomorsk (VTS centre); PRRS Odesa (Mytna Square 1-G, Odesa) and PRRS Pivdennyi (VTS posts); coordination by the OKTs at TsRRS Mykolaiv",1,TSS-0119,,1,FC-A final-count fact-check,"Not final: shared centre, sector and multi-TSS grouping require editorial decision"
VTS-0212,"Icelandic Coast Guard Maritime Traffic Service (Vaktstöð siglinga, MTS Reykjavík)",Supplemental monitoring/information service (not a formal VTS),"Icelandic Coast Guard operations centre / JRCC Iceland, Reykjavík",0,,,0,FC-A final-count fact-check,"Not final: shared centre, sector and multi-TSS grouping require editorial decision"
VTS-0213,"CROSS Méditerranée / Corsica Channel sémaphores (Cap Corse, Sagro)",Supplemental monitoring/information service (not a formal VTS),"CROSS Méditerranée, La Garde (sub-centre CROSS Med en Corse, Aspretto, Ajaccio); sémaphores of Cap Corse and Sagro",0,,,0,FC-A final-count fact-check,"Not final: shared centre, sector and multi-TSS grouping require editorial decision"
VTS-0214,Sweden Traffic (TSS monitoring),Monitoring/information service from a VTS centre,"Sjötrafikcentral Stockholm (Värtahamnen), the SMA centre that also houses VTS for the east-coast VTS areas (SMA web, Feb 2026); Ufs A (2026) places Sweden Traffic and the east-coast VTS centre at Södertälje",9,TSS-0008; TSS-0009; TSS-0011; TSS-0013; TSS-0014; TSS-0015; TSS-0016; TSS-0030; TSS-0031,,9,Decision 7 double-check; decision 1,"Not final: shared centre, sector and multi-TSS grouping require editorial decision"
VTS-0215,VTS Scheldt (Scheldt area VTS; Flemish Scheepvaartbegeleiding / Gemeenschappelijk Nautisch Beheer),VTS service or area (decision 7 double-check),"Traffic centres Wandelaar, Zeebrugge, Steenbank, Flushing, Terneuzen, Hansweert, Zandvliet (locations not confirmed in sources opened)",1,TSS-0039,,1,Decision 7 double-check,"Not final: shared centre, sector and multi-TSS grouping require editorial decision"
VTS-0216,Liverpool VTS (Mersey VTS),VTS service or area (decision 7 double-check),"MDHC Port Control Centre, Seaforth (per FC-A; not reverified)",1,TSS-0089,,1,Decision 7 double-check,"Not final: shared centre, sector and multi-TSS grouping require editorial decision"
VTS-0217,Irish Coast Guard traffic monitoring of the Tuskar and Fastnet TSS,Supplemental monitoring/information service (not a formal VTS),"IRCG marine rescue centres: MRCC Dublin, MRSC Malin Head, MRSC Valentia (responsible centre per TSS not stated in sources opened)",0,,,0,Decision 7 double-check,"Not final: shared centre, sector and multi-TSS grouping require editorial decision"
VTS-0218,Salvamento Marítimo CCS Cartagena maritime traffic service (Cartagena port STM with Cabo de Palos DST watch),VTS service or area (decision 7 double-check),CCS Cartagena,1,TSS-0100,,1,Decision 7 double-check,"Not final: shared centre, sector and multi-TSS grouping require editorial decision"
VTS-0219,Salvamento Marítimo traffic service for the Canarias Oriental DST (CCS Las Palmas),VTS service or area (decision 7 double-check),CCS Las Palmas,1,TSS-0223,,1,Decision 7 double-check,"Not final: shared centre, sector and multi-TSS grouping require editorial decision"
VTS-0220,Salvamento Marítimo traffic service for the Canarias Occidental DST (CCS Tenerife),VTS service or area (decision 7 double-check),CCS Tenerife,1,TSS-0224,,1,Decision 7 double-check,"Not final: shared centre, sector and multi-TSS grouping require editorial decision"
VTS-0221,VTS Piraeus (Κέντρο VTS Πειραιά),VTS service or area (decision 7 double-check),"VTS Piraeus centre, Central Port Authority of Piraeus",1,TSS-0111,,1,Decision 7 double-check,"Not final: shared centre, sector and multi-TSS grouping require editorial decision"
VTS-0222,"Suez Canal Vessel Traffic Management System (SC-VTMS), Port Said approaches",VTS service or area (decision 7 double-check),SCA Port Said port management control centre; Ismailia main management control office,2,TSS-0115; TSS-0116,,2,Decision 7 double-check,"Not final: shared centre, sector and multi-TSS grouping require editorial decision"
VTS-0223,"Sevastopol VTS (СУДС Севастополь), recorded as the Russian Federation's claim",VTS service or area (decision 7 double-check),VTS centre Sevastopol; radar post Cape Fiolent,1,TSS-0118,,1,Decision 7 double-check; decision 6,"Not final: shared centre, sector and multi-TSS grouping require editorial decision"
VTS-0224,Merak VTS,VTS service or area (decision 7 double-check),"VTS Merak, Merak, Banten",1,TSS-0153,,1,Decision 7 double-check,"Not final: shared centre, sector and multi-TSS grouping require editorial decision"
VTS-0225,Benoa VTS,VTS service or area (decision 7 double-check),"VTS Benoa, Benoa, Bali (the same system also runs a Lembar VTS sector for Lembar port)",1,TSS-0154,,1,Decision 7 double-check,"Not final: shared centre, sector and multi-TSS grouping require editorial decision"
VTS-0226,Guangzhou VTS (Pearl River Estuary VTS),VTS service or area (decision 7 double-check),Guangzhou MSA Vessel Traffic Management Centre; 'Dangan' monitoring station (trial from 2026-04-08),1,TSS-0157,,1,Decision 7 double-check,"Not final: shared centre, sector and multi-TSS grouping require editorial decision"
VTS-0227,"VTS Callao (Servicio de Control del Tráfico Marítimo del Callao, TRAMAR)",VTS service or area (decision 7 double-check),Centro de Control de Tráfico Marítimo del puerto del Callao,1,TSS-0183,,1,Decision 7 double-check,"Not final: shared centre, sector and multi-TSS grouping require editorial decision"
VTS-0228,"Panama Canal Authority Marine Traffic Control / Panama Canal VTMS, Cristobal and Flamenco Signal Stations (replaces the Atlantic-only D8 entry; not a second service)",Supplemental monitoring/information service (not a formal VTS),Cristobal Signal Station (Atlantic entrance) and Flamenco Signal Station (Pacific entrance),0,,,0,Decision 7 double-check,"Not final: shared centre, sector and multi-TSS grouping require editorial decision"
VTS-0300,Nakhodka VTS (Peter the Great Gulf Regional VTS — Sectors 1B and 2),VTS service or area (Stage 2 / FC-B identity),Nakhodka VTS (call sign Nakhodka-Traffic),2,TSS-0217; TSS-0218,,2,FC-B VTS-presence validation 2026-09-30; one new service after dedup,"Not final: shared centre, sector and multi-TSS grouping require editorial decision"
