vts_id,rationalised_name,region_code,region_name,service_type,rationalisation_action,current_recorded_name,authority_or_jurisdiction,centre,area_label,service_status,evidence_status,guide_entry_status,notes
VTS-0001,Channel VTS,BIS,British Isles and southern North Sea,Core VTS,KEEP,Channel VTS,UK Maritime and Coastguard Agency; French authorities,Dover MRCC and CROSS Gris-Nez,Dover Strait / Pas-de-Calais,Operational H24,Current MCA guidance confirms 24-hour joint Channel VTS operation across the Dover Strait TSS,Core candidate,Dover Strait joint VTS
VTS-0002,Great Belt VTS,BAL,Baltic Sea and approaches,Core VTS,KEEP,Great Belt VTS,Denmark / Royal Danish Navy,Naval Base Korsør,Great Belt and Hatter Barn area,Operational H24,Current operator pages and IMO MSC.332(90) confirm service and operational area,Core candidate,BELTREP service
VTS-0003,Sound VTS,BAL,Baltic Sea and approaches,Core VTS,KEEP,Sound VTS,Swedish Maritime Administration; Royal Danish Navy,Sound VTS Malmö,The Sound / Øresund,Operational H24,Legacy VTS-003 normalised to v1.0 canonical ID; current Swedish and Danish authority pages confirm operation,Core candidate,SOUNDREP service
VTS-0004,Klang VTS,MSI,"Malacca, Singapore and Indonesia",Core VTS,KEEP,Klang VTS,Malaysia (Marine Department Malaysia per lead source U-S13; STRAITREP VTS authority per IMO),"Klang VTS, Port Klang","STRAITREP Sectors 1-5, from 100°40'E south-eastwards to the Sector 5/6 boundary (graphical only, Appendix 1 chartlet)",Operational (see evidence),"Named as current Sector 1-5 authority on MPA pages updated 28 Sep 2026 (U-S3, U-S4); Aug 2025 news of Marine Department VTS command centre at Port Klang (lead)",Core candidate,STRAITREP sectors 1-5
VTS-0005,Johor VTS,MSI,"Malacca, Singapore and Indonesia",Core VTS,KEEP,Johor VTS,Malaysia (Marine Department Malaysia per lead source only),Johor VTS (location not stated in sources opened),"STRAITREP Sector 6, from the Sector 5/6 boundary to the Tg Piai - Pulau Karimun Kecil line",Operational (see evidence),Named as current Sector 6 authority on MPA pages updated 28 Sep 2026,Core candidate,STRAITREP sector 6
VTS-0006,Singapore VTIS,MSI,"Malacca, Singapore and Indonesia",Core VTS/VTIS,NORMALISE_NAME,Singapore VTS,"Maritime and Port Authority of Singapore (Vessel Traffic Information System, VTIS)","MPA VTIS (call signs VTIS West, VTIS Central, VTIS East)",STRAITREP Sectors 7-9 in the Singapore Strait,Operational (see evidence),MPA pages updated 28 Sep 2026,Core candidate,STRAITREP sectors 7-9
VTS-0009,Prince William Sound VTS,NPC,North America Pacific coast,Core VTS,NORMALISE_NAME,Vessel Traffic Service Prince William Sound,US Coast Guard,Valdez Traffic,"US navigable waters north of the Cape Hinchinbrook Light-Schooner Rock Light line between 146°30'W and 147°20'W, incl. Valdez Arm, Valdez Narrows and Port Valdez; VMRS area south to 60°00'N",Operational (see evidence),33 CFR 161.60 current at 2026-09-01; NAVCEN lists the VTC,Core candidate,USCG service
VTS-0010,Puget Sound VTS,NPC,North America Pacific coast,Core VTS,NORMALISE_NAME,Vessel Traffic Service Puget Sound,United States Coast Guard,"Puget Sound Vessel Traffic Center, Pier 36, Seattle (call sign Seattle Traffic)","33 CFR 161.55: US navigable waters of the Salish Sea from Cape Flattery/Tatoosh Island west to the US territorial sea boundary, then along the US/Canada boundary to 49°00.1'N 122°45.3'W. Participates in the US/Canadian Cooperative Vessel Traffic Service (CVTS) for the Juan de Fuca Region. Includes the Eastern San Juan Island Archipelago VTS Special Area.",Operational (see evidence),NAVCEN VTS locations page (accessed 2026-09-29); VTS PS User's Manual 2024; RAMN 2026 s.3.5.4.2,Core candidate,USCG service; cooperative Juan de Fuca traffic service
VTS-0011,San Francisco VTS,NPC,North America Pacific coast,Core VTS,NORMALISE_NAME,Vessel Traffic Service San Francisco,United States Coast Guard,"Vessel Traffic Center, Yerba Buena Island (call sign San Francisco Traffic)","33 CFR 161.50: San Francisco Bay Region, seaward approaches within 38 nm of Mount Tamalpais, and tributaries to Stockton and Sacramento",Operational (see evidence),NAVCEN page (accessed 2026-09-29); VTS SF User Manual updated 1 Apr 2025. Also operates the voluntary OVMRS.,Core candidate,USCG service
VTS-0012,Los Angeles–Long Beach VTS,NPC,North America Pacific coast,Core VTS,NORMALISE_NAME,Vessel Traffic Service Los Angeles-Long Beach,"United States Coast Guard and Marine Exchange of Southern California (joint), with the State of California and the Ports of Los Angeles and Long Beach","Vessel Traffic Center, San Pedro (call sign San Pedro Traffic); inside-breakwater zones advised by 'Los Angeles Pilots' and 'Long Beach Pilots'",25 nm seaward of Point Fermin Light (33°42.3'N 118°17.6'W) to berth or anchorage. Listed in 33 CFR 161.12 Table 1 as a Vessel Movement Reporting System area (no separate s.161.xx VTS-area section).,Operational (see evidence),NAVCEN page (accessed 2026-09-29; operating since March 1994); VTS LA-LB User Manual rev. 1 Apr 2021; LA/LB HSP Ch. I Rev. 2026,Core candidate,Joint USCG/Marine Exchange service
VTS-0013,Houston–Galveston VTS,CGP,"Caribbean, Gulf of Mexico and Panama",Core VTS,NORMALISE_NAME,VTS Houston-Galveston,"US Coast Guard, Sector Houston-Galveston","Sector Houston-Galveston, southeast Houston","33 CFR 161.35 waterways incl. Galveston Bay Entrance and Outer Bar Channels; monitoring area navigable waters 29°00'N-29°49'N, 94°20'W-95°20'W",Operational (see evidence),NAVCEN VTS Locations; User Manual 2025,Core candidate,USCG service
VTS-0014,New York VTS,NAC,North America Atlantic coast,Core VTS,NORMALISE_NAME,VTS New York,"US Coast Guard, Sector New York","Fort Wadsworth, Staten Island",33 CFR 161.25; seaward limit Breezy Point to Ambrose/Swash/Sandy Hook Channel entrance buoys to Sandy Hook Point,Operational (see evidence),NAVCEN VTS Locations; User Manual rev. Jan 2023,Core candidate,USCG service
VTS-0015,VTS Zatoka Gdańska,BAL,Baltic Sea and approaches,Core VTS,KEEP,VTS Zatoka Gdańska,Maritime Office in Gdynia,VTS Zatoka Gdańska Centre,Gulf of Gdańsk / GDANREP area,Operational H24,Current operator page explicitly defines VTS area and TSS EAST/WEST coverage,Core candidate,Polish Gulf of Gdańsk service
VTS-0016,Saint Petersburg VTS,BAL,Baltic Sea and approaches,Core VTS,NORMALISE_NAME,Saint Petersburg VTS / regional VTS for the eastern Gulf of Finland,FSUE Rosmorport North-Western Basin Branch,Peterhof VTS Centre,Eastern Gulf of Finland Russian territorial waters,Operational H24,Current operator page and current UKHO navigational publication confirm area and operation,Core candidate,Eastern Gulf of Finland Russian service
VTS-0017,VTS Ławica Słupska (Słupska Bank),BAL,Baltic Sea and approaches,Core VTS,NORMALISE_NAME,VTS Ławica Słupska / VTS Slupska Bank,Maritime Office in Gdynia,VTS Ławica Słupska,TSS Ławica Słupska area,Operational H24,Current operator page states that the VTS service supervises vessel traffic in the Słupska Bank TSS area,Core candidate,Polish Słupska Bank service
VTS-0018,Sassnitz Traffic,BAL,Baltic Sea and approaches,Operational VTS sector,KEEP_AS_SECTOR,Sassnitz Traffic,German Federal Waterways and Shipping Administration,VTS Centre Warnemünde,Waters around Rügen / Sassnitz Traffic service area,Operational,Current BSH VTS Guide maps the service area; BSH operational notice explicitly references VTS Warnemünde/Sassnitz Traffic for TSS Adlergrund,Core candidate,VTS Centre Warnemünde
VTS-0019,Stralsund Traffic,BAL,Baltic Sea and approaches,Operational VTS sector,KEEP_AS_SECTOR,Stralsund Traffic,German Federal Waterways and Shipping Administration,VTS Centre Warnemünde,Rügen waters from Darß toward Cape Arkona,Operational,Current BSH VTS overview supports current service area; TSS North of Rügen lies in the sector west of Cape Arkona,Core candidate,VTS Centre Warnemünde
VTS-0020,Kadetrenden Traffic,BAL,Baltic Sea and approaches,Operational VTS sector,KEEP_AS_SECTOR,Kadetrenden Traffic,German Federal Waterways and Shipping Administration,VTS Centre Warnemünde,Kadetrenden / TSS South of Gedser corridor,Operational,Current BSH overview plus current official Danish routeing guide establish the operational corridor,Core candidate,VTS Centre Warnemünde
VTS-0021,Kiel Traffic,BAL,Baltic Sea and approaches,Operational VTS sector,KEEP_AS_SECTOR,Kiel Traffic,German Federal Waterways and Shipping Administration,VTS Centre Travemünde,Kieler Förde entrance and Kiel,Operational,Current German traffic regulations require Kiel Traffic reports at Kiel Lighthouse; current BSH overview confirms Kiel Traffic service area,Core candidate,VTS Centre Travemünde
VTS-0022,Finisterre Traffic (Finisterre VTS),FIC,"France, Iberia and Canary Islands",Core VTS,NORMALISE_NAME,Finisterre VTS (call sign 'Finisterre Traffic'),"Sociedad de Salvamento y Seguridad Marítima (SASEMAR, Salvamento Marítimo), Ministerio de Transportes y Movilidad Sostenible","Centro de Coordinación de Salvamento (CCS) Finisterre, Monte Enxa",,Operational (see evidence),,Core candidate,Official call sign retained
VTS-0023,Roca Control (Coast of Portugal VTS),FIC,"France, Iberia and Canary Islands",Core VTS,NORMALISE_NAME,VTS costeiro do continente (Coast of Portugal VTS; call sign 'Roca Control'),"Direção-Geral de Recursos Naturais, Segurança e Serviços Marítimos (DGRM); statute names IPTM, I.P. (predecessor)","Centro de Controlo de Tráfego Marítimo do Continente (CCTMC), Paço de Arcos",,Operational (see evidence),,Core candidate,National coastal VTS
VTS-0024,Rotterdam VTS,BIS,British Isles and southern North Sea,Core VTS,KEEP,Rotterdam VTS,"Havenmeester van Rotterdam (Port of Rotterdam Authority, Division Harbour Master), also Rijkshavenmeester regio Rotterdam-Rijnmond, VTS authority",Traffic Center Hook of Holland (Verkeerscentrale Hoek van Holland) and Traffic Center Botlek,"Extending 38 nm seawards of the port entrance to 2 nm east of the Van Brienenoord Bridge and 4 nm east of the Spijkenisse Bridge (PIG 2026); charted sectors in Bijlage 2 of the 2026 procedure. Statutory approach area (STZ Bijlage 1(f)) is smaller: the Maas Centre area bounded by buoys MN3, MN2, MNW2, MNW3-MW4, MW5.",Operational (see evidence),"Procedure v2.0 in force 20 Feb 2026 (Stcrt. 2026, 8272); PIG January 2026; H24",Core candidate,Southern North Sea/Rotterdam approaches
VTS-0025,North Sea Canal Area VTS,NSC,North Sea continental coast,Core VTS,NORMALISE_NAME,VTS North Sea Canal Area (Noordzeekanaalgebied),Directeur Centraal Nautisch Beheer Noordzeekanaalgebied,not named in source,"Territorial sea within 12 nm of the IJmuiden breakwater heads incl. anchorages 6-8 and the extended IJ-geul, plus IJmuiden outer harbour, locks, North Sea Canal and side canals",Operational (see evidence),Regulation v2.0 in force 30 Sep 2025,Core candidate,Noordzeekanaalgebied / IJmuiden
VTS-0026,German Bight Traffic,NSC,North Sea continental coast,Operational VTS sector,KEEP_AS_SECTOR,German Bight Traffic,Wasserstraßen- und Schifffahrtsverwaltung des Bundes (GDWS; WSA Weser-Jade-Nordsee),Verkehrszentrale Wilhelmshaven,"Statutory Inner German Bight = area covered by German Bight Traffic VHF 80, shown on AnlBV Anhang chart (BGBl. I 2005 p. 2297): boundary about 007°18'E north of the TSS, running WSW to cross TSS Terschelling-German Bight at about 006°16'-006°22'E, plus territorial-sea portion; ELWIS: sea area between Ems and Elbe.",Operational (see evidence),Listed by GDWS/ELWIS as an operating VTS sector with telephone and channels; WSA states 24-hour manned operation; VTS under SOLAS V/12; named in current AnlBV Nr. 3.1 as reporting authority.,Core candidate,VTS Centre Wilhelmshaven
VTS-0027,Humber VTS,BIS,British Isles and southern North Sea,Core VTS,NORMALISE_NAME,VTS Humber,"Associated British Ports, Humber Estuary Services","Humber Marine Control Centre, Grimsby","Seaward limit Easington Church 086° to 53°40'N 000°30'E, 180° to 53°30'N 000°30'E, 262° to Donna Nook; inland to Skelton (Ouse) and Keadby (Trent).",Operational (see evidence),"Published VTS description: compulsory, 24-hour, radar at Spurn, Stone Creek and Hull; IALA coding VTS/X/T123457/TOS/INS.",Core candidate,Humber Estuary
VTS-0028,Hong Kong VTS,CSC,China Sea and China,Core VTS,NORMALISE_NAME,Hong Kong Vessel Traffic Service,"Marine Department, HKSAR Government",Vessel Traffic Centre,All navigable waters of Hong Kong used by sea-going vessels and ferries,Operational (see evidence),Pamphlet Apr 2025; sector chart Sep 2025; guide Mar 2026,Core candidate,Hong Kong Vessel Traffic Service
VTS-0029,Victoria Traffic (Victoria VTS Zone),NPC,North America Pacific coast,Core VTS,NORMALISE_NAME,Victoria VTS Zone,"Canadian Coast Guard, Marine Communications and Traffic Services (under Transport Canada's Vessel Traffic Services Zones Regulations SOR/2025-275)","MCTS Victoria, Patricia Bay, B.C. (call sign Victoria Traffic)","SOR/2025-275 Schedule 1 item 1: waters inside Vancouver Island from Cape Sutil/Cape Caution south to the International Boundary through Strait of Georgia, Boundary Pass, Haro Strait and Juan de Fuca Strait to 124°40'W. Part of the CVTS for the Juan de Fuca Region south of 49°N.",Operational (see evidence),"RAMN 2026 Part 3 (v8, 2026-09-25) ss.3.5.3.1 and 3.5.4.3; SOR/2025-275 current to 2026-09-21",Core candidate,Canadian MCTS VTS zone
VTS-0030,Prince Rupert Traffic (Prince Rupert VTS Zone),NPC,North America Pacific coast,Core VTS,NORMALISE_NAME,Prince Rupert VTS Zone (Prince Rupert Traffic),"Canadian Coast Guard, MCTS Prince Rupert; zone defined by Transport Canada",MCTS Prince Rupert,"SOR/2025-275 Sch.1 item 2: from Dixon Entrance south along the coast and Vancouver Island west coast to 48°34'58""N 124°40'W, south to the border at 48°28'36""N 124°40'W, seaward limit the Canadian territorial sea",Operational (see evidence),SOR/2025-275; RAMN 2026,Core candidate,Canadian MCTS VTS zone
VTS-0031,Arica VTS,CAP,Central and South America Pacific coast,Core VTS,NORMALISE_NAME,VTS Arica,"DIRECTEMAR, Capitanía de Puerto de Arica",Arica (Arica Radio CBA2),"Port limits of Arica and outward to the boundary in the NGA 'VTS Arica' diagram (Peru border south along the coast, offshore to about 071°W)",Operational (see evidence),NGA Pub. 125 (updated to 27 Aug 2026): operates 24 hours,Core candidate,Chile
VTS-0032,Iquique VTS,CAP,Central and South America Pacific coast,Core VTS,NORMALISE_NAME,VTS Iquique,"DIRECTEMAR, Capitanía de Puerto de Iquique",Iquique (Iquique Capuerto Radio),Port limits of Iquique and outward to the boundary in the NGA 'VTS Iquique' diagram,Operational (see evidence),NGA Pub. 125: operates 24 hours; vtsiquique@directemar.cl,Core candidate,Chile
VTS-0033,Quintero VTS,CAP,Central and South America Pacific coast,Core VTS,NORMALISE_NAME,VTS Quintero,"DIRECTEMAR, Capitanía de Puerto de Quintero",Quintero Radio (CBV21),"Bahía Quintero incl. Puerto Ventanas and the polygon 32°25'57""S 71°25'38""W to 33°01'05""S 71°38'21""W (six points)",Operational (see evidence),NGA Pub. 125: operates 24 hours; sctmquintero@directemar.cl,Core candidate,Chile
VTS-0034,Valparaíso VTS,CAP,Central and South America Pacific coast,Core VTS,NORMALISE_NAME,VTS Valparaíso,"DIRECTEMAR, Capitanía de Puerto de Valparaíso",Valparaíso city centre (Valparaíso Capuerto Radio CBV20),"Harbour limits east of Ra La Baja (Punta Ángeles)-Punta Gruesa and outward to the diagram boundary (Punta Curaumilla to north of Bahía Quintero, to about 072°W)",Operational (see evidence),NGA Pub. 125: operates 24 hours,Core candidate,Chile
VTS-0035,Canso Traffic (Strait of Canso and Eastern Approaches VTS Zone),NAC,North America Atlantic coast,Core VTS,NORMALISE_NAME,Strait of Canso and Eastern Approaches VTS Zone (Canso Traffic),Canadian Coast Guard MCTS; zone in SOR/2025-275,"Canso Traffic (VCO), MCTS Sydney","Waters south of the Canso Canal north lock gate, east to about 060°29'.6 W, SE along the territorial sea limit to 45°18'.33 N 060°35'.06 W, west to Cape Canso",Operational (see evidence),"Statutory zone (SOR/2025-275, current to 21 Sep 2026); RAMN 2026 s.3.7.3.5; NGA Pub. 145: 24 h operation, VHF 14",Core candidate,Canadian MCTS VTS zone
VTS-0036,Chengshan Jiao VTS,CSC,China Sea and China,VTS/reporting centre; area identity review required,REVIEW,Chengshan Jiao VTS Centre,Weihai Maritime Safety Administration (China MSA),"Chengshan Jiao VTS Centre, 37°23'.65N 122°42'.12E; VHF 08 (secondary 09 or 65)",Operates the IMO mandatory SRS 'Off Chengshan Jiao Promontory' (VRS-0022) over a 24 nm circle around the Centre; no separate national VTS area description located,Operational (see evidence),"MSC.389(94) paras 4.1, 7.1-7.2: radar, VHF, information service, continuous 24-hour watch (in force since 1 June 2015)",Review required,Operates Chengshan Jiao reporting area; final area title check required
VTS-0037,Fundy Traffic (Bay of Fundy VTS Zone),NAC,North America Atlantic coast,Core VTS,NORMALISE_NAME,Fundy Traffic (Bay of Fundy VTS Zone),Canadian Coast Guard MCTS; zone under SOR/2025-275,Halifax MCTS Centre,"Bay of Fundy Local Eastern VTS Zone, Chebogue Point to Canada/US boundary including Fishing Zone 2 (SOR/2025-275 Sch. 3 item 7)",Operational (see evidence),RAMN 2026 Part 3: monitors by radar and AIS; H24 Halifax MCTS,Core candidate,Canadian MCTS VTS zone
VTS-0038,Veracruz Maritime Traffic Control Centre (CCTMVER),CGP,"Caribbean, Gulf of Mexico and Panama",Port traffic-control service,SUPPLEMENTAL,Centro de Control de Tráfico Marítimo de Veracruz (CCTMVER),ASIPONA Veracruz (auxiliary to Capitanía de Puerto),Veracruz port administration building,"Box 19°02.2'N-19°19.0'N, coast to 095°46.6'W incl. TSS, precautionary areas, ATBA, anchorage",Operational (see evidence),"ASIPONA pages (site 2026): radar X/S band, AIS, VHF 10/16",Supplemental,VTS-like port traffic control; retain separately from confirmed VTS
VTS-0039,NOR VTS (Vardø monitoring service),NOI,Norway and Iceland,Monitoring/information service,SUPPLEMENTAL,NOR VTS (Vardø VTS centre),Norwegian Coastal Administration (Kystverket),Vardø,,Operational (see evidence),,Supplemental,Norwegian offshore TSS monitoring from Vardø
VTS-0040,Ouessant Traffic,FIC,"France, Iberia and Canary Islands",Core VTS,NORMALISE_NAME,Ouessant Traffic / CROSS Corsen coastal VTS,French State / CROSS Corsen,CROSS Corsen,Ouessant TSS and surrounding coastal VTS area,Operational,Current 2024 activity report published in 2026 explicitly defines the coastal VTS mission in the Ouessant TSS,Core candidate,CROSS Corsen coastal VTS
VTS-0041,Jobourg Traffic,BIS,British Isles and southern North Sea,Core VTS,NORMALISE_NAME,Jobourg Traffic / CROSS Jobourg VTS,French State / CROSS Jobourg,CROSS Jobourg,Casquets TSS and adjacent coastal area,Operational,Official French material designates CROSS Jobourg as VTS for the Casquets TSS; 2026 operational reporting confirms continued active monitoring,Core candidate,CROSS Jobourg / Casquets
VTS-0042,Sunk VTS,BIS,British Isles and southern North Sea,Core VTS,KEEP,Sunk VTS,UK Maritime and Coastguard Agency / HM Coastguard,CNIS Dover,Sunk routeing area and approaches to Thames/Harwich,Operational H24,Current MCA and PLA sources confirm Sunk VTS and its coverage of the Sunk precautionary areas and associated TSSs,Core candidate,UK Sunk routeing area
VTS-0043,Åland Sea Traffic,BAL,Baltic Sea and approaches,Monitoring/information service,SUPPLEMENTAL,Åland Sea Traffic,Fintraffic Vessel Traffic Services Ltd,Western Finland Vessel Traffic Centre,South Åland Sea TSS,Operational monitoring,Current operator explicitly names the TSS and VTS centre,Supplemental,Monitors South Åland Sea TSS
VTS-0044,VTS Off Texel,NSC,North Sea continental coast,Core VTS,KEEP,VTS Off Texel,Royal Netherlands Navy harbourmaster / Rijkswaterstaat,Verkeerscentrale Den Helder,Declared Off Texel area; not the entire Texel/Vlieland routeing system,Operational since 3 November 2025,Current official service confirmed; individual TSS boundary reconciliation pending,Core candidate,Designated VTS area; component mapping partly resolved
VTS-0045,Helsinki Traffic (GOFREP monitoring),BAL,Baltic Sea and approaches,Monitoring/information service,SUPPLEMENTAL,Helsinki Traffic (GOFREP monitoring),Fintraffic Vessel Traffic Services Ltd,Gulf of Finland Vessel Traffic Centre,Northern GOFREP monitoring responsibility,Operational monitoring,Operator names the VTS centre and monitored GOFREP area,Supplemental,GOFREP monitoring role; not whole-area Helsinki VTS
VTS-0200,Tarifa Traffic,MED,Mediterranean and Black Seas,Core VTS,KEEP,Tarifa Traffic,SASEMAR (Spain),CCS Tarifa,Strait of Gibraltar; GIBREP area 005 58 W to 005 15 W (westbound reports). Not in existing register.,Operational (current official source),SASEMAR Plan de Actuación 2025-2027 and Plan Anual 2025 (Oct 2025); Tramos Feb 2025.,Core candidate,Strait of Gibraltar / GIBREP
VTS-0201,Tangier Traffic,MED,Mediterranean and Black Seas,Core VTS,KEEP,Tangier Traffic (Tangier VTS),Direction de la Marine Marchande (Morocco),CSTM Tanger,Strait of Gibraltar; GIBREP eastbound reports and Tanger-Med traffic. Not in existing register.,Operational (current official source),MSC.300(87) (2010) only among opened sources; current Moroccan official source not found (decision 4 caveat).,Core candidate,Strait of Gibraltar / GIBREP
VTS-0202,Cabo de Gata Traffic Service (CCS Almería),MED,Mediterranean and Black Seas,Traffic service; VTS designation unconfirmed,REVIEW,Salvamento Marítimo traffic service for the Cabo de Gata DST,SASEMAR (Spain),CCS Almería,Cabo de Gata DST supervision (no published VTS area found). Not in existing register.,Operational (current official source),SASEMAR plans (Oct 2025); Tramos Feb and Jul-Aug 2025 (DST traffic figures for 2024).,Review required,TSS supervision found; published VTS area/title still to confirm
VTS-0203,Croatia VTS,MED,Mediterranean and Black Seas,Core national VTS,NORMALISE_NAME,VTS Croatia,"Ministry of the Sea, Transport and Infrastructure (Croatia)","Rijeka, Split, Dubrovnik (per MSC.598(111) appendix)","NN 52/2025 art. 93(12): internal waters, territorial sea and EEZ of Croatia. Not in existing register.",Operational (current official source),NN 52/2025 (in force March 2025); MSC.598(111) (May 2026).,Core candidate,Croatian national VTS with multiple centres
VTS-0204,Koper VTS,MED,Mediterranean and Black Seas,Core VTS,KEEP,Koper VTS,Uprava Republike Slovenije za pomorstvo (Slovenian Maritime Administration),Koper VTS,Internal waters and territorial sea of the Republic of Slovenia (charted polygon in manual Photo 1); includes the Approaches to/from Koper TSS and the south-eastern part of the In the Gulf of Trieste TSS,Operational (current official source),Services from 6 January 2026 (gov.si news); service page last edited 15 April 2026; user's manual v1 30 Nov 2025,Core candidate,Slovenia
VTS-0205,Trieste VTS,MED,Mediterranean and Black Seas,Core VTS,NORMALISE_NAME,VTS Trieste,"Guardia Costiera, Capitaneria di Porto di Trieste",Centro VTS di Trieste,"Polygon A-G joined to the coast (westernmost 013°34.6'E), within Italian territorial waters; includes the Monfalcone TSS",Operational (current official source),"Listed among 11 current Italian VTS centres (Guardia Costiera portal, accessed 30 Sep 2026); named ADRIREP shore-based authority in MSC.598(111) (May 2026)",Core candidate,Italy
VTS-0206,Turkish Straits VTS (TSVTS),MED,Mediterranean and Black Seas,Core VTS,NORMALISE_NAME,Türk Boğazları Gemi Trafik Hizmetleri (TBGTH) / Turkish Straits Vessel Traffic Service (TSVTS),"Kıyı Emniyeti Genel Müdürlüğü (Directorate General of Coastal Safety), operating for the Ministry of Transport and Infrastructure (Administration)",İstanbul VTS Centre (İstinye); Çanakkale VTS Centre (Akbaş),"Turkish Straits (Istanbul Strait, Sea of Marmara, Çanakkale Strait), 164 NM, with the TSS in Regulation Annex 1 (EK-1.1 to EK-1.5) including the north and south-west approaches. Marmara TSS added in 2008.",Operational (current official source),"Operational since 30 December 2003 (KEGM). Current statutory basis: Regulation 2019, consolidated 2020. TBGTH Centres are active under the Implementation Directive of 04.12.2023. Linked to TSS-0120 to TSS-0124 (one identity; sectors are not separate services).",Core candidate,Single service with Istanbul and Çanakkale centres
VTS-0207,Gulf of Suez VTIMS,RSA,Red Sea and Arabian region,Core VTIMS,NORMALISE_NAME,Gulf of Suez Vessel Traffic Information Management System (GOS VTIMS),Egyptian Authority for Maritime Safety (EAMS),"VTS stations El-Adabiya, Ras Ghareb, Safaga, Sharm El-Sheikh (as named by EAMS)","Gulf of Suez and entrance to the Gulf of Aqaba (descriptive; no polygon). The VTIMS capability also extends to the southern Gulf of Aqaba, the northern Red Sea and Alexandria (25 NM).",Operational (current official source),EAMS: operational since 2002. The current site carries 2025 notices. Linked to TSS-0125. Distinct from SCA SC-VTMS.,Core candidate,Egyptian Gulf of Suez service
VTS-0208,ADNOC PPA VTIS (Ruwais–Das),RSA,Red Sea and Arabian region,Core VTIS,NORMALISE_NAME,Das VTIS (Ruwais / Das Vessel Traffic Information Service; PPA-VTIS),"ADNOC Petroleum Ports Authority (PPA), Abu Dhabi, UAE","Das Port Control Room, Das Island (call sign 'Das VTIS', VHF 23; VHF 16 emergencies). Companion Ruwais VTIS (Jebel Dhanna/Ruwais, VHF 21) is a separate sector of the same PPA-VTIS.","PPA-VTIS Sectors: approaches to Ruwais, Das Island, the Zaqqum TSS, approaches to Zirku and Mubarraz Terminal; Das/Zirku limits points A to M on the PPA VTIS page (roughly 24°48.9'N to 25°27'N, 052°48'E to 053°26.5'E).",Operational (current official source),PPA port information (2026 site): operates 24/7 as an information service; Port Marine Notices of 2025 and 2026 (latest 28 Sep 2026) direct a listening watch on VHF 23 (Das VTIS); Pub. 172 corrected to 30 July 2026.,Core candidate,Ruwais/Das sectors rationalised under one PPA VTIS entry
VTS-0209,Ras Tanura VTMS,RSA,Red Sea and Arabian region,Core VTMS,NORMALISE_NAME,Ras Tanura Vessel Traffic Management System (Ras Tanura VTMS),"Saudi Aramco (Manager, Port Operations)","Ras Tanura Port Control (Ras Tanura Port Control Center), VHF 10/13/16","Port of Ras Tanura as bounded by 11 points (26 36.5 N to 27 12 N, 49 59 E to 50 23 E), including Ras Tanura Terminal, Ju'aymah Crude (SPM) and Ju'aymah LPG terminals; Pub. 172 also lists Ad Dammam traffic using the Ras Tanura Channel",Operational (current official source),"Aramco Ports and Terminals July 2025 (mandatory VTMS, VTS operator information service); NGA Pub. 172 (2025) Vessel Traffic Service section with reporting points",Core candidate,Saudi Aramco Ras Tanura service
