vrs_id,scheme_name,adoption_scope,imo_ref,applicability,source_ids,evidence_status,notes
VRS-0001,GOFREP,IMO-adopted baseline,I-I/1,Scheme-specific; verify governing requirements before operational use,SRC-003,2025 source inventory; later amendments not exhaustively reconciled,In the Gulf of Finland [GOFREP]
VRS-0002,GDANREP,IMO-adopted baseline,I-I/2,Scheme-specific; verify governing requirements before operational use,SRC-003,2025 source inventory; later amendments not exhaustively reconciled,On the approaches to the Polish ports in the Gulf of Gdańsk [GDANREP]
VRS-0003,SOUNDREP,IMO-adopted baseline,I-I/3,Scheme-specific; verify governing requirements before operational use,SRC-003,2025 source inventory; later amendments not exhaustively reconciled,In The Sound between Denmark and Sweden [SOUNDREP]
VRS-0004,BELTREP,IMO-adopted baseline,I-I/4,Scheme-specific; verify governing requirements before operational use,SRC-003,2025 source inventory; later amendments not exhaustively reconciled,In the Storebælt (Great Belt) Traffic area [BELTREP]
VRS-0005,WETREP,IMO-adopted baseline,I-I/5,Scheme-specific; verify governing requirements before operational use,SRC-003,2025 source inventory; later amendments not exhaustively reconciled,The West European Tanker Reporting System [WETREP]
VRS-0006,OUESSREP,IMO-adopted baseline,I-I/6,Scheme-specific; verify governing requirements before operational use,SRC-003,2025 source inventory; later amendments not exhaustively reconciled,Off Ushant [OUESSREP]
VRS-0007,MANCHEREP,IMO-adopted baseline,I-I/7,Scheme-specific; verify governing requirements before operational use,SRC-003,2025 source inventory; later amendments not exhaustively reconciled,Off Les Casquets and the adjacent coastal area [MANCHEREP]
VRS-0008,CALDOVREP,IMO-adopted baseline,I-I/8,Scheme-specific; verify governing requirements before operational use,SRC-003,2025 source inventory; later amendments not exhaustively reconciled,In the Dover Strait/Pas de Calais [CALDOVREP]
VRS-0009,BARENTS SRS,IMO-adopted baseline,I-I/9,Scheme-specific; verify governing requirements before operational use,SRC-003,2025 source inventory; later amendments not exhaustively reconciled,In the Barents area [BARENTS SRS]
VRS-0010,TRANSREP,IMO-adopted baseline,I-I/10,Scheme-specific; verify governing requirements before operational use,SRC-003,2025 source inventory; later amendments not exhaustively reconciled,Off the south-west coast of Iceland [TRANSREP]
VRS-0011,FINREP,IMO-adopted baseline,I-I/11,Scheme-specific; verify governing requirements before operational use,SRC-003,2025 source inventory; later amendments not exhaustively reconciled,In the “Off Finisterre” traffic separation scheme area [FINREP]
VRS-0012,COPREP,IMO-adopted baseline,I-I/12,Scheme-specific; verify governing requirements before operational use,SRC-003,2025 source inventory; later amendments not exhaustively reconciled,Off the coast of Portugal [COPREP]
VRS-0013,GIBREP,IMO-adopted baseline,I-I/13,Scheme-specific; verify governing requirements before operational use,SRC-003,2025 source inventory; later amendments not exhaustively reconciled,In the Strait of Gibraltar [GIBREP]
VRS-0014,BONIFREP,IMO-adopted baseline,I-I/14,Scheme-specific; verify governing requirements before operational use,SRC-003,2025 source inventory; later amendments not exhaustively reconciled,In the Strait of Bonifacio [BONIFREP]
VRS-0015,ADRIREP,IMO-adopted baseline,I-I/15,Scheme-specific; verify governing requirements before operational use,SRC-003,2025 source inventory; later amendments not exhaustively reconciled,In the Adriatic Sea [ADRIREP]
VRS-0016,STRAITREP,IMO-adopted baseline,I-I/16,Scheme-specific; verify governing requirements before operational use,SRC-003,2025 source inventory; later amendments not exhaustively reconciled,In the Straits of Malacca and Singapore [STRAITREP]
VRS-0017,REEFREP,IMO-adopted baseline,I-I/17,Scheme-specific; verify governing requirements before operational use,SRC-003,2025 source inventory; later amendments not exhaustively reconciled,In the Torres Strait region and the Inner Route of the Great Barrier Reef [REEFREP]
VRS-0018,CORAL SHIPREP,IMO-adopted baseline,I-I/18,Scheme-specific; verify governing requirements before operational use,SRC-003,2025 source inventory; later amendments not exhaustively reconciled,In the Papahānaumokuākea Marine National Monument Particularly Sensitive Sea Area [CORAL SHIPREP]
VRS-0019,GALREP,IMO-adopted baseline,I-I/19,Scheme-specific; verify governing requirements before operational use,SRC-003,2025 source inventory; later amendments not exhaustively reconciled,In the Galapagos Particularly Sensitive Sea Area [GALREP]
VRS-0020,GREENPOS AND COASTAL CONTROL,IMO-adopted baseline,I-I/20,Scheme-specific; verify governing requirements before operational use,SRC-003,2025 source inventory; later amendments not exhaustively reconciled,In Greenland waters [GREENPOS AND COASTAL CONTROL]
VRS-0021,Off the north-eastern and south-eastern coasts of the United States,IMO-adopted baseline,I-I/21,Scheme-specific; verify governing requirements before operational use,SRC-003,2025 source inventory; later amendments not exhaustively reconciled,Off the north-eastern and south-eastern coasts of the United States
VRS-0022,Off Chengshan Jiao Promontory,IMO-adopted baseline,I-I/22,Scheme-specific; verify governing requirements before operational use,SRC-003,2025 source inventory; later amendments not exhaustively reconciled,Off Chengshan Jiao Promontory
VRS-0023,CANREP,IMO-adopted baseline,I-I/23,Scheme-specific; verify governing requirements before operational use,SRC-003,2025 source inventory; later amendments not exhaustively reconciled,The Canary Islands [CANREP]
VRS-0024,SUNDAREP,National scheme; internal project ID,,"SUNDAREP (national, Indonesia; mandatory for Indonesian-flag ships, strongly recommended for foreign ships)",SRC-049; SRC-107,Identity recovered from existing audited research; not freshly legally reverified,Project decisions 3/3a apply. Vessel-flag and geographical qualifications remain in the TSS records.
VRS-0025,LOMBOKREP,National scheme; internal project ID,,"LOMBOKREP (national, Indonesia; mandatory for Indonesian-flag ships, strongly recommended for foreign ships)",SRC-049; SRC-107,Identity recovered from existing audited research; not freshly legally reverified,Project decisions 3/3a apply. Vessel-flag and geographical qualifications remain in the TSS records.
VRS-0026,MASTREP,National scheme; internal project ID,,"MASTREP (Modernised Australian Ship Tracking and Reporting System), national mandatory scheme under the Navigation Act 2012 and Marine Order 63 (Vessel reporting systems) 2019; not an IMO Part I system",SRC-137; SRC-138,Identity recovered from existing audited research; not freshly legally reverified,Project decisions 3/3a apply. Vessel-flag and geographical qualifications remain in the TSS records.
VRS-0027,CHILREP,National scheme; internal project ID,,"CHILREP (national, Chile; mandatory for Chilean-flag ships and for foreign ships in internal waters)",SRC-090; SRC-144; SRC-146; SRC-183; SRC-184,Identity recovered from existing audited research; not freshly legally reverified,Project decisions 3/3a apply. Vessel-flag and geographical qualifications remain in the TSS records.
VRS-0028,Strait of Magellan reporting,National scheme; internal project ID,,"Strait of Magellan reporting to the Maritime Authority at Punta Arenas (national, Chile); CHILREP (national, Chile; mandatory for Chilean-flag ships and for foreign ships in internal waters)",SRC-090; SRC-144; SRC-146; SRC-184,Identity recovered from existing audited research; not freshly legally reverified,Project decisions 3/3a apply. Vessel-flag and geographical qualifications remain in the TSS records.
