gap_id,tss_id,batch_id,tss_name,priority,reason_codes,outstanding,source_context,next_action
GAP-TSS-0001,TSS-0001,B01,Off Sommers Island,Review,NATIONAL_REPORTING_SCREEN_NOT_DEMONSTRATED,Complete recorded evidence gaps and national-scheme scope checks.,audits/stage2/B01_Association_Audit.md,Complete authority/boundary review; update the master record and rerun validation.
GAP-TSS-0002,TSS-0002,B01,Off Hogland (Gogland) Island,Review,NATIONAL_REPORTING_SCREEN_NOT_DEMONSTRATED,Complete recorded evidence gaps and national-scheme scope checks.,audits/stage2/B01_Association_Audit.md,Complete authority/boundary review; update the master record and rerun validation.
GAP-TSS-0003,TSS-0003,B01,Off Rodsher Island,Review,NATIONAL_REPORTING_SCREEN_NOT_DEMONSTRATED,Complete recorded evidence gaps and national-scheme scope checks.,audits/stage2/B01_Association_Audit.md,Complete authority/boundary review; update the master record and rerun validation.
GAP-TSS-0008,TSS-0008,B02,South Hoburgs Bank,Review,NEGATIVE_FINDING_REQUIRES_SCOPE_RECHECK; NATIONAL_REPORTING_SCREEN_NOT_DEMONSTRATED,Recheck negative finding against the approved broader project scope.,audits/stage2/B02_Association_Audit.md,Complete authority/boundary review; update the master record and rerun validation.
GAP-TSS-0009,TSS-0009,B02,Midsjöbankarna,Review,NEGATIVE_FINDING_REQUIRES_SCOPE_RECHECK; NATIONAL_REPORTING_SCREEN_NOT_DEMONSTRATED,Recheck negative finding against the approved broader project scope.,audits/stage2/B02_Association_Audit.md,Complete authority/boundary review; update the master record and rerun validation.
GAP-TSS-0010,TSS-0010,B02,In Norra Kvarken,Review,NEGATIVE_FINDING_REQUIRES_SCOPE_RECHECK; NATIONAL_REPORTING_SCREEN_NOT_DEMONSTRATED,Recheck negative finding against the approved broader project scope.,audits/stage2/B02_Association_Audit.md,Complete authority/boundary review; update the master record and rerun validation.
GAP-TSS-0011,TSS-0011,B03,North Åland Sea,Review,NEGATIVE_FINDING_REQUIRES_SCOPE_RECHECK; NATIONAL_REPORTING_SCREEN_NOT_DEMONSTRATED,Recheck negative finding against the approved broader project scope.,audits/stage2/B03_Association_Audit.md,Complete authority/boundary review; update the master record and rerun validation.
GAP-TSS-0013,TSS-0013,B03,West Klintehamn,Review,NEGATIVE_FINDING_REQUIRES_SCOPE_RECHECK; NATIONAL_REPORTING_SCREEN_NOT_DEMONSTRATED,Recheck negative finding against the approved broader project scope.,audits/stage2/B03_Association_Audit.md,Complete authority/boundary review; update the master record and rerun validation.
GAP-TSS-0014,TSS-0014,B03,North Hoburgs Bank,Review,NEGATIVE_FINDING_REQUIRES_SCOPE_RECHECK; NATIONAL_REPORTING_SCREEN_NOT_DEMONSTRATED,Recheck negative finding against the approved broader project scope.,audits/stage2/B03_Association_Audit.md,Complete authority/boundary review; update the master record and rerun validation.
GAP-TSS-0015,TSS-0015,B03,Off Öland Island,Review,NEGATIVE_FINDING_REQUIRES_SCOPE_RECHECK; NATIONAL_REPORTING_SCREEN_NOT_DEMONSTRATED,Recheck negative finding against the approved broader project scope.,audits/stage2/B03_Association_Audit.md,Complete authority/boundary review; update the master record and rerun validation.
GAP-TSS-0016,TSS-0016,B04,In Bornholmsgat,Review,NEGATIVE_FINDING_REQUIRES_SCOPE_RECHECK; NATIONAL_REPORTING_SCREEN_NOT_DEMONSTRATED,Recheck negative finding against the approved broader project scope.,audits/stage2/B04_Association_Audit.md,Complete authority/boundary review; update the master record and rerun validation.
GAP-TSS-0019,TSS-0019,B04,Słupska Bank,Review,NATIONAL_REPORTING_SCREEN_NOT_DEMONSTRATED,Complete recorded evidence gaps and national-scheme scope checks.,audits/stage2/B04_Association_Audit.md,Complete authority/boundary review; update the master record and rerun validation.
GAP-TSS-0020,TSS-0020,B04,Adlergrund,Review,NATIONAL_REPORTING_SCREEN_NOT_DEMONSTRATED,Complete recorded evidence gaps and national-scheme scope checks.,audits/stage2/B04_Association_Audit.md,Complete authority/boundary review; update the master record and rerun validation.
GAP-TSS-0023,TSS-0023,B05,North of Rügen,Review,NATIONAL_REPORTING_SCREEN_NOT_DEMONSTRATED,Complete recorded evidence gaps and national-scheme scope checks.,audits/stage2/B05_Association_Audit.md,Complete authority/boundary review; update the master record and rerun validation.
GAP-TSS-0024,TSS-0024,B05,South of Gedser,Review,NATIONAL_REPORTING_SCREEN_NOT_DEMONSTRATED,Complete recorded evidence gaps and national-scheme scope checks.,audits/stage2/B05_Association_Audit.md,Complete authority/boundary review; update the master record and rerun validation.
GAP-TSS-0025,TSS-0025,B05,Off Kiel lighthouse,Review,NATIONAL_REPORTING_SCREEN_NOT_DEMONSTRATED,Complete recorded evidence gaps and national-scheme scope checks.,audits/stage2/B05_Association_Audit.md,Complete authority/boundary review; update the master record and rerun validation.
GAP-TSS-0028,TSS-0028,B06,Skagen West,Review,NEGATIVE_FINDING_REQUIRES_SCOPE_RECHECK; NATIONAL_REPORTING_SCREEN_NOT_DEMONSTRATED,Recheck negative finding against the approved broader project scope.,audits/stage2/B06_Association_Audit.md,Complete authority/boundary review; update the master record and rerun validation.
GAP-TSS-0029,TSS-0029,B06,Skagen East,Review,NEGATIVE_FINDING_REQUIRES_SCOPE_RECHECK; NATIONAL_REPORTING_SCREEN_NOT_DEMONSTRATED,Recheck negative finding against the approved broader project scope.,audits/stage2/B06_Association_Audit.md,Complete authority/boundary review; update the master record and rerun validation.
GAP-TSS-0030,TSS-0030,B06,Fladen,Review,NEGATIVE_FINDING_REQUIRES_SCOPE_RECHECK; NATIONAL_REPORTING_SCREEN_NOT_DEMONSTRATED,Recheck negative finding against the approved broader project scope.,audits/stage2/B06_Association_Audit.md,Complete authority/boundary review; update the master record and rerun validation.
GAP-TSS-0031,TSS-0031,B07,Lilla Middelgrund,Review,NEGATIVE_FINDING_REQUIRES_SCOPE_RECHECK; NATIONAL_REPORTING_SCREEN_NOT_DEMONSTRATED,Recheck negative finding against the approved broader project scope.,audits/stage2/B07_Association_Audit.md,Complete authority/boundary review; update the master record and rerun validation.
GAP-TSS-0033,TSS-0033,B07,West of the Scilly Isles,Review,OPEN_SOURCE_OR_BOUNDARY_ISSUE,Exact relationship to the separate voluntary Isles of Scilly reporting scheme not resolved; does not affect MRS-only classification.,audits/stage2/B07_Association_Audit.md,Complete authority/boundary review; update the master record and rerun validation.
GAP-TSS-0034,TSS-0034,B07,South of the Scilly Isles,Review,OPEN_SOURCE_OR_BOUNDARY_ISSUE,Exact relationship to the separate voluntary Isles of Scilly reporting scheme not resolved; does not affect MRS-only classification.,audits/stage2/B07_Association_Audit.md,Complete authority/boundary review; update the master record and rerun validation.
GAP-TSS-0039,TSS-0039,B08,At West Hinder,Review,OPEN_SOURCE_OR_BOUNDARY_ISSUE,Exact TSS-to-VTS-Scheldt operational boundary relationship remains unresolved and is not counted as VTS.,audits/stage2/B08_Association_Audit.md,Complete authority/boundary review; update the master record and rerun validation.
GAP-TSS-0043,TSS-0043,B09,Off Brown Ridge,Review,NEGATIVE_FINDING_REQUIRES_SCOPE_RECHECK; NATIONAL_REPORTING_SCREEN_NOT_DEMONSTRATED,Recheck negative finding against the approved broader project scope.,audits/stage2/B09_Association_Audit.md,Complete authority/boundary review; update the master record and rerun validation.
GAP-TSS-0044,TSS-0044,B09,West Friesland,Review,NEGATIVE_FINDING_REQUIRES_SCOPE_RECHECK; NATIONAL_REPORTING_SCREEN_NOT_DEMONSTRATED,Recheck negative finding against the approved broader project scope.,audits/stage2/B09_Association_Audit.md,Complete authority/boundary review; update the master record and rerun validation.
GAP-TSS-0045,TSS-0045,B09,North Friesland,Review,NEGATIVE_FINDING_REQUIRES_SCOPE_RECHECK; NATIONAL_REPORTING_SCREEN_NOT_DEMONSTRATED,Recheck negative finding against the approved broader project scope.,audits/stage2/B09_Association_Audit.md,Complete authority/boundary review; update the master record and rerun validation.
GAP-TSS-0046,TSS-0046,B10,East Friesland,Review,NEGATIVE_FINDING_REQUIRES_SCOPE_RECHECK; NATIONAL_REPORTING_SCREEN_NOT_DEMONSTRATED,Recheck negative finding against the approved broader project scope.,audits/stage2/B10_Association_Audit.md,Complete authority/boundary review; update the master record and rerun validation.
GAP-TSS-0047,TSS-0047,B10,Off Botney Ground,Review,NEGATIVE_FINDING_REQUIRES_SCOPE_RECHECK; NATIONAL_REPORTING_SCREEN_NOT_DEMONSTRATED,Recheck negative finding against the approved broader project scope.,audits/stage2/B10_Association_Audit.md,Complete authority/boundary review; update the master record and rerun validation.
GAP-TSS-0048,TSS-0048,B10,Maas North,Review,OPEN_SOURCE_OR_BOUNDARY_ISSUE; NATIONAL_REPORTING_SCREEN_NOT_DEMONSTRATED,VTS area outer limit is stated only as '38 nautical miles seawards of the port entrance' plus a schematic chart; no coordinate boundary found. Statutory approach area stops at the TSS southern end. Coordinator may treat coverage as moderate-confidence. Pass 4: the sector chart shows only the southern end; full coverage rests on the 38 nm description (scheme 8.6 to 24.8 nm from the North Mole head).,audits/stage2/B10_Association_Audit.md,Complete authority/boundary review; update the master record and rerun validation.
GAP-TSS-0049,TSS-0049,B10,Maas North-west,Review,OPEN_SOURCE_OR_BOUNDARY_ISSUE; NATIONAL_REPORTING_SCREEN_NOT_DEMONSTRATED,VTS outer limit given only as a distance and schematic chart; statutory approach area ends at the TSS south-eastern end.,audits/stage2/B10_Association_Audit.md,Complete authority/boundary review; update the master record and rerun validation.
GAP-TSS-0050,TSS-0050,B10,Maas West Inner,Review,OPEN_SOURCE_OR_BOUNDARY_ISSUE; NATIONAL_REPORTING_SCREEN_NOT_DEMONSTRATED,VTS outer limit given only as a distance and schematic chart; statutory approach area ends at the TSS eastern end (MNW3-MW4 / MW5).,audits/stage2/B10_Association_Audit.md,Complete authority/boundary review; update the master record and rerun validation.
GAP-TSS-0051,TSS-0051,B11,Maas West Outer,Review,OPEN_SOURCE_OR_BOUNDARY_ISSUE,"Outer VTS limit is stated as a distance ('38 nautical miles seawards'); the western end of the scheme is 4 nm inside it on a radius reading. If the 38 nm were measured along the channel the result is the same, but no coordinate boundary was found to confirm. Lower confidence: coverage rests on the port authority's 38 nm description, not a statutory boundary (the statutory Rotterdam approach area ends at the inner end of the scheme). Confirm against ALRS Vol 6 or a charted VTS limit.",audits/stage2/B11_Association_Audit.md,Complete authority/boundary review; update the master record and rerun validation.
GAP-TSS-0052,TSS-0052,B11,North Hinder North,High,ASSOCIATION_UNRESOLVED; OPEN_SOURCE_OR_BOUNDARY_ISSUE,"Whether the Rotterdam VTS Sector Maas Approach outer limit (38 nm, basis of measurement undefined) includes the north-eastern part of North Hinder North. Needs ALRS Vol 6 / Dutch radio publication or a VTS boundary with coordinates.",audits/stage2/B11_Association_Audit.md,Complete authority/boundary review; update the master record and rerun validation.
GAP-TSS-0053,TSS-0053,B11,North Hinder South,Review,OPEN_SOURCE_OR_BOUNDARY_ISSUE,WETREP boundary test is by computation from the resolution vertices (UK coast point longitude taken as about 001 37'E); the NE extremity sits on the line. Belgian/UK VTS absence not verified from a current official list; Scheldt VTS limit source is a 2014 folder.,audits/stage2/B11_Association_Audit.md,Complete authority/boundary review; update the master record and rerun validation.
GAP-TSS-0054,TSS-0054,B11,Off North Hinder,Review,OPEN_SOURCE_OR_BOUNDARY_ISSUE,"Partial WETREP coverage computed from resolution vertices, sensitive to the exact longitude of point 20 (UK coast at 52 12'N) and line type; confirm on the Ships' Routeing 2025 Part I chartlet. VTS absence not proven from an official list.",audits/stage2/B11_Association_Audit.md,Complete authority/boundary review; update the master record and rerun validation.
GAP-TSS-0055,TSS-0055,B11,IJmuiden West Inner,Review,OPEN_SOURCE_OR_BOUNDARY_ISSUE,Exact split point depends on whether the 12 nm is measured from the breakwater heads or the STZ reference point and on the territorial-sea limit; partial coverage itself is not in doubt. Name of the traffic centre not stated in the regulation.,audits/stage2/B11_Association_Audit.md,Complete authority/boundary review; update the master record and rerun validation.
GAP-TSS-0056,TSS-0056,B12,IJmuiden North,High,ASSOCIATION_UNRESOLVED; OPEN_SOURCE_OR_BOUNDARY_ISSUE,Whether the IJmuiden Approaches (VHF 7) service area is a defined part of VTS North Sea Canal Area and whether it covers the IJmuiden North lanes. Needs the Dutch VTS designation for IJmuiden or ALRS Vol 6 / Dutch Guide to Port Entry diagram.,audits/stage2/B12_Association_Audit.md,Complete authority/boundary review; update the master record and rerun validation.
GAP-TSS-0057,TSS-0057,B12,IJmuiden West Outer,High,ASSOCIATION_UNRESOLVED; OPEN_SOURCE_OR_BOUNDARY_ISSUE,"Does the VTS area 'including the extended IJ-geul' extend to the adjoining West Outer lanes, and is IJmuiden Approaches VHF 7 a defined VTS sector? Check Dutch designation decision or ALRS Vol 6 diagram.",audits/stage2/B12_Association_Audit.md,Complete authority/boundary review; update the master record and rerun validation.
GAP-TSS-0058,TSS-0058,B12,Off Texel,High,ASSOCIATION_UNRESOLVED; OPEN_SOURCE_OR_BOUNDARY_ISSUE; KNOWN_CURRENT_SERVICE_COMPONENT_MAPPING_REQUIRED,"(1) Positions of Den Helder approach-area buoys SG, ZH, MR, NH, MG versus the TSS. (2) Whether STZ art. 5(1) is operated in practice, on which channel and to which authority (Kustwacht?). Needs the Regeling aanwijzing bevoegde autoriteiten STZ, Dutch Guide to Port Entry or ALRS Vol 6.",audits/stage2/B12_Association_Audit.md,Complete authority/boundary review; update the master record and rerun validation.
GAP-TSS-0059,TSS-0059,B12,Off Vlieland,High,ASSOCIATION_UNRESOLVED; OPEN_SOURCE_OR_BOUNDARY_ISSUE; KNOWN_CURRENT_SERVICE_COMPONENT_MAPPING_REQUIRED,IMO B-II/13 coordinates (not in the opened circulars) to test territorial-sea extent and any overlap with aanloopgebied Brandaris; status of STZ art. 5(1) reporting.,audits/stage2/B12_Association_Audit.md,Complete authority/boundary review; update the master record and rerun validation.
GAP-TSS-0060,TSS-0060,B12,Vlieland North,High,ASSOCIATION_UNRESOLVED; OPEN_SOURCE_OR_BOUNDARY_ISSUE; KNOWN_CURRENT_SERVICE_COMPONENT_MAPPING_REQUIRED,IMO B-II/13 coordinates; whether any Dutch VTS or reporting duty applies offshore of the approach areas. The Coastguard container-ship advice (Q-S19) directs large container ships to the northern route via TSS East Friesland; whether the MSC 109 recommendation carries any reporting element is not established.,audits/stage2/B12_Association_Audit.md,Complete authority/boundary review; update the master record and rerun validation.
GAP-TSS-0061,TSS-0061,B13,Terschelling–German Bight,Review,OPEN_SOURCE_OR_BOUNDARY_ISSUE,"Precise boundary longitude (chart-scale estimate about 006°16'-006°22'E, 2005 chart; TSS geometry since amended). Whether German Bight Traffic's western area (VHF 79, lead Q-S21) extends further west than the VHF 80 Inner German Bight. Status of Dutch STZ art. 5(1) reporting and Brandaris approach-area buoy 'TG' position.",audits/stage2/B13_Association_Audit.md,Complete authority/boundary review; update the master record and rerun validation.
GAP-TSS-0062,TSS-0062,B13,German Bight western approach,Review,OPEN_SOURCE_OR_BOUNDARY_ISSUE,"Whether German North Sea Traffic (VTS Centre Cuxhaven, 'Äußere Deutsche Bucht') has a defined area including the GBWA lanes (BSH VTS Guide Germany 2026 section C5.1 not freely available). Current IMO geometry of GBWA against the 2005 chart boundary (about 007°18'E) and the 007°10'E reporting meridian.",audits/stage2/B13_Association_Audit.md,Complete authority/boundary review; update the master record and rerun validation.
GAP-TSS-0063,TSS-0063,B13,Jade approach,Review,OPEN_SOURCE_OR_BOUNDARY_ISSUE,"Coverage 'full' relies on the 2005 statutory chart; Jade Approach geometry may have been amended since (IMO instrument not retrieved), but any amendment near 54°N 007°30'-007°45'E would remain well inside the area.",audits/stage2/B13_Association_Audit.md,Complete authority/boundary review; update the master record and rerun validation.
GAP-TSS-0064,TSS-0064,B13,Elbe approach,Review,OPEN_SOURCE_OR_BOUNDARY_ISSUE,"Current IMO Elbe approach geometry versus Tonne Elbe (sector hand-over), and whether later amendments moved the Cuxhaven Elbe Traffic limit (the prior lead cited Nordergründe-Nord). This affects the sector split, not the VTS association.",audits/stage2/B13_Association_Audit.md,Complete authority/boundary review; update the master record and rerun validation.
GAP-TSS-0065,TSS-0065,B13,In the approaches to the River Humber,Review,OPEN_SOURCE_OR_BOUNDARY_ISSUE,VTS Humber web page is undated; confirm against ALRS Vol 6 or current Humber standing notices. IMO 2025 may include later amendments to the TSS after 2009 (none found).,audits/stage2/B13_Association_Audit.md,Complete authority/boundary review; update the master record and rerun validation.
GAP-TSS-0066,TSS-0066,B14,Off Vardø,Review,OPEN_SOURCE_OR_BOUNDARY_ISSUE,"Coverage rests on a project rule (decision 1): NOR VTS provides an information and monitoring service for the TSS, not a statutory VTS area; participation is not compulsory.",audits/stage2/B14_Association_Audit.md,Complete authority/boundary review; update the master record and rerun validation.
GAP-TSS-0067,TSS-0067,B14,Off Slettnes,Review,OPEN_SOURCE_OR_BOUNDARY_ISSUE,"Coverage rests on a project rule (decision 1): NOR VTS provides an information and monitoring service for the TSS, not a statutory VTS area; participation is not compulsory.",audits/stage2/B14_Association_Audit.md,Complete authority/boundary review; update the master record and rerun validation.
GAP-TSS-0068,TSS-0068,B14,Off North Cape,Review,OPEN_SOURCE_OR_BOUNDARY_ISSUE,"Coverage rests on a project rule (decision 1): NOR VTS provides an information and monitoring service for the TSS, not a statutory VTS area; participation is not compulsory.",audits/stage2/B14_Association_Audit.md,Complete authority/boundary review; update the master record and rerun validation.
GAP-TSS-0069,TSS-0069,B14,Off Sørøya,Review,OPEN_SOURCE_OR_BOUNDARY_ISSUE,"Coverage rests on a project rule (decision 1): NOR VTS provides an information and monitoring service for the TSS, not a statutory VTS area; participation is not compulsory.",audits/stage2/B14_Association_Audit.md,Complete authority/boundary review; update the master record and rerun validation.
GAP-TSS-0070,TSS-0070,B14,Off Torsvåg,Review,OPEN_SOURCE_OR_BOUNDARY_ISSUE,"Coverage rests on a project rule (decision 1): NOR VTS provides an information and monitoring service for the TSS, not a statutory VTS area; participation is not compulsory.",audits/stage2/B14_Association_Audit.md,Complete authority/boundary review; update the master record and rerun validation.
GAP-TSS-0071,TSS-0071,B15,Off Andenes,Review,OPEN_SOURCE_OR_BOUNDARY_ISSUE,"Coverage rests on a project rule (decision 1): NOR VTS provides an information and monitoring service for the TSS, not a statutory VTS area; participation is not compulsory.",audits/stage2/B15_Association_Audit.md,Complete authority/boundary review; update the master record and rerun validation.
GAP-TSS-0072,TSS-0072,B15,Off Røst (1),Review,OPEN_SOURCE_OR_BOUNDARY_ISSUE,"Coverage rests on a project rule (decision 1): NOR VTS provides an information and monitoring service for the TSS, not a statutory VTS area; participation is not compulsory.",audits/stage2/B15_Association_Audit.md,Complete authority/boundary review; update the master record and rerun validation.
GAP-TSS-0073,TSS-0073,B15,Off Røst (2),Review,OPEN_SOURCE_OR_BOUNDARY_ISSUE,"Coverage rests on a project rule (decision 1): NOR VTS provides an information and monitoring service for the TSS, not a statutory VTS area; participation is not compulsory.",audits/stage2/B15_Association_Audit.md,Complete authority/boundary review; update the master record and rerun validation.
GAP-TSS-0074,TSS-0074,B15,Off Træna,Review,OPEN_SOURCE_OR_BOUNDARY_ISSUE,"Coverage rests on a project rule (decision 1): NOR VTS provides an information and monitoring service for the TSS, not a statutory VTS area; participation is not compulsory.",audits/stage2/B15_Association_Audit.md,Complete authority/boundary review; update the master record and rerun validation.
GAP-TSS-0075,TSS-0075,B15,Off Halten,Review,OPEN_SOURCE_OR_BOUNDARY_ISSUE,"Coverage rests on a project rule (decision 1): NOR VTS provides an information and monitoring service for the TSS, not a statutory VTS area; participation is not compulsory.",audits/stage2/B15_Association_Audit.md,Complete authority/boundary review; update the master record and rerun validation.
GAP-TSS-0076,TSS-0076,B16,Off Runde,Review,OPEN_SOURCE_OR_BOUNDARY_ISSUE,"Coverage rests on a project rule (decision 1): NOR VTS provides an information and monitoring service for the TSS, not a statutory VTS area; participation is not compulsory.",audits/stage2/B16_Association_Audit.md,Complete authority/boundary review; update the master record and rerun validation.
GAP-TSS-0077,TSS-0077,B16,Off Stad,Review,OPEN_SOURCE_OR_BOUNDARY_ISSUE,"Coverage rests on a project rule (decision 1): NOR VTS provides an information and monitoring service for the TSS, not a statutory VTS area; participation is not compulsory.",audits/stage2/B16_Association_Audit.md,Complete authority/boundary review; update the master record and rerun validation.
GAP-TSS-0078,TSS-0078,B16,Off Sotra,Review,OPEN_SOURCE_OR_BOUNDARY_ISSUE,"Coverage rests on a project rule (decision 1): NOR VTS provides an information and monitoring service for the TSS, not a statutory VTS area; participation is not compulsory.",audits/stage2/B16_Association_Audit.md,Complete authority/boundary review; update the master record and rerun validation.
GAP-TSS-0079,TSS-0079,B16,Off Utsira,Review,OPEN_SOURCE_OR_BOUNDARY_ISSUE,"Coverage rests on a project rule (decision 1): NOR VTS provides an information and monitoring service for the TSS, not a statutory VTS area; participation is not compulsory.",audits/stage2/B16_Association_Audit.md,Complete authority/boundary review; update the master record and rerun validation.
GAP-TSS-0080,TSS-0080,B16,Off Egersund,Review,OPEN_SOURCE_OR_BOUNDARY_ISSUE,"Coverage rests on a project rule (decision 1): NOR VTS provides an information and monitoring service for the TSS, not a statutory VTS area; participation is not compulsory.",audits/stage2/B16_Association_Audit.md,Complete authority/boundary review; update the master record and rerun validation.
GAP-TSS-0081,TSS-0081,B17,Off Farsund,Review,OPEN_SOURCE_OR_BOUNDARY_ISSUE,"Coverage rests on a project rule (decision 1): NOR VTS provides an information and monitoring service for the TSS, not a statutory VTS area; participation is not compulsory.",audits/stage2/B17_Association_Audit.md,Complete authority/boundary review; update the master record and rerun validation.
GAP-TSS-0082,TSS-0082,B17,Off Ryvingen,Review,OPEN_SOURCE_OR_BOUNDARY_ISSUE,"Coverage rests on a project rule (decision 1): NOR VTS provides an information and monitoring service for the TSS, not a statutory VTS area; participation is not compulsory.",audits/stage2/B17_Association_Audit.md,Complete authority/boundary review; update the master record and rerun validation.
GAP-TSS-0083,TSS-0083,B17,Off Lillesand,Review,OPEN_SOURCE_OR_BOUNDARY_ISSUE,"Coverage rests on a project rule (decision 1): NOR VTS provides an information and monitoring service for the TSS, not a statutory VTS area; participation is not compulsory.",audits/stage2/B17_Association_Audit.md,Complete authority/boundary review; update the master record and rerun validation.
GAP-TSS-0084,TSS-0084,B17,Off Risør,Review,OPEN_SOURCE_OR_BOUNDARY_ISSUE,"Coverage rests on a project rule (decision 1): NOR VTS provides an information and monitoring service for the TSS, not a statutory VTS area; participation is not compulsory.",audits/stage2/B17_Association_Audit.md,Complete authority/boundary review; update the master record and rerun validation.
GAP-TSS-0085,TSS-0085,B17,Off Fastnet Rock,Review,OPEN_SOURCE_OR_BOUNDARY_ISSUE,"Whether Irish Coast Guard monitoring of the Fastnet TSS amounts to a VTS (no official VTS designation found); no official list of Irish VTS consulted to prove absence. TSS coordinates taken from a search snippet only (lead only); inclusion in WETREP rests on the boundary geometry, not on those coordinates.",audits/stage2/B17_Association_Audit.md,Complete authority/boundary review; update the master record and rerun validation.
GAP-TSS-0086,TSS-0086,B18,Off Smalls,Review,OPEN_SOURCE_OR_BOUNDARY_ISSUE,VTS: none established. No authoritative complete list of UK VTS (e.g. ALRS Vol 6) was opened; MGN 401 (R02) gives VTS guidance but no list. WETREP Appendix 1 UK station list is 2004 and outdated by Coastguard reorganisation.,audits/stage2/B18_Association_Audit.md,Complete authority/boundary review; update the master record and rerun validation.
GAP-TSS-0087,TSS-0087,B18,Off Tuskar Rock,Review,OPEN_SOURCE_OR_BOUNDARY_ISSUE,"Partial WETREP coverage by coordinate comparison against the 1973/1996 centreline; confirm on current chart. No Irish coastal VTS source found; Irish Coast Guard VTS status not researched to exhaustion. WETREP para 6.2.1 also names Off Skerries, which lies beyond both Irish Sea closing lines; the list does not match the boundary, so coordinates govern.",audits/stage2/B18_Association_Audit.md,Complete authority/boundary review; update the master record and rerun validation.
GAP-TSS-0088,TSS-0088,B18,Off Skerries,High,ASSOCIATION_UNRESOLVED; OPEN_SOURCE_OR_BOUNDARY_ISSUE,VTS status unknown: No authoritative complete list of UK VTS (e.g. ALRS Vol 6) was opened; MGN 401 (R02) gives VTS guidance but no list. WETREP 6.2.1 listing vs boundary conflict should be checked against Ships' Routeing 2025 Part I text. UK national reporting (VTMIS regs) is port-related and not counted.,audits/stage2/B18_Association_Audit.md,Complete authority/boundary review; update the master record and rerun validation.
GAP-TSS-0089,TSS-0089,B18,In Liverpool Bay,High,ASSOCIATION_UNRESOLVED; OPEN_SOURCE_OR_BOUNDARY_ISSUE,Need Port of Liverpool port limits (Mersey Docks and Harbour Act) or ALRS Vol 6 VTS chart to test whether Mersey VTS area includes the TSS.,audits/stage2/B18_Association_Audit.md,Complete authority/boundary review; update the master record and rerun validation.
GAP-TSS-0090,TSS-0090,B18,In the North Channel,Review,OPEN_SOURCE_OR_BOUNDARY_ISSUE,VTS: none established. No authoritative complete list of UK VTS (e.g. ALRS Vol 6) was opened; MGN 401 (R02) gives VTS guidance but no list.,audits/stage2/B18_Association_Audit.md,Complete authority/boundary review; update the master record and rerun validation.
GAP-TSS-0091,TSS-0091,B19,Little Minches,Review,OPEN_SOURCE_OR_BOUNDARY_ISSUE,VTS: none established. No authoritative complete list of UK VTS (e.g. ALRS Vol 6) was opened; MGN 401 (R02) gives VTS guidance but no list. A voluntary Minches reporting arrangement with Stornoway Coastguard appears only in non-official sources; not verified.,audits/stage2/B19_Association_Audit.md,Complete authority/boundary review; update the master record and rerun validation.
GAP-TSS-0092,TSS-0092,B19,North-west of Garðskagi Point,High,ASSOCIATION_UNRESOLVED; OPEN_SOURCE_OR_BOUNDARY_ISSUE,"Whether Iceland's national reporting system (Act on the Maritime Traffic Service) is a formally named mandatory scheme applicable to ships using this TSS; whether MTS is declared a VTS. No authoritative absence evidence, so not 'Neither confirmed'.",audits/stage2/B19_Association_Audit.md,Complete authority/boundary review; update the master record and rerun validation.
GAP-TSS-0093,TSS-0093,B19,South-west of the Reykjanes Peninsula,High,ASSOCIATION_UNRESOLVED; OPEN_SOURCE_OR_BOUNDARY_ISSUE,"Whether Iceland's national reporting system (Act on the Maritime Traffic Service) is a formally named mandatory scheme applicable to ships using this TSS; whether MTS is declared a VTS. No authoritative absence evidence, so not 'Neither confirmed'.",audits/stage2/B19_Association_Audit.md,Complete authority/boundary review; update the master record and rerun validation.
GAP-TSS-0094,TSS-0094,B19,Off Finisterre,Review,OPEN_SOURCE_OR_BOUNDARY_ISSUE,"Salvamento Marítimo website unavailable (HTTP 503 / TLS chain error), so current VHF channels not confirmed from the operator. Salvamento Maritimo website unreachable (TLS error, HTTP 503); current operation rests on the February 2025 Ministry of Transport article.",audits/stage2/B19_Association_Audit.md,Complete authority/boundary review; update the master record and rerun validation.
GAP-TSS-0095,TSS-0095,B19,Off Cape Roca,Review,OPEN_SOURCE_OR_BOUNDARY_ISSUE,Coverage rests on coordinate comparison with narrow margins (about 0.2' of longitude); consolidated current text of DL 263/2009 not opened; DGRM own web page not opened. Whether Decree-Law 263/2009 has been amended could not be confirmed (Diario da Republica page empty).,audits/stage2/B19_Association_Audit.md,Complete authority/boundary review; update the master record and rerun validation.
GAP-TSS-0096,TSS-0096,B20,Off Cape S. Vicente,Review,OPEN_SOURCE_OR_BOUNDARY_ISSUE,Overlay used the 2005 ED50 coordinates from COLREG.2/Circ.55 (ED50 to WGS84 shift of roughly 0.1 NM not applied); the Ships' Routeing 2025 description was not opened. DL 263/2009 checked as published; later amendments to art. 6 not checked. 'Partial' reflects edge slivers only; the TSS is practically within the Roca Control service.,audits/stage2/B20_Association_Audit.md,Complete authority/boundary review; update the master record and rerun validation.
GAP-TSS-0097,TSS-0097,B20,At Banco del Hoyo,High,ASSOCIATION_UNRESOLVED; OPEN_SOURCE_OR_BOUNDARY_ISSUE,"Whether Tarifa Traffic (CCS Tarifa) monitors Banco del Hoyo as part of the 'Estrecho' DST supervision, or whether CCS Cádiz port traffic service reaches it; need a Salvamento Marítimo/ALRS service-area description. Current (2025 edition) TSS coordinates not opened; A.186(VI) 1969 description used.",audits/stage2/B20_Association_Audit.md,Complete authority/boundary review; update the master record and rerun validation.
GAP-TSS-0098,TSS-0098,B20,In the Strait of Gibraltar,Review,OPEN_SOURCE_OR_BOUNDARY_ISSUE,"Tangier Traffic's current operation rests on MSC.300(87) (2010) plus Moroccan press (not opened, lead only); under decision 4 its link needs a current Moroccan official source, but the TSS status does not depend on it because Tarifa Traffic is current.",audits/stage2/B20_Association_Audit.md,Complete authority/boundary review; update the master record and rerun validation.
GAP-TSS-0099,TSS-0099,B20,Off Cabo de Gata,Review,OPEN_SOURCE_OR_BOUNDARY_ISSUE,No official source gives a distinct service name or VHF call sign for the Cabo de Gata DST traffic service (unlike 'Tarifa Traffic' and the Finisterre STM); the only IMO text (COLREG.2/Circ.57) refers to Almería MRCC for voluntary notification.,audits/stage2/B20_Association_Audit.md,Complete authority/boundary review; update the master record and rerun validation.
GAP-TSS-0100,TSS-0100,B20,Off Cape Palos,High,ASSOCIATION_UNRESOLVED; OPEN_SOURCE_OR_BOUNDARY_ISSUE,"Need an official Spanish statement or chart showing whether any VTS (SASEMAR CCS Cartagena, or a port authority service) covers the TSS, or an official complete list of Spanish VTS areas; the Cartagena port traffic service limits (port authority ordinance in BOE) were not overlaid. Leads: CCS Cartagena (port traffic monitoring).",audits/stage2/B20_Association_Audit.md,Complete authority/boundary review; update the master record and rerun validation.
GAP-TSS-0101,TSS-0101,B21,Off Cape La Nao,High,ASSOCIATION_UNRESOLVED; OPEN_SOURCE_OR_BOUNDARY_ISSUE,"Need an official Spanish statement or chart showing whether any VTS covers the TSS, or an official complete list of Spanish VTS areas; Valencia port VTS and Alicante/Dénia port traffic limits not overlaid (the TSS is far offshore, so coverage is unlikely but not disproved). Leads: CCS Valencia, Valencia port VTS.",audits/stage2/B21_Association_Audit.md,Complete authority/boundary review; update the master record and rerun validation.
GAP-TSS-0102,TSS-0102,B21,In the Corsica Channel,High,ASSOCIATION_UNRESOLVED; OPEN_SOURCE_OR_BOUNDARY_ISSUE,"Whether CROSS Med (La Garde/Ajaccio) or an Italian Guardia Costiera VTS (e.g. Livorno) monitors the TSS as a VTS; whether any French préfet maritime or Italian national reporting obligation applies. Pass 4 lead: arrêté du préfet maritime de la Méditerranée n° 256/2016 of 24 November 2016 regulates navigation in the Corsica Channel DST, precautionary areas and inshore zone; not opened (not found on the premar-mediterranee.gouv.fr listing), may contain reporting or monitoring provisions.",audits/stage2/B21_Association_Audit.md,Complete authority/boundary review; update the master record and rerun validation.
GAP-TSS-0103,TSS-0103,B21,Off Cani Island,High,ASSOCIATION_UNRESOLVED; OPEN_SOURCE_OR_BOUNDARY_ISSUE,"Need Tunisian official material (OMMP / Direction générale de la marine marchande, ALRS Vol 6) on any coastal VTS or reporting at Cani Island / Bizerte approaches.",audits/stage2/B21_Association_Audit.md,Complete authority/boundary review; update the master record and rerun validation.
GAP-TSS-0104,TSS-0104,B21,Off Cape Bon,High,ASSOCIATION_UNRESOLVED; OPEN_SOURCE_OR_BOUNDARY_ISSUE,Need Tunisian official material on any coastal VTS or reporting at Cap Bon; Italian (Pantelleria/Sicily) services not checked.,audits/stage2/B21_Association_Audit.md,Complete authority/boundary review; update the master record and rerun validation.
GAP-TSS-0105,TSS-0105,B21,In the Adriatic Sea: in the North Adriatic Sea,Review,OPEN_SOURCE_OR_BOUNDARY_ISSUE,"(1) Ships' Routeing 2025 text of B-III/8 not opened; composition (eastern and western parts) inferred from COLREG.2/Circ.54 and the register numbering. (2) Croatian EEZ decision and 2005 technical correction of the shelf line not opened; Sector A limits (NN 52/2025 annex 4 image) not overlaid; datum differences (ED50/Hermannskogel) not applied, immaterial at 6 NM or more. (3) Italian coverage of the western part (Ravenna/Ancona Coast Guard) not established.",audits/stage2/B21_Association_Audit.md,Complete authority/boundary review; update the master record and rerun validation.
GAP-TSS-0106,TSS-0106,B22,In the Adriatic Sea: approaches to Gulf of Trieste,High,FIRST_PASS_NOT_AUDITED; OPEN_SOURCE_OR_BOUNDARY_ISSUE; POSITIVE_REPORTING_EVIDENCE_INCOMPLETE,Trieste VTS vs TSS geometry.,audits/IMO2025_B22_Audit.md,Complete authority/boundary review; update the master record and rerun validation.
GAP-TSS-0107,TSS-0107,B22,In the Adriatic Sea: approaches to Gulf of Venice,High,FIRST_PASS_NOT_AUDITED; OPEN_SOURCE_OR_BOUNDARY_ISSUE; POSITIVE_REPORTING_EVIDENCE_INCOMPLETE,Venice VTS area vs this TSS.,audits/IMO2025_B22_Audit.md,Complete authority/boundary review; update the master record and rerun validation.
GAP-TSS-0108,TSS-0108,B22,In the Gulf of Trieste,High,FIRST_PASS_NOT_AUDITED; ASSOCIATION_UNRESOLVED; OPEN_SOURCE_OR_BOUNDARY_ISSUE,Stage 2 mint Koper/Trieste VTS?,audits/IMO2025_B22_Audit.md,Complete authority/boundary review; update the master record and rerun validation.
GAP-TSS-0109,TSS-0109,B22,Approaches to/from Koper,High,FIRST_PASS_NOT_AUDITED; ASSOCIATION_UNRESOLVED; OPEN_SOURCE_OR_BOUNDARY_ISSUE,Mint Koper VTS after polygon check.,audits/IMO2025_B22_Audit.md,Complete authority/boundary review; update the master record and rerun validation.
GAP-TSS-0110,TSS-0110,B22,Approaches to/from Monfalcone,High,FIRST_PASS_NOT_AUDITED; OPEN_SOURCE_OR_BOUNDARY_ISSUE; POSITIVE_REPORTING_EVIDENCE_INCOMPLETE,Monfalcone vs Trieste VTS.,audits/IMO2025_B22_Audit.md,Complete authority/boundary review; update the master record and rerun validation.
GAP-TSS-0111,TSS-0111,B23,Saronicos Gulf (in the approaches to Piraeus Harbour),High,FIRST_PASS_NOT_AUDITED; ASSOCIATION_UNRESOLVED; OPEN_SOURCE_OR_BOUNDARY_ISSUE,Mint Piraeus VTS in Stage 2.,audits/IMO2025_B23_Audit.md,Complete authority/boundary review; update the master record and rerun validation.
GAP-TSS-0112,TSS-0112,B23,In the approaches to the port of Thessaloniki,High,FIRST_PASS_NOT_AUDITED; ASSOCIATION_UNRESOLVED; OPEN_SOURCE_OR_BOUNDARY_ISSUE,Current HCG status of Thessaloniki VTS.,audits/IMO2025_B23_Audit.md,Complete authority/boundary review; update the master record and rerun validation.
GAP-TSS-0113,TSS-0113,B23,Western approach to Mina Dumyat,High,FIRST_PASS_NOT_AUDITED; ASSOCIATION_UNRESOLVED; OPEN_SOURCE_OR_BOUNDARY_ISSUE,Damietta VTS vs SC-VTMS boundary.,audits/IMO2025_B23_Audit.md,Complete authority/boundary review; update the master record and rerun validation.
GAP-TSS-0114,TSS-0114,B23,Eastern approaches to Mina Dumyat,High,FIRST_PASS_NOT_AUDITED; ASSOCIATION_UNRESOLVED; OPEN_SOURCE_OR_BOUNDARY_ISSUE,Same as TSS-0113.,audits/IMO2025_B23_Audit.md,Complete authority/boundary review; update the master record and rerun validation.
GAP-TSS-0115,TSS-0115,B23,Western approaches to Bur Said,High,FIRST_PASS_NOT_AUDITED; ASSOCIATION_UNRESOLVED; OPEN_SOURCE_OR_BOUNDARY_ISSUE,SC-VTMS area vs Port Said TSS polygons.,audits/IMO2025_B23_Audit.md,Complete authority/boundary review; update the master record and rerun validation.
GAP-TSS-0116,TSS-0116,B24,Eastern approach to Bur Said,High,FIRST_PASS_NOT_AUDITED; ASSOCIATION_UNRESOLVED; OPEN_SOURCE_OR_BOUNDARY_ISSUE,Do not split Port Said into two VTS identities.,audits/IMO2025_B24_Audit.md,Complete authority/boundary review; update the master record and rerun validation.
GAP-TSS-0117,TSS-0117,B24,In the southern approaches to the Kerch Strait,High,FIRST_PASS_NOT_AUDITED; ASSOCIATION_UNRESOLVED; OPEN_SOURCE_OR_BOUNDARY_ISSUE,Do not assign operator.,audits/IMO2025_B24_Audit.md,Complete authority/boundary review; update the master record and rerun validation.
GAP-TSS-0118,TSS-0118,B24,In the area off the south-western coast of the Crimea,High,FIRST_PASS_NOT_AUDITED; ASSOCIATION_UNRESOLVED; OPEN_SOURCE_OR_BOUNDARY_ISSUE,Current Sevastopol VTS operator.,audits/IMO2025_B24_Audit.md,Complete authority/boundary review; update the master record and rerun validation.
GAP-TSS-0119,TSS-0119,B24,"Approaches to the Chornomorsk, Odesa and Pivdennyi ports",High,FIRST_PASS_NOT_AUDITED; ASSOCIATION_UNRESOLVED; OPEN_SOURCE_OR_BOUNDARY_ISSUE,Overlay Order 655/2007 on TSS-0119.,audits/IMO2025_B24_Audit.md,Complete authority/boundary review; update the master record and rerun validation.
GAP-TSS-0120,TSS-0120,B24,Strait of Istanbul – North approach,High,FIRST_PASS_NOT_AUDITED; ASSOCIATION_UNRESOLVED; OPEN_SOURCE_OR_BOUNDARY_ISSUE,Part I 2025 book check for TUBRAP.,audits/IMO2025_B24_Audit.md,Complete authority/boundary review; update the master record and rerun validation.
GAP-TSS-0121,TSS-0121,B25,Strait of Istanbul,High,FIRST_PASS_NOT_AUDITED; ASSOCIATION_UNRESOLVED; OPEN_SOURCE_OR_BOUNDARY_ISSUE,One TSVTS identity for TSS-0120 to 0124.,audits/IMO2025_B25_Audit.md,Complete authority/boundary review; update the master record and rerun validation.
GAP-TSS-0122,TSS-0122,B25,Strait of Istanbul – South approach and Sea of Marmara,High,FIRST_PASS_NOT_AUDITED; ASSOCIATION_UNRESOLVED; OPEN_SOURCE_OR_BOUNDARY_ISSUE,Do not invent a Marmara VTS.,audits/IMO2025_B25_Audit.md,Complete authority/boundary review; update the master record and rerun validation.
GAP-TSS-0123,TSS-0123,B25,Strait of Çanakkale,High,FIRST_PASS_NOT_AUDITED; ASSOCIATION_UNRESOLVED; OPEN_SOURCE_OR_BOUNDARY_ISSUE,Sectors are not extra VTS IDs.,audits/IMO2025_B25_Audit.md,Complete authority/boundary review; update the master record and rerun validation.
GAP-TSS-0124,TSS-0124,B25,Strait of Çanakkale – South-west approach,High,FIRST_PASS_NOT_AUDITED; ASSOCIATION_UNRESOLVED; OPEN_SOURCE_OR_BOUNDARY_ISSUE,Same TSVTS family.,audits/IMO2025_B25_Audit.md,Complete authority/boundary review; update the master record and rerun validation.
GAP-TSS-0125,TSS-0125,B25,In the Gulf of Suez,High,FIRST_PASS_NOT_AUDITED; ASSOCIATION_UNRESOLVED; OPEN_SOURCE_OR_BOUNDARY_ISSUE,Current EAMS users page.,audits/IMO2025_B25_Audit.md,Complete authority/boundary review; update the master record and rerun validation.
GAP-TSS-0126,TSS-0126,B26,In the entrance to the Gulf of Aqaba,High,FIRST_PASS_NOT_AUDITED; ASSOCIATION_UNRESOLVED; OPEN_SOURCE_OR_BOUNDARY_ISSUE,Do not merge with Aqaba port VTS.,audits/IMO2025_B26_Audit.md,Complete authority/boundary review; update the master record and rerun validation.
GAP-TSS-0127,TSS-0127,B26,Near the deep-water route leading to Jazan Economic City Port,High,FIRST_PASS_NOT_AUDITED; ASSOCIATION_UNRESOLVED; OPEN_SOURCE_OR_BOUNDARY_ISSUE,Mawani/Jazan users page vs TSS-0127.,audits/IMO2025_B26_Audit.md,Complete authority/boundary review; update the master record and rerun validation.
GAP-TSS-0128,TSS-0128,B26,In the southern Red Sea – west and south of Hanish al Kubra,High,FIRST_PASS_NOT_AUDITED; OPEN_SOURCE_OR_BOUNDARY_ISSUE; NEGATIVE_FINDING_REQUIRES_SCOPE_RECHECK,UKMTO is not Part I.,audits/IMO2025_B26_Audit.md,Complete authority/boundary review; update the master record and rerun validation.
GAP-TSS-0129,TSS-0129,B26,In the southern Red Sea – east of Jabal Zuqar Island,High,FIRST_PASS_NOT_AUDITED; OPEN_SOURCE_OR_BOUNDARY_ISSUE; NEGATIVE_FINDING_REQUIRES_SCOPE_RECHECK,Same MSTC overlay.,audits/IMO2025_B26_Audit.md,Complete authority/boundary review; update the master record and rerun validation.
GAP-TSS-0130,TSS-0130,B26,In the Strait of Bab el Mandeb,High,FIRST_PASS_NOT_AUDITED; OPEN_SOURCE_OR_BOUNDARY_ISSUE; NEGATIVE_FINDING_REQUIRES_SCOPE_RECHECK,Security risk is not a VTS ID.,audits/IMO2025_B26_Audit.md,Complete authority/boundary review; update the master record and rerun validation.
GAP-TSS-0131,TSS-0131,B27,Off Ras al Hadd,High,FIRST_PASS_NOT_AUDITED; ASSOCIATION_UNRESOLVED; OPEN_SOURCE_OR_BOUNDARY_ISSUE,ASYAD/RNO VTS list vs Ras al Hadd.,audits/IMO2025_B27_Audit.md,Complete authority/boundary review; update the master record and rerun validation.
GAP-TSS-0132,TSS-0132,B27,Off Ra’s al Kuh,High,FIRST_PASS_NOT_AUDITED; ASSOCIATION_UNRESOLVED; OPEN_SOURCE_OR_BOUNDARY_ISSUE,Port Control is not a Hormuz VTS ID.,audits/IMO2025_B27_Audit.md,Complete authority/boundary review; update the master record and rerun validation.
GAP-TSS-0133,TSS-0133,B27,In the Strait of Hormuz,High,FIRST_PASS_NOT_AUDITED; OPEN_SOURCE_OR_BOUNDARY_ISSUE; NEGATIVE_FINDING_REQUIRES_SCOPE_RECHECK,Bandar Abbas VTS area vs Hormuz lanes.,audits/IMO2025_B27_Audit.md,Complete authority/boundary review; update the master record and rerun validation.
GAP-TSS-0134,TSS-0134,B27,Tunb–Farur,High,FIRST_PASS_NOT_AUDITED; ASSOCIATION_UNRESOLVED; OPEN_SOURCE_OR_BOUNDARY_ISSUE,Enforcement vs scheme identity.,audits/IMO2025_B27_Audit.md,Complete authority/boundary review; update the master record and rerun validation.
GAP-TSS-0135,TSS-0135,B27,Between Zaqqum and Umm Shaif,High,FIRST_PASS_NOT_AUDITED; ASSOCIATION_UNRESOLVED; OPEN_SOURCE_OR_BOUNDARY_ISSUE,Stage 2 mint decision for Das VTIS.,audits/IMO2025_B27_Audit.md,Complete authority/boundary review; update the master record and rerun validation.
GAP-TSS-0136,TSS-0136,B28,In the approaches to Ras Tanura and Ju’aymah,High,FIRST_PASS_NOT_AUDITED; ASSOCIATION_UNRESOLVED; OPEN_SOURCE_OR_BOUNDARY_ISSUE,VTMS area vs full IMO approaches polygon.,audits/IMO2025_B28_Audit.md,Complete authority/boundary review; update the master record and rerun validation.
GAP-TSS-0137,TSS-0137,B28,Marjan/Zuluf,High,FIRST_PASS_NOT_AUDITED; ASSOCIATION_UNRESOLVED; OPEN_SOURCE_OR_BOUNDARY_ISSUE,Must passing traffic call the field MTCC?,audits/IMO2025_B28_Audit.md,Complete authority/boundary review; update the master record and rerun validation.
GAP-TSS-0138,TSS-0138,B28,Approaches to the port of Ra’s al Khafji,High,FIRST_PASS_NOT_AUDITED; ASSOCIATION_UNRESOLVED; OPEN_SOURCE_OR_BOUNDARY_ISSUE,Named VTS page not opened.,audits/IMO2025_B28_Audit.md,Complete authority/boundary review; update the master record and rerun validation.
GAP-TSS-0139,TSS-0139,B28,Off Mina Al-Ahmadi – North scheme I,High,FIRST_PASS_NOT_AUDITED; ASSOCIATION_UNRESOLVED; OPEN_SOURCE_OR_BOUNDARY_ISSUE,KOTC VTS manual if any.,audits/IMO2025_B28_Audit.md,Complete authority/boundary review; update the master record and rerun validation.
GAP-TSS-0140,TSS-0140,B28,Off Mina Al-Ahmadi – North scheme II,High,FIRST_PASS_NOT_AUDITED; ASSOCIATION_UNRESOLVED; OPEN_SOURCE_OR_BOUNDARY_ISSUE,Do not invent a second Kuwait VTS.,audits/IMO2025_B28_Audit.md,Complete authority/boundary review; update the master record and rerun validation.
GAP-TSS-0141,TSS-0141,B29,Off Mina Al-Ahmadi – South scheme,High,FIRST_PASS_NOT_AUDITED; ASSOCIATION_UNRESOLVED; OPEN_SOURCE_OR_BOUNDARY_ISSUE,One parent three TSS one control family.,audits/IMO2025_B29_Audit.md,Complete authority/boundary review; update the master record and rerun validation.
GAP-TSS-0142,TSS-0142,B29,Off Dondra Head,High,FIRST_PASS_NOT_AUDITED; OPEN_SOURCE_OR_BOUNDARY_ISSUE; NEGATIVE_FINDING_REQUIRES_SCOPE_RECHECK,No Sri Lankan coastal VTS claims this TSS.,audits/IMO2025_B29_Audit.md,Complete authority/boundary review; update the master record and rerun validation.
GAP-TSS-0143,TSS-0143,B29,Off Alphard Banks 34 miles south of Cape Infanta,High,FIRST_PASS_NOT_AUDITED; ASSOCIATION_UNRESOLVED; OPEN_SOURCE_OR_BOUNDARY_ISSUE,Current SANHO page for Alphard offshore system.,audits/IMO2025_B29_Audit.md,Complete authority/boundary review; update the master record and rerun validation.
GAP-TSS-0144,TSS-0144,B29,Off the FA platform 47 miles south of Mossel Bay,High,FIRST_PASS_NOT_AUDITED; OPEN_SOURCE_OR_BOUNDARY_ISSUE; NEGATIVE_FINDING_REQUIRES_SCOPE_RECHECK,Do not merge with Mossel Bay VTS.,audits/IMO2025_B29_Audit.md,Complete authority/boundary review; update the master record and rerun validation.
GAP-TSS-0145,TSS-0145,B29,At One Fathom Bank,High,FIRST_PASS_NOT_AUDITED; OPEN_SOURCE_OR_BOUNDARY_ISSUE; POSITIVE_VTS_EVIDENCE_INCOMPLETE,Align sector chartlet with B30 Stage 2 density.,audits/IMO2025_B29_Audit.md,Complete authority/boundary review; update the master record and rerun validation.
GAP-TSS-0146,TSS-0146,B30,Port Klang to Port Dickson,Review,OPEN_SOURCE_OR_BOUNDARY_ISSUE,Sector 1-6 boundaries are published only as chartlets (no coordinates); sector attribution is by chartlet reading. Parent operating body of Klang VTS (Marine Department Malaysia) supported only by a lead source; marine.gov.my unavailable (HTTP 503 / certificate error).,audits/stage2/B30_Association_Audit.md,Complete authority/boundary review; update the master record and rerun validation.
GAP-TSS-0147,TSS-0147,B30,Port Dickson to Tanjung Keling,Review,OPEN_SOURCE_OR_BOUNDARY_ISSUE,Sector boundaries graphical only. Parent operating body of Klang VTS supported only by lead source.,audits/stage2/B30_Association_Audit.md,Complete authority/boundary review; update the master record and rerun validation.
GAP-TSS-0148,TSS-0148,B30,Malacca to Iyu Kecil,Review,OPEN_SOURCE_OR_BOUNDARY_ISSUE,Sector 4/5 and 5/6 boundaries graphical only. Singapore VTS link is a marginal terminal overlap (editor may prefer to record Klang VTS and Johor VTS as the principal services). Operating body of Klang and Johor VTS supported only by lead source; Johor VTS centre location not stated in sources opened.,audits/stage2/B30_Association_Audit.md,Complete authority/boundary review; update the master record and rerun validation.
GAP-TSS-0152,TSS-0152,B31,At Horsburgh lighthouse area,Review,OPEN_SOURCE_OR_BOUNDARY_ISSUE,No evidence found of VTS or mandatory reporting coverage of the part of the scheme east of 104°23'E; possible Malaysian (Johor) or Indonesian (Batam/Tanjung Pinang) VTS coverage not researched. Pass 4: MPA asks eastbound-arriving ships to report to VTIS East when Horsburgh Lt (104 24.3E) is abeam; that is a reporting point and does not extend VTS coverage east of 104 23E.,audits/stage2/B31_Association_Audit.md,Complete authority/boundary review; update the master record and rerun validation.
GAP-TSS-0153,TSS-0153,B31,In the Sunda Strait,Review,OPEN_SOURCE_OR_BOUNDARY_ISSUE,Current (post-2020) official confirmation of Merak VTS operation and area limits not retrieved; texts of KM 129/2020 and KM 130/2020 not read (Hubla press release gives both titles as concerning Selat Lombok / Selat Lombok dan Selat Sunda). MRS applies only to Indonesian-flag ships. Pass 4: obtain a current (2023 or later) official source confirming the VTS operates over and covers this TSS; read the national decree text.,audits/stage2/B31_Association_Audit.md,Complete authority/boundary review; update the master record and rerun validation.
GAP-TSS-0154,TSS-0154,B31,In the Lombok Strait,Review,OPEN_SOURCE_OR_BOUNDARY_ISSUE,Current official confirmation of Benoa VTS operation and area limits not retrieved; KM texts not read. MRS applies only to Indonesian-flag ships. Pass 4: obtain a current (2023 or later) official source confirming the VTS operates over and covers this TSS; read the national decree text.,audits/stage2/B31_Association_Audit.md,Complete authority/boundary review; update the master record and rerun validation.
GAP-TSS-0155,TSS-0155,B31,Eastern approaches to Victoria Port (Tathong Channel),Review,OPEN_SOURCE_OR_BOUNDARY_ISSUE,IMO parent B-V/11 is titled In the East Lamma and Tathong Channels; this record covers the Tathong Channel scheme only (East Lamma is a separate record). TSS coordinates not overlaid on the sector chart; exact sector split at Lei Yue Mun not confirmed.,audits/stage2/B31_Association_Audit.md,Complete authority/boundary review; update the master record and rerun validation.
GAP-TSS-0156,TSS-0156,B32,Western approaches to Victoria Port (East Lamma Channel),Review,OPEN_SOURCE_OR_BOUNDARY_ISSUE,"IMO adoption instrument not re-opened; if any part of the IMO scheme (e.g. its southern entrance) extends south of the HKSAR boundary, that part would be outside HK VTS. Official sources describe the TSS as within Hong Kong waters. Pass 4: the fact sheet revision date (31 Dec 2025) was not shown on re-fetch; re-check.",audits/stage2/B32_Association_Audit.md,Complete authority/boundary review; update the master record and rerun validation.
GAP-TSS-0157,TSS-0157,B32,In the Dangan Channel,High,ASSOCIATION_UNRESOLVED; OPEN_SOURCE_OR_BOUNDARY_ISSUE,"Need an official Guangdong/Guangzhou MSA navigation notice or VTS area announcement that extends the Guangzhou VTS area (or defines a new sector) over the Dangan Channel TSS, confirmation that trial operation has become formal operation, the IMO scheme coordinates (COLREG.2/Circ.71, 2018) to test overlap with Hong Kong waters, and the area of the Pearl River Estuary ship reporting system.",audits/stage2/B32_Association_Audit.md,Complete authority/boundary review; update the master record and rerun validation.
GAP-TSS-0158,TSS-0158,B32,Off Cape Leeuwin,Review,OPEN_SOURCE_OR_BOUNDARY_ISSUE,VTS area charts on the AMSA list were not opened individually; the list page dates from November 2023. MASTREP has no project VRS ID (not an IMO Part I system); coordinator to decide whether to allocate a national-scheme ID. Pass 4: VTS absence is positively supported by the AMSA provider list (no provider on the south-west coast apart from port-limited Fremantle); candidate for Neither confirmed on the VTS side.,audits/stage2/B32_Association_Audit.md,Complete authority/boundary review; update the master record and rerun validation.
GAP-TSS-0159,TSS-0159,B32,Off Chatham Island,Review,OPEN_SOURCE_OR_BOUNDARY_ISSUE,Position of the Chatham Island component not re-plotted from the IMO text or Australian NtM; MASTREP has no project VRS ID. Pass 4: VTS absence is positively supported by the AMSA provider list; candidate for Neither confirmed on the VTS side.,audits/stage2/B32_Association_Audit.md,Complete authority/boundary review; update the master record and rerun validation.
GAP-TSS-0160,TSS-0160,B32,South of Wilson Promontory in the Bass Strait,Review,OPEN_SOURCE_OR_BOUNDARY_ISSUE,"Melbourne and TasPorts VTS area charts not opened, so absence of VTS is not formally demonstrated (does not affect MRS only status). MASTREP has no project VRS ID. Pass 4: VTS absence strongly supported (TasPorts areas are small) but not closed: the Port of Melbourne VTS area was not opened.",audits/stage2/B32_Association_Audit.md,Complete authority/boundary review; update the master record and rerun validation.
GAP-TSS-0161,TSS-0161,B33,In the Bass Strait,Review,OPEN_SOURCE_OR_BOUNDARY_ISSUE,Exact position of the TSS not re-plotted from the IMO text or Australian NtM; port VTS area charts not opened. MASTREP has no project VRS ID. Pass 4: VTS absence strongly supported (TasPorts areas are small) but not closed: the Port of Melbourne VTS area was not opened.,audits/stage2/B33_Association_Audit.md,Complete authority/boundary review; update the master record and rerun validation.
GAP-TSS-0162,TSS-0162,B33,In Prince William Sound,Review,OPEN_SOURCE_OR_BOUNDARY_ISSUE,"Coverage is full for the traffic lanes and separation zones; the southern part of the associated Cape Hinchinbrook precautionary area is outside the VTS area (and partly outside the VMRS area). Light position for Cape Hinchinbrook Light taken from the reporting-point coordinates, not the Light List.",audits/stage2/B33_Association_Audit.md,Complete authority/boundary review; update the master record and rerun validation.
GAP-TSS-0163,TSS-0163,B33,Strait of Juan de Fuca – Western approach,Review,OPEN_SOURCE_OR_BOUNDARY_ISSUE,"33 CFR 161.55(a) defines the CVTS for the Juan de Fuca Region with a western limit near 124°48'W, narrower than the RAMN CVTS Area of Operation (125°15'W); coverage relies on RAMN s.3.5.4 and Table 161.12(c). RAMN quotes were extracted through WebFetch because direct download failed. Territorial-sea distances are my approximations.",audits/stage2/B33_Association_Audit.md,Complete authority/boundary review; update the master record and rerun validation.
GAP-TSS-0164,TSS-0164,B33,Strait of Juan de Fuca – South-western approach,Review,OPEN_SOURCE_OR_BOUNDARY_ISSUE,Same as TSS-0163 (narrower CVTS definition in §161.55(a); RAMN extracted via WebFetch; approximate territorial-sea plot).,audits/stage2/B33_Association_Audit.md,Complete authority/boundary review; update the master record and rerun validation.
GAP-TSS-0165,TSS-0165,B33,Strait of Juan de Fuca – Western lanes,Review,OPEN_SOURCE_OR_BOUNDARY_ISSUE,"Coordinator to decide whether the CVTS is recorded as one VTS entity or as links to its component services (VTS Puget Sound, Prince Rupert and Victoria VTS Zones). SOR/2025-275 in-force date not verified.",audits/stage2/B33_Association_Audit.md,Complete authority/boundary review; update the master record and rerun validation.
GAP-TSS-0172,TSS-0172,B35,Off San Francisco,Review,OPEN_SOURCE_OR_BOUNDARY_ISSUE,Minor: the outer tip of the Northern approach is about 0.8 nm beyond the 38 nm arc; the OVMRS extent is not documented. Plot the 12 nm territorial-sea limit against the IMO (Circ.64) coordinates to fix the extent of partial coverage.,audits/stage2/B35_Association_Audit.md,Complete authority/boundary review; update the master record and rerun validation.
GAP-TSS-0173,TSS-0173,B35,In the Santa Barbara Channel,High,ASSOCIATION_UNRESOLVED; OPEN_SOURCE_OR_BOUNDARY_ISSUE,"Confirm the B-VII/6 and B-VII/7 junction in Ships' Routeing 2025. If it is at 33°44'N 118°36'W (IMO Circ.64), record VTS Los Angeles-Long Beach as partial coverage (south-east ~10 nm only); if it is at ~33°49'N 118°47'W (local sources), the scheme only adjoins the VTS area. Also check for any Marine Exchange information service beyond 25 nm.",audits/stage2/B35_Association_Audit.md,Complete authority/boundary review; update the master record and rerun validation.
GAP-TSS-0174,TSS-0174,B35,In the approaches to Los Angeles – Long Beach,Review,OPEN_SOURCE_OR_BOUNDARY_ISSUE,"Minor: the outer ~0.3-0.7 nm of the southern approach is beyond 25 nm. The western approach's end point differs between IMO Circ.64 and local sources (see TSS-0173), but on either reading the western approach is within 25 nm. Pass 4: whether any of the San Pedro Channel along the southern approach lies more than 12 nm from both Santa Catalina Island and the mainland was not checked.",audits/stage2/B35_Association_Audit.md,Complete authority/boundary review; update the master record and rerun validation.
GAP-TSS-0175,TSS-0175,B35,In the approaches to Salina Cruz,High,ASSOCIATION_UNRESOLVED; OPEN_SOURCE_OR_BOUNDARY_ISSUE,"Need a current SEMAR (UNICAPAM / Capitanía de Puerto Salina Cruz) or ASIPONA Salina Cruz source (Reglas de Operación del Puerto, aviso náutico, or national radio aids list / ALRS Vol 6) giving the traffic control centre's status, area and any reporting duties, and whether the VHF Ch 6 contact request is still current.",audits/stage2/B35_Association_Audit.md,Complete authority/boundary review; update the master record and rerun validation.
GAP-TSS-0176,TSS-0176,B36,Gulf of Panama,High,ASSOCIATION_UNRESOLVED; OPEN_SOURCE_OR_BOUNDARY_ISSUE,"It is not known whether ACP or AMP operates a VTS-designated service whose area includes the Gulf of Panama lanes. ACP says Flamenco is a 'signal station'. Its radar coverage and service area, and the official Pacific Sea Buoy position, remain unconfirmed. There is no official list of Panamanian VTS.",audits/stage2/B36_Association_Audit.md,Complete authority/boundary review; update the master record and rerun validation.
GAP-TSS-0177,TSS-0177,B36,Morro de Puercos,High,ASSOCIATION_UNRESOLVED; OPEN_SOURCE_OR_BOUNDARY_ISSUE,"It is not known whether AMP operates any coastal VTS or monitoring service covering this part. No official list of Panamanian VTS was located, so absence cannot be confirmed.",audits/stage2/B36_Association_Audit.md,Complete authority/boundary review; update the master record and rerun validation.
GAP-TSS-0178,TSS-0178,B36,Isla Jicarita,High,ASSOCIATION_UNRESOLVED; OPEN_SOURCE_OR_BOUNDARY_ISSUE,"It is not known whether AMP operates any coastal VTS or monitoring service covering this part. No official list of Panamanian VTS was located, so absence cannot be confirmed.",audits/stage2/B36_Association_Audit.md,Complete authority/boundary review; update the master record and rerun validation.
GAP-TSS-0179,TSS-0179,B36,Landfall and approaches to Talara Bay,High,ASSOCIATION_UNRESOLVED; OPEN_SOURCE_OR_BOUNDARY_ISSUE,"No DICAPI or HIDRONAV publication (VTS resolution, radio aids list) was obtained to confirm the absence of a VTS or national reporting scheme. The dicapi.mil.pe and HIDRONAV radio-aids material could not be searched.",audits/stage2/B36_Association_Audit.md,Complete authority/boundary review; update the master record and rerun validation.
GAP-TSS-0180,TSS-0180,B36,Landfall and approaches to Paita Bay,High,ASSOCIATION_UNRESOLVED; OPEN_SOURCE_OR_BOUNDARY_ISSUE,"No DICAPI or HIDRONAV publication (VTS resolution, radio aids list) was obtained to confirm the absence of a VTS or national reporting scheme. The dicapi.mil.pe and HIDRONAV radio-aids material could not be searched.",audits/stage2/B36_Association_Audit.md,Complete authority/boundary review; update the master record and rerun validation.
GAP-TSS-0181,TSS-0181,B37,Landfall off Puerto Salaverry,High,ASSOCIATION_UNRESOLVED; OPEN_SOURCE_OR_BOUNDARY_ISSUE,"No DICAPI or HIDRONAV publication (VTS resolution, radio aids list) was obtained to confirm the absence of a VTS or national reporting scheme. The dicapi.mil.pe and HIDRONAV radio-aids material could not be searched.",audits/stage2/B37_Association_Audit.md,Complete authority/boundary review; update the master record and rerun validation.
GAP-TSS-0182,TSS-0182,B37,Landfall and approaches to Ferrol Bay (Puerto Chimbote),High,ASSOCIATION_UNRESOLVED; OPEN_SOURCE_OR_BOUNDARY_ISSUE,"No DICAPI or HIDRONAV publication (VTS resolution, radio aids list) was obtained to confirm the absence of a VTS or national reporting scheme. The dicapi.mil.pe and HIDRONAV radio-aids material could not be searched.",audits/stage2/B37_Association_Audit.md,Complete authority/boundary review; update the master record and rerun validation.
GAP-TSS-0183,TSS-0183,B37,Approaches to Puerto Callao,High,ASSOCIATION_UNRESOLVED; OPEN_SOURCE_OR_BOUNDARY_ISSUE,"Obtain a DICAPI resolution or HIDRONAV radio aids entry establishing 'VTS Callao' / TRAMAR. It should give the official name, service area, VHF channels and participation. Confirm whether it covers all three TSS parts and whether the TRAMAR reports are part of that VTS or a separate national scheme.",audits/stage2/B37_Association_Audit.md,Complete authority/boundary review; update the master record and rerun validation.
GAP-TSS-0184,TSS-0184,B37,In the approaches to Puerto Pisco,High,ASSOCIATION_UNRESOLVED; OPEN_SOURCE_OR_BOUNDARY_ISSUE,"No DICAPI or HIDRONAV publication (VTS resolution, radio aids list) was obtained to confirm the absence of a VTS or national reporting scheme. The dicapi.mil.pe and HIDRONAV radio-aids material could not be searched.",audits/stage2/B37_Association_Audit.md,Complete authority/boundary review; update the master record and rerun validation.
GAP-TSS-0185,TSS-0185,B37,Landfall and approaches to San Nicolas Bay,High,ASSOCIATION_UNRESOLVED; OPEN_SOURCE_OR_BOUNDARY_ISSUE,"No DICAPI or HIDRONAV publication (VTS resolution, radio aids list) was obtained to confirm the absence of a VTS or national reporting scheme. The dicapi.mil.pe and HIDRONAV radio-aids material could not be searched.",audits/stage2/B37_Association_Audit.md,Complete authority/boundary review; update the master record and rerun validation.
GAP-TSS-0186,TSS-0186,B38,Landfall and approaches to Puerto Ilo,High,ASSOCIATION_UNRESOLVED; OPEN_SOURCE_OR_BOUNDARY_ISSUE,No DICAPI source on VTS or mandatory reporting at Ilo; need an official Peruvian list of VTS/traffic control services and status of SIMTRAC.,audits/stage2/B38_Association_Audit.md,Complete authority/boundary review; update the master record and rerun validation.
GAP-TSS-0187,TSS-0187,B38,In the approaches to Arica,Review,OPEN_SOURCE_OR_BOUNDARY_ISSUE,VTS evidence is Tier 3 (NGA) only; DIRECTEMAR instrument defining VTS Arica limits not located (directemar.cl partly blocked). Diagram is schematic. Evidence is Tier 3 only (NGA Pub. 125); no DIRECTEMAR primary source could be opened (prontus.directemar.cl returns 403).,audits/stage2/B38_Association_Audit.md,Complete authority/boundary review; update the master record and rerun validation.
GAP-TSS-0188,TSS-0188,B38,In the approaches to Iquique,Review,OPEN_SOURCE_OR_BOUNDARY_ISSUE,VTS evidence is Tier 3 (NGA) only; DIRECTEMAR instrument defining VTS Iquique limits not located. Evidence is Tier 3 only (NGA Pub. 125); no DIRECTEMAR primary source could be opened (prontus.directemar.cl returns 403).,audits/stage2/B38_Association_Audit.md,Complete authority/boundary review; update the master record and rerun validation.
GAP-TSS-0189,TSS-0189,B38,In the approaches to Antofagasta,Review,OPEN_SOURCE_OR_BOUNDARY_ISSUE,Whether DIRECTEMAR operates a VTS/STM at Antofagasta (not named in NGA Pub. 125); need a DIRECTEMAR list of VTS services.,audits/stage2/B38_Association_Audit.md,Complete authority/boundary review; update the master record and rerun validation.
GAP-TSS-0190,TSS-0190,B38,In the approaches to Quintero Bay,Review,OPEN_SOURCE_OR_BOUNDARY_ISSUE,Tier 3 only; relationship between VTS Quintero and VTS Valparaíso (separate services or one control zone with two centres) not established from a DIRECTEMAR source. Datum difference (TSS SAD69 chart vs VTS coordinates) negligible given margins. Evidence is Tier 3 only (NGA Pub. 125); no DIRECTEMAR primary source could be opened (prontus.directemar.cl returns 403).,audits/stage2/B38_Association_Audit.md,Complete authority/boundary review; update the master record and rerun validation.
GAP-TSS-0191,TSS-0191,B39,In the approaches to Valparaiso,Review,OPEN_SOURCE_OR_BOUNDARY_ISSUE,Tier 3 only; DIRECTEMAR instrument (e.g. resolution 12.000/934 of 2018 lead) not opened. Overlap with the VTS Quintero area to be reconciled by the coordinator (one service or two). Evidence is Tier 3 only (NGA Pub. 125); no DIRECTEMAR primary source could be opened (prontus.directemar.cl returns 403).,audits/stage2/B39_Association_Audit.md,Complete authority/boundary review; update the master record and rerun validation.
GAP-TSS-0192,TSS-0192,B39,In the approaches to Concepcion Bay,Review,OPEN_SOURCE_OR_BOUNDARY_ISSUE,Whether the Talcahuano information service is a VTS; whether the TSS lies in internal waters (CHILREP position-report duty).,audits/stage2/B39_Association_Audit.md,Complete authority/boundary review; update the master record and rerun validation.
GAP-TSS-0193,TSS-0193,B39,In the approaches to San Vicente Bay,Review,OPEN_SOURCE_OR_BOUNDARY_ISSUE,Whether any DIRECTEMAR VTS/STM covers San Vicente/Talcahuano approaches.,audits/stage2/B39_Association_Audit.md,Complete authority/boundary review; update the master record and rerun validation.
GAP-TSS-0194,TSS-0194,B39,In the approaches to Punta Arenas,Review,OPEN_SOURCE_OR_BOUNDARY_ISSUE,"Counted under decision 3. Reporting frequency differs between NGA Pub. 124 (every 4 h, or 0800/2000 with pilot) and DIRECTEMAR (12:00Z/24:00Z); the governing instrument was not found (foreign-ship duty traced only to D.S. (M) 1190 of 1976, on reciprocity). No VTS established.",audits/stage2/B39_Association_Audit.md,Complete authority/boundary review; update the master record and rerun validation.
GAP-TSS-0195,TSS-0195,B39,In the approaches to Chedabucto Bay,Review,OPEN_SOURCE_OR_BOUNDARY_ISSUE,"Exact territorial sea limit near the TSS not opened, so whether the Part I eastern end and Part II southern end lie in the Eastern VTS Zone or outside Canadian waters is not established. RAMN Table 3-24 calling-in points not read (page truncated; direct download refused). Pass 4: the Eastern VTS Zone is limited to Canadian waters and the local zone's eastern edge is the territorial sea limit, so the eastern end of Part I is probably outside every VTS zone, while the southern end of Part II may fall in the Eastern zone.",audits/stage2/B39_Association_Audit.md,Complete authority/boundary review; update the master record and rerun validation.
GAP-TSS-0197,TSS-0197,B40,"In the approaches to Portland, Maine",Review,OPEN_SOURCE_OR_BOUNDARY_ISSUE; NEGATIVE_FINDING_REQUIRES_SCOPE_RECHECK,"Classification relies on 33 CFR 161 plus NAVCEN being complete lists of US VTS. Local voluntary arrangements (e.g. pilots, harbour master) not searched.",audits/stage2/B40_Association_Audit.md,Complete authority/boundary review; update the master record and rerun validation.
GAP-TSS-0198,TSS-0198,B40,"In the approach to Boston, Massachusetts",Review,OPEN_SOURCE_OR_BOUNDARY_ISSUE,Reporting coverage partial: lanes south of 41°00'N and the junction precautionary area shared with Off New York (Nantucket) are outside WHALESNORTH. IMO adopting resolution not cited in 33 CFR 169 (VRS-0021 per project baseline).,audits/stage2/B40_Association_Audit.md,Complete authority/boundary review; update the master record and rerun validation.
GAP-TSS-0199,TSS-0199,B40,"In the approaches to Narragansett Bay, Rhode Island, and Buzzards Bay, Massachusetts",Review,OPEN_SOURCE_OR_BOUNDARY_ISSUE; NEGATIVE_FINDING_REQUIRES_SCOPE_RECHECK,"Editorial point for coordinator: VMRS Buzzards Bay adjoins but does not cover the TSS, so it is not linked. Classification relies on 33 CFR 161 plus NAVCEN being complete lists of US VTS.",audits/stage2/B40_Association_Audit.md,Complete authority/boundary review; update the master record and rerun validation.
GAP-TSS-0200,TSS-0200,B40,Off New York,Review,OPEN_SOURCE_OR_BOUNDARY_ISSUE,"Coverage partial (landward sector of the precautionary area only; fraction is own approximation, Swash/Sandy Hook buoy and Breezy/Sandy Hook point positions approximated). Currency: USCG D1 proposed discontinuing Ambrose Channel Buoys 1, 2 and A (comment window to 2026-10-03); if removed, the 161.25 boundary reference needs re-checking.",audits/stage2/B40_Association_Audit.md,Complete authority/boundary review; update the master record and rerun validation.
GAP-TSS-0201,TSS-0201,B41,Off Delaware Bay,Review,OPEN_SOURCE_OR_BOUNDARY_ISSUE; NEGATIVE_FINDING_REQUIRES_SCOPE_RECHECK,Maritime Exchange voluntary reporting not verified from an official source. Classification relies on 33 CFR 161 plus NAVCEN being complete lists of US VTS.,audits/stage2/B41_Association_Audit.md,Complete authority/boundary review; update the master record and rerun validation.
GAP-TSS-0202,TSS-0202,B41,In the approaches to Chesapeake Bay,Review,OPEN_SOURCE_OR_BOUNDARY_ISSUE; NEGATIVE_FINDING_REQUIRES_SCOPE_RECHECK,Classification relies on 33 CFR 161 plus NAVCEN being complete lists of US VTS. Whether 165.501 situational reports should be noted by the coordinator is an editorial choice.,audits/stage2/B41_Association_Audit.md,Complete authority/boundary review; update the master record and rerun validation.
GAP-TSS-0203,TSS-0203,B41,In the approaches to the Cape Fear River,Review,OPEN_SOURCE_OR_BOUNDARY_ISSUE; NEGATIVE_FINDING_REQUIRES_SCOPE_RECHECK,Local Sector North Carolina / pilot practice not researched (would be voluntary at most). Classification relies on 33 CFR 161 plus NAVCEN being complete lists of US VTS.,audits/stage2/B41_Association_Audit.md,Complete authority/boundary review; update the master record and rerun validation.
GAP-TSS-0204,TSS-0204,B41,In the approaches to Galveston Bay,Review,OPEN_SOURCE_OR_BOUNDARY_ISSUE,"12 NM limit position computed approximately from jetty/shore positions, not from an official baseline chart; the exact split of the lanes needs a NOAA maritime limits check.",audits/stage2/B41_Association_Audit.md,Complete authority/boundary review; update the master record and rerun validation.
GAP-TSS-0205,TSS-0205,B41,In the approaches to the port of Veracruz,Review,OPEN_SOURCE_OR_BOUNDARY_ISSUE,"The ASIPONA pages do not use the term VTS and give no legal designation or mandatory participation rule; the service type should be confirmed from SEMAR/Capitanía or ALRS Vol 6. Partial coverage rests on 1996 TSS coordinates, not checked against any amendment in Ships' Routeing 2025. National mandatory reporting search was not exhaustive (SEMAR sources not located). Pass 4: the port traffic centre's defined area names the TSS, meeting association standards 1 and 3, though it is not designated a VTS; confirm with SEMAR or ALRS Vol 6.",audits/stage2/B41_Association_Audit.md,Complete authority/boundary review; update the master record and rerun validation.
GAP-TSS-0206,TSS-0206,B42,Off Cabo San Antonio,High,ASSOCIATION_UNRESOLVED; OPEN_SOURCE_OR_BOUNDARY_ISSUE,"No official Cuban source (MITRANS, Capitanías de Puerto, GEOCUBA) has been reached, and there is no official complete Cuban list of VTS/MRS. So VTS absence cannot be confirmed. The nature, location and coverage of the Cuban 'control posts' that observe the TSS are unknown.",audits/stage2/B42_Association_Audit.md,Complete authority/boundary review; update the master record and rerun validation.
GAP-TSS-0207,TSS-0207,B42,Off La Tabla,High,ASSOCIATION_UNRESOLVED; OPEN_SOURCE_OR_BOUNDARY_ISSUE,"No official Cuban source (MITRANS, Capitanías de Puerto, GEOCUBA) has been reached, and there is no official complete Cuban list of VTS/MRS. So VTS absence cannot be confirmed. The nature, location and coverage of the Cuban 'control posts' that observe the TSS are unknown.",audits/stage2/B42_Association_Audit.md,Complete authority/boundary review; update the master record and rerun validation.
GAP-TSS-0208,TSS-0208,B42,Off Costa de Matanzas,High,ASSOCIATION_UNRESOLVED; OPEN_SOURCE_OR_BOUNDARY_ISSUE,"No official Cuban source (MITRANS, Capitanías de Puerto, GEOCUBA) has been reached, and there is no official complete Cuban list of VTS/MRS. So VTS absence cannot be confirmed. The nature, location and coverage of the Cuban 'control posts' that observe the TSS are unknown.",audits/stage2/B42_Association_Audit.md,Complete authority/boundary review; update the master record and rerun validation.
GAP-TSS-0209,TSS-0209,B42,In the Old Bahama Channel,High,ASSOCIATION_UNRESOLVED; OPEN_SOURCE_OR_BOUNDARY_ISSUE,"No official Cuban source (MITRANS, Capitanías de Puerto, GEOCUBA) has been reached, and there is no official complete Cuban list of VTS/MRS. So VTS absence cannot be confirmed. The nature, location and coverage of the Cuban 'control posts' that observe the TSS are unknown.",audits/stage2/B42_Association_Audit.md,Complete authority/boundary review; update the master record and rerun validation.
GAP-TSS-0210,TSS-0210,B42,Off Punta Maternillos,High,ASSOCIATION_UNRESOLVED; OPEN_SOURCE_OR_BOUNDARY_ISSUE,"No official Cuban source (MITRANS, Capitanías de Puerto, GEOCUBA) has been reached, and there is no official complete Cuban list of VTS/MRS. So VTS absence cannot be confirmed. The nature, location and coverage of the Cuban 'control posts' that observe the TSS are unknown.",audits/stage2/B42_Association_Audit.md,Complete authority/boundary review; update the master record and rerun validation.
GAP-TSS-0211,TSS-0211,B43,Off Punta Lucrecia,High,ASSOCIATION_UNRESOLVED; OPEN_SOURCE_OR_BOUNDARY_ISSUE,"No official Cuban source (MITRANS, Capitanías de Puerto, GEOCUBA) has been reached, and there is no official complete Cuban list of VTS/MRS. So VTS absence cannot be confirmed. The nature, location and coverage of the Cuban 'control posts' that observe the TSS are unknown.",audits/stage2/B43_Association_Audit.md,Complete authority/boundary review; update the master record and rerun validation.
GAP-TSS-0212,TSS-0212,B43,Off Cabo Maysi,High,ASSOCIATION_UNRESOLVED; OPEN_SOURCE_OR_BOUNDARY_ISSUE,"No official Cuban source (MITRANS, Capitanías de Puerto, GEOCUBA) has been reached, and there is no official complete Cuban list of VTS/MRS. So VTS absence cannot be confirmed. The nature, location and coverage of the Cuban 'control posts' that observe the TSS are unknown.",audits/stage2/B43_Association_Audit.md,Complete authority/boundary review; update the master record and rerun validation.
GAP-TSS-0213,TSS-0213,B43,At the approaches to Puerto Cristobal,High,ASSOCIATION_UNRESOLVED; OPEN_SOURCE_OR_BOUNDARY_ISSUE,"It is not known whether ACP (or AMP) operates a VTS-designated service, with a defined area, that includes the Atlantic TSS lanes. NGA's statement that the VTMS 'covers the approaches to Colon' is unbounded and Tier 3 only. The official breakwater position and the exact 8 NM point relative to the scheme are unverified. There is no official list of Panamanian VTS. N-1-2026 (Vessel Requirements) could not be retrieved; the URL returned HTML.",audits/stage2/B43_Association_Audit.md,Complete authority/boundary review; update the master record and rerun validation.
GAP-TSS-0214,TSS-0214,B43,In the fourth Kuril Strait,High,ASSOCIATION_UNRESOLVED; OPEN_SOURCE_OR_BOUNDARY_ISSUE,"There is no official Russian complete list of VTS (for example from Rosmorflot/Mintrans or seaport obligatory regulations), so VTS absence cannot be confirmed. The only VTS list checked (NGA Pub. 120) is a foreign Tier 3 compilation. Russian Notices to Mariners and the UKHO Annual Notices were not checked. The Order 1226-r text was read on a third-party host only.",audits/stage2/B43_Association_Audit.md,Complete authority/boundary review; update the master record and rerun validation.
GAP-TSS-0215,TSS-0215,B43,In the Proliv Bussol,High,ASSOCIATION_UNRESOLVED; OPEN_SOURCE_OR_BOUNDARY_ISSUE,"There is no official Russian complete list of VTS (for example from Rosmorflot/Mintrans or seaport obligatory regulations), so VTS absence cannot be confirmed. The only VTS list checked (NGA Pub. 120) is a foreign Tier 3 compilation. Russian Notices to Mariners and the UKHO Annual Notices were not checked. The Order 1226-r text was read on a third-party host only.",audits/stage2/B43_Association_Audit.md,Complete authority/boundary review; update the master record and rerun validation.
GAP-TSS-0216,TSS-0216,B44,Off the Aniwa Cape,High,ASSOCIATION_UNRESOLVED; OPEN_SOURCE_OR_BOUNDARY_ISSUE,Current approved Korsakov port rules not obtained (only a Mintrans draft); no official complete list of Russian VTS/VTS zones for Sakhalin; identity of IMO B-X/3 geometry with Directive 1226-r Scheme No. 6 not checked against Ships' Routeing 2025; UKHO/Russian Notices to Mariners not checked.,audits/stage2/B44_Association_Audit.md,Complete authority/boundary review; update the master record and rerun validation.
GAP-TSS-0217,TSS-0217,B44,In the approaches to the Gulf of Nakhodka,High,ASSOCIATION_UNRESOLVED; OPEN_SOURCE_OR_BOUNDARY_ISSUE,"TSS coordinates (IMO circular, Ships' Routeing 2025 B-X/4 or Russian NtM) not obtained; whether Order No. 169 is still in force in 2026 or replaced not confirmed (official Consultant/Garant texts not accessible); territorial sea limit not plotted.",audits/stage2/B44_Association_Audit.md,Complete authority/boundary review; update the master record and rerun validation.
GAP-TSS-0218,TSS-0218,B44,Off the Ostrovnoi Point,High,ASSOCIATION_UNRESOLVED; OPEN_SOURCE_OR_BOUNDARY_ISSUE,"Confirm Nakhodka port rules in force in 2026 and current sector 1B limits; plot the territorial sea limit against scheme part III; confirm that IMO B-X/5 geometry equals Directive 1226-r Scheme No. 3 (and whether the directive has been amended). If confirmed, the likely result is VTS only (partial).",audits/stage2/B44_Association_Audit.md,Complete authority/boundary review; update the master record and rerun validation.
GAP-TSS-0219,TSS-0219,B44,Chengshan Jiao inner,Review,OPEN_SOURCE_OR_BOUNDARY_ISSUE,"National Chinese VTS area description for Chengshan Jiao VTS not located (VTS extent taken from the IMO SRS instrument). Coordinates taken from COLREG.2/Circ.66 (2014); not re-compared with the Ships' Routeing 2025 text, and no post-2015 amendment found.",audits/stage2/B44_Association_Audit.md,Complete authority/boundary review; update the master record and rerun validation.
GAP-TSS-0220,TSS-0220,B44,Chengshan Jiao outer – North,Review,OPEN_SOURCE_OR_BOUNDARY_ISSUE,"National Chinese VTS area description for Chengshan Jiao VTS not located (VTS extent taken from the IMO SRS instrument). Coordinates taken from COLREG.2/Circ.66 (2014); not re-compared with the Ships' Routeing 2025 text, and no post-2015 amendment found. IMO component name is 'North' (display name 'Chengshan Jiao outer - North').",audits/stage2/B44_Association_Audit.md,Complete authority/boundary review; update the master record and rerun validation.
GAP-TSS-0221,TSS-0221,B45,Chengshan Jiao outer – East,Review,OPEN_SOURCE_OR_BOUNDARY_ISSUE,"National Chinese VTS area description for Chengshan Jiao VTS not located (VTS extent taken from the IMO SRS instrument). Coordinates taken from COLREG.2/Circ.66 (2014); not re-compared with the Ships' Routeing 2025 text, and no post-2015 amendment found. Eastern end of the East TSS (north-westbound lane, points 22-23) lies up to 25.7 nm from the VTS Centre, outside the SRS circle; VTS operation beyond 24 nm not documented. IMO component name is 'East'.",audits/stage2/B45_Association_Audit.md,Complete authority/boundary review; update the master record and rerun validation.
GAP-TSS-0222,TSS-0222,B45,Chengshan Jiao outer – South,Review,OPEN_SOURCE_OR_BOUNDARY_ISSUE,"National Chinese VTS area description for Chengshan Jiao VTS not located (VTS extent taken from the IMO SRS instrument). Coordinates taken from COLREG.2/Circ.66 (2014); not re-compared with the Ships' Routeing 2025 text, and no post-2015 amendment found. IMO component name is 'South'.",audits/stage2/B45_Association_Audit.md,Complete authority/boundary review; update the master record and rerun validation.
GAP-TSS-0223,TSS-0223,B45,Between Grand Canary and Fuerteventura,Review,OPEN_SOURCE_OR_BOUNDARY_ISSUE,"Salvamento Marítimo website unavailable (TLS/503), so its own description of CCS functions and any Spanish designation of a coastal VTS for the Canary TSS could not be checked; ALRS Vol 6 not consulted. CANREP chartlet not inspected (coordinate check used instead). Pass 4: Salvamento Maritimo reportedly says its Las Palmas and Tenerife centres 'controlled' ships in the TSS in 2025; its website was unreachable, so a Spanish coastal VTS designation is not fully ruled out (lead).",audits/stage2/B45_Association_Audit.md,Complete authority/boundary review; update the master record and rerun validation.
GAP-TSS-0224,TSS-0224,B45,Between Grand Canary and Tenerife,Review,OPEN_SOURCE_OR_BOUNDARY_ISSUE,"Salvamento Marítimo website unavailable (TLS/503), so its own description of CCS functions and any Spanish designation of a coastal VTS for the Canary TSS could not be checked; ALRS Vol 6 not consulted. CANREP chartlet not inspected (coordinate check used instead). Pass 4: Salvamento Maritimo reportedly says its Las Palmas and Tenerife centres 'controlled' ships in the TSS in 2025; its website was unreachable, so a Spanish coastal VTS designation is not fully ruled out (lead).",audits/stage2/B45_Association_Audit.md,Complete authority/boundary review; update the master record and rerun validation.
GAP-POST_BASELINE_AMENDMENTS,,ALL,,High,POST_BASELINE_AMENDMENTS,Later IMO/national changes have not been reconciled systematically against the 2025 snapshot.,docs/RESEARCH_PLAN.md,Close this scope-wide gate before describing the register as complete.
GAP-NON_TSS_CENSUS,,ALL,,High,NON_TSS_CENSUS,No worldwide national/ALRS/ITU reconciliation establishes non-TSS VTS coverage.,docs/RESEARCH_PLAN.md,Close this scope-wide gate before describing the register as complete.
GAP-GUIDE_ENTRY_DEDUPLICATION,,ALL,,High,GUIDE_ENTRY_DEDUPLICATION,"Services, sectors, centres and editorial entries are not yet reconciled into a final publication count.",docs/RESEARCH_PLAN.md,Close this scope-wide gate before describing the register as complete.
GAP-REPORTING_APPLICABILITY,,ALL,,High,REPORTING_APPLICABILITY,"National-only, tanker-only and partial-overlap requirements need operational applicability checks.",docs/RESEARCH_PLAN.md,Close this scope-wide gate before describing the register as complete.
GAP-SOURCE_LINK_VERIFICATION,,ALL,,High,SOURCE_LINK_VERIFICATION,A source index is not a fresh verification of every URL or quoted claim.,docs/RESEARCH_PLAN.md,Close this scope-wide gate before describing the register as complete.
GAP-PUBLISHER_VIABILITY,,ALL,,High,PUBLISHER_VIABILITY,Final illustration/page/workload and maintenance estimates remain outstanding.,docs/RESEARCH_PLAN.md,Close this scope-wide gate before describing the register as complete.
