tss_id,target_id,relationship_type,review_status,source_ids,coverage_note,audit_path
TSS-0001,VTS-0016,recorded_vts_association,Review required,SRC-022; SRC-023,As recorded; full/partial extent not standardised,audits/stage2/B01_Association_Audit.md
TSS-0002,VTS-0016,recorded_vts_association,Review required,SRC-022; SRC-023,As recorded; full/partial extent not standardised,audits/stage2/B01_Association_Audit.md
TSS-0003,VTS-0016,recorded_vts_association,Review required,SRC-022; SRC-023,As recorded; full/partial extent not standardised,audits/stage2/B01_Association_Audit.md
TSS-0004,VTS-0045,recorded_vts_association,Association record reviewed; not publication-ready,SRC-197; SRC-198; SRC-011,Monitoring of northern GOFREP portion; not whole-TSS designated VTS coverage,audits/stage2/B01_Association_Audit.md
TSS-0004,VRS-0001,recorded_reporting_association,Association record reviewed; not publication-ready,SRC-003; SRC-011,IMO MSC.231(82) draws the Central Reporting Line through the midpoint of the Kalbådagrund separation zone; the current Fintraffic GOFREP material names Kalbådagrund among the Gulf of Finland TSS.,audits/stage2/B01_Association_Audit.md
TSS-0005,VTS-0045,recorded_vts_association,Association record reviewed; not publication-ready,SRC-197; SRC-198; SRC-011,Monitoring of northern GOFREP portion; not whole-TSS designated VTS coverage,audits/stage2/B01_Association_Audit.md
TSS-0005,VRS-0001,recorded_reporting_association,Association record reviewed; not publication-ready,SRC-003; SRC-011,IMO MSC.231(82) draws the Central Reporting Line through the midpoint of the Porkkala separation zone; the current Fintraffic GOFREP material names Porkkala among the Gulf of Finland TSS.,audits/stage2/B01_Association_Audit.md
TSS-0006,VTS-0045,recorded_vts_association,Association record reviewed; not publication-ready,SRC-197; SRC-198; SRC-011,Monitoring of northern GOFREP portion; not whole-TSS designated VTS coverage,audits/stage2/B02_Association_Audit.md
TSS-0006,VRS-0001,recorded_reporting_association,Association record reviewed; not publication-ready,SRC-003; SRC-011,IMO/GOFREP places the Central Reporting Line through the Hankoniemi TSS; current Fintraffic GOFREP material names Hankoniemi among the four Gulf of Finland TSS.,audits/stage2/B02_Association_Audit.md
TSS-0007,VTS-0045,recorded_vts_association,Association record reviewed; not publication-ready,SRC-197; SRC-198; SRC-011,Monitoring of northern GOFREP portion; not whole-TSS designated VTS coverage,audits/stage2/B02_Association_Audit.md
TSS-0007,VRS-0001,recorded_reporting_association,Association record reviewed; not publication-ready,SRC-003; SRC-011; SRC-025,IMO/GOFREP places the Central/Western reporting geometry through the Kõpu TSS; current Estonian and Fintraffic material treats Kõpu as part of GOFREP.,audits/stage2/B02_Association_Audit.md
TSS-0012,VTS-0043,recorded_vts_association,Association record reviewed; not publication-ready,SRC-194; SRC-197; SRC-198,"Monitoring from VTS centre, not designated VTS area",audits/stage2/B03_Association_Audit.md
TSS-0017,VTS-0015,recorded_vts_association,Association record reviewed; not publication-ready,SRC-035,As recorded; full/partial extent not standardised,audits/stage2/B04_Association_Audit.md
TSS-0017,VRS-0002,recorded_reporting_association,Association record reviewed; not publication-ready,SRC-035,The Maritime Office defines the VTS area by the outer limits of the compulsory GDANREP system and explicitly identifies TSS EAST within that area.,audits/stage2/B04_Association_Audit.md
TSS-0018,VTS-0015,recorded_vts_association,Association record reviewed; not publication-ready,SRC-035,As recorded; full/partial extent not standardised,audits/stage2/B04_Association_Audit.md
TSS-0018,VRS-0002,recorded_reporting_association,Association record reviewed; not publication-ready,SRC-035,The Maritime Office defines the VTS area by the outer limits of the compulsory GDANREP system and explicitly identifies TSS WEST within that area.,audits/stage2/B04_Association_Audit.md
TSS-0019,VTS-0017,recorded_vts_association,Review required,SRC-036,As recorded; full/partial extent not standardised,audits/stage2/B04_Association_Audit.md
TSS-0020,VTS-0018,recorded_vts_association,Review required,SRC-037; SRC-038,As recorded; full/partial extent not standardised,audits/stage2/B04_Association_Audit.md
TSS-0021,VTS-0003,recorded_vts_association,Association record reviewed; not publication-ready,SRC-009; SRC-015; SRC-039,As recorded; full/partial extent not standardised,audits/stage2/B05_Association_Audit.md
TSS-0021,VRS-0003,recorded_reporting_association,Association record reviewed; not publication-ready,SRC-003; SRC-021; SRC-009,IMO MSC.314(88) and the IMO Part B note explicitly link Off Falsterborev to SOUNDREP; current authority material confirms the operational area.,audits/stage2/B05_Association_Audit.md
TSS-0022,VTS-0003,recorded_vts_association,Association record reviewed; not publication-ready,SRC-009; SRC-015; SRC-039,As recorded; full/partial extent not standardised,audits/stage2/B05_Association_Audit.md
TSS-0022,VRS-0003,recorded_reporting_association,Association record reviewed; not publication-ready,SRC-003; SRC-021; SRC-009,IMO MSC.314(88) and the IMO Part B note explicitly link the TSS In The Sound to SOUNDREP.,audits/stage2/B05_Association_Audit.md
TSS-0023,VTS-0019,recorded_vts_association,Review required,SRC-037; SRC-039,As recorded; full/partial extent not standardised,audits/stage2/B05_Association_Audit.md
TSS-0024,VTS-0020,recorded_vts_association,Review required,SRC-037; SRC-039,As recorded; full/partial extent not standardised,audits/stage2/B05_Association_Audit.md
TSS-0025,VTS-0021,recorded_vts_association,Review required,SRC-040; SRC-037,As recorded; full/partial extent not standardised,audits/stage2/B05_Association_Audit.md
TSS-0026,VTS-0002,recorded_vts_association,Association record reviewed; not publication-ready,SRC-008; SRC-015; SRC-020; SRC-039,As recorded; full/partial extent not standardised,audits/stage2/B06_Association_Audit.md
TSS-0026,VRS-0004,recorded_reporting_association,Association record reviewed; not publication-ready,SRC-020,MSC.332(90) section 6.4 explicitly names the TSS Between Korsoer and Sprogoe inside the BELTREP operational framework.,audits/stage2/B06_Association_Audit.md
TSS-0027,VTS-0002,recorded_vts_association,Association record reviewed; not publication-ready,SRC-008; SRC-015; SRC-020; SRC-039,As recorded; full/partial extent not standardised,audits/stage2/B06_Association_Audit.md
TSS-0027,VRS-0004,recorded_reporting_association,Association record reviewed; not publication-ready,SRC-020,MSC.332(90) sections 2.2 and 6.2 explicitly include At Hatter Barn in the BELTREP operational area.,audits/stage2/B06_Association_Audit.md
TSS-0032,VTS-0003,recorded_vts_association,Association record reviewed; not publication-ready,SRC-009; SRC-021; SRC-042,As recorded; full/partial extent not standardised,audits/stage2/B07_Association_Audit.md
TSS-0032,VRS-0003,recorded_reporting_association,Association record reviewed; not publication-ready,SRC-009; SRC-042,NCSR 10/INF.7 directly states that Entrance to the Sound is within mandatory SOUNDREP; current SOUNDREP procedures confirm the scheme remains operated by Sound VTS.,audits/stage2/B07_Association_Audit.md
TSS-0033,VRS-0005,recorded_reporting_association,Review required,SRC-003; SRC-043; SRC-044,IMO Ships' Routeing B-II/1 explicitly directs mariners to the mandatory West European Tanker Reporting System. Current MCA guidance confirms WETREP remains a mandatory IMO reporting system extending from southern Portugal to the Shetland Islands.,audits/stage2/B07_Association_Audit.md
TSS-0034,VRS-0005,recorded_reporting_association,Review required,SRC-003; SRC-043; SRC-044,IMO Ships' Routeing B-II/2 explicitly directs mariners to the mandatory West European Tanker Reporting System. Current MCA guidance confirms WETREP remains a mandatory IMO reporting system extending from southern Portugal to the Shetland Islands.,audits/stage2/B07_Association_Audit.md
TSS-0035,VRS-0005,recorded_reporting_association,Association record reviewed; not publication-ready,SRC-003; SRC-043; SRC-044,IMO Ships' Routeing B-II/3 explicitly directs mariners to mandatory WETREP. Current MCA guidance confirms WETREP remains mandatory and covers the western UK approaches within its southern-Portugal-to-Shetland reporting area.,audits/stage2/B07_Association_Audit.md
TSS-0036,VTS-0040,recorded_vts_association,Association record reviewed; not publication-ready,SRC-185,As recorded; full/partial extent not standardised,audits/stage2/B08_Association_Audit.md
TSS-0036,VRS-0005,recorded_reporting_association,Association record reviewed; not publication-ready,SRC-003; SRC-185,IMO Part B B-II/4 explicitly refers to both WETREP and the mandatory reporting system Off Ushant. The current CROSS Corsen report confirms mandatory reports continue through Ouessant Traffic.,audits/stage2/B08_Association_Audit.md
TSS-0036,VRS-0006,recorded_reporting_association,Association record reviewed; not publication-ready,SRC-003; SRC-185,IMO Part B B-II/4 explicitly refers to both WETREP and the mandatory reporting system Off Ushant. The current CROSS Corsen report confirms mandatory reports continue through Ouessant Traffic.,audits/stage2/B08_Association_Audit.md
TSS-0037,VTS-0041,recorded_vts_association,Association record reviewed; not publication-ready,SRC-186; SRC-187,As recorded; full/partial extent not standardised,audits/stage2/B08_Association_Audit.md
TSS-0037,VRS-0005,recorded_reporting_association,Association record reviewed; not publication-ready,SRC-003; SRC-186,IMO Part B B-II/5 explicitly refers to WETREP and the mandatory system Off Les Casquets and adjacent coastal area (MANCHEREP). French official VTS material states CROSS Jobourg operates that reporting system.,audits/stage2/B08_Association_Audit.md
TSS-0037,VRS-0007,recorded_reporting_association,Association record reviewed; not publication-ready,SRC-003; SRC-186,IMO Part B B-II/5 explicitly refers to WETREP and the mandatory system Off Les Casquets and adjacent coastal area (MANCHEREP). French official VTS material states CROSS Jobourg operates that reporting system.,audits/stage2/B08_Association_Audit.md
TSS-0038,VTS-0001,recorded_vts_association,Association record reviewed; not publication-ready,SRC-004; SRC-005,As recorded; full/partial extent not standardised,audits/stage2/B08_Association_Audit.md
TSS-0038,VRS-0005,recorded_reporting_association,Association record reviewed; not publication-ready,SRC-003; SRC-004; SRC-005,IMO Part B B-II/6 explicitly refers to CALDOVREP and WETREP. MCA MGN 364 confirms CALDOVREP is the mandatory reporting system for the Dover Strait service area.,audits/stage2/B08_Association_Audit.md
TSS-0038,VRS-0008,recorded_reporting_association,Association record reviewed; not publication-ready,SRC-003; SRC-004; SRC-005,IMO Part B B-II/6 explicitly refers to CALDOVREP and WETREP. MCA MGN 364 confirms CALDOVREP is the mandatory reporting system for the Dover Strait service area.,audits/stage2/B08_Association_Audit.md
TSS-0039,VRS-0005,recorded_reporting_association,Review required,SRC-003,IMO 2025 Figure B-II/7 explicitly plots both WETREP and CALDOVREP reporting-area boundaries through/adjacent to the West Hinder routeing area. The CALDOVREP system's eastern boundary crosses the western end of the TSS; WETREP covers the Belgian offshore area.,audits/stage2/B08_Association_Audit.md
TSS-0039,VRS-0008,recorded_reporting_association,Review required,SRC-003,IMO 2025 Figure B-II/7 explicitly plots both WETREP and CALDOVREP reporting-area boundaries through/adjacent to the West Hinder routeing area. The CALDOVREP system's eastern boundary crosses the western end of the TSS; WETREP covers the Belgian offshore area.,audits/stage2/B08_Association_Audit.md
TSS-0040,VTS-0042,recorded_vts_association,Association record reviewed; not publication-ready,SRC-188; SRC-189,As recorded; full/partial extent not standardised,audits/stage2/B08_Association_Audit.md
TSS-0040,VRS-0005,recorded_reporting_association,Association record reviewed; not publication-ready,SRC-003,IMO Part B B-II/8 explicitly refers to mandatory WETREP. Sunk South is one of the three TSS forming the integrated Sunk routeing scheme.,audits/stage2/B08_Association_Audit.md
TSS-0041,VTS-0042,recorded_vts_association,Association record reviewed; not publication-ready,SRC-188; SRC-189,As recorded; full/partial extent not standardised,audits/stage2/B09_Association_Audit.md
TSS-0041,VRS-0005,recorded_reporting_association,Association record reviewed; not publication-ready,SRC-003; SRC-044,IMO Part B B-II/8 explicitly directs mariners to mandatory WETREP and identifies Sunk East as one of the integrated Sunk TSSs.,audits/stage2/B09_Association_Audit.md
TSS-0042,VTS-0042,recorded_vts_association,Association record reviewed; not publication-ready,SRC-188; SRC-189,As recorded; full/partial extent not standardised,audits/stage2/B09_Association_Audit.md
TSS-0042,VRS-0005,recorded_reporting_association,Association record reviewed; not publication-ready,SRC-003; SRC-044,IMO Part B B-II/8 explicitly directs mariners to mandatory WETREP and identifies Sunk North as one of the integrated Sunk TSSs.,audits/stage2/B09_Association_Audit.md
TSS-0048,VTS-0024,recorded_vts_association,Review required,SRC-053; SRC-054; SRC-055; SRC-056; SRC-046,As recorded; full/partial extent not standardised,audits/stage2/B10_Association_Audit.md
TSS-0049,VTS-0024,recorded_vts_association,Review required,SRC-053; SRC-054; SRC-055; SRC-056; SRC-046,As recorded; full/partial extent not standardised,audits/stage2/B10_Association_Audit.md
TSS-0050,VTS-0024,recorded_vts_association,Review required,SRC-053; SRC-054; SRC-055; SRC-056; SRC-046,As recorded; full/partial extent not standardised,audits/stage2/B10_Association_Audit.md
TSS-0051,VTS-0024,recorded_vts_association,Review required,SRC-053; SRC-054; SRC-055; SRC-056; SRC-046,As recorded; full/partial extent not standardised,audits/stage2/B11_Association_Audit.md
TSS-0053,VRS-0005,recorded_reporting_association,Review required,SRC-053; SRC-083; SRC-049; SRC-058,"WETREP applies to every kind of oil tanker of more than 600 tonnes deadweight carrying heavy crude oil, heavy fuel oil or bitumen and tar (MSC.190(79) annex para 1.1): tanker-specific. Its north-eastern limit is the straight line from point 19 (51 22'25""N 003 21'52"".5E) to point 20 (52 12'N UK east coast, about 001 37'E), confirmed on the chartlet (P-S5). Testing the Circ.67 positions (P-S1) against that line: all south-western and central positions (79, 80, 83, 84, 86) are 25-56' of longitude inside; the north-eastern corner positions (81, 82, 85, 87) lie within about 1-2' of the line (on it within plotting precision). Effectively the whole scheme is inside WETREP, with the NE extremity on the boundary. Outside CALDOVREP (P-S19).",audits/stage2/B11_Association_Audit.md
TSS-0054,VRS-0005,recorded_reporting_association,Review required,SRC-053; SRC-083; SRC-049; SRC-058,"Partial. The WETREP limit line from 51 22'25""N 003 21'52"".5E to 52 12'N UK east coast (P-S5) crosses the scheme: southern positions (88, 89, 90, 94, 95, 99, 100, 101) lie 1-12' of longitude inside WETREP, northern positions (92, 93, 96, 97, 98) lie 1-6' outside (P-S1 positions tested). Tanker-specific: oil tankers of more than 600 dwt carrying heavy-grade oil (MSC.190(79) para 1.1). Outside CALDOVREP (P-S19).",audits/stage2/B11_Association_Audit.md
TSS-0055,VTS-0025,recorded_vts_association,Review required,SRC-060; SRC-046; SRC-061; SRC-062,As recorded; full/partial extent not standardised,audits/stage2/B11_Association_Audit.md
TSS-0058,VTS-0044,candidate_service_to_check,Review required,SRC-195; SRC-196,As recorded; full/partial extent not standardised,audits/stage2/B12_Association_Audit.md
TSS-0059,VTS-0044,candidate_service_to_check,Review required,SRC-195; SRC-196,As recorded; full/partial extent not standardised,audits/stage2/B12_Association_Audit.md
TSS-0060,VTS-0044,candidate_service_to_check,Review required,SRC-195; SRC-196,As recorded; full/partial extent not standardised,audits/stage2/B12_Association_Audit.md
TSS-0061,VTS-0026,recorded_vts_association,Review required,SRC-067; SRC-068; SRC-069; SRC-070; SRC-071,As recorded; full/partial extent not standardised,audits/stage2/B13_Association_Audit.md
TSS-0062,VTS-0026,recorded_vts_association,Review required,SRC-068; SRC-067; SRC-069; SRC-070,As recorded; full/partial extent not standardised,audits/stage2/B13_Association_Audit.md
TSS-0063,VTS-0026,recorded_vts_association,Review required,SRC-068; SRC-067; SRC-069; SRC-070; SRC-071,As recorded; full/partial extent not standardised,audits/stage2/B13_Association_Audit.md
TSS-0064,VTS-0026,recorded_vts_association,Review required,SRC-067; SRC-073; SRC-069; SRC-074; SRC-070,As recorded; full/partial extent not standardised,audits/stage2/B13_Association_Audit.md
TSS-0065,VTS-0027,recorded_vts_association,Review required,SRC-075; SRC-090,As recorded; full/partial extent not standardised,audits/stage2/B13_Association_Audit.md
TSS-0066,VTS-0039,recorded_vts_association,Review required,SRC-076; SRC-077; SRC-078; SRC-079,As recorded; full/partial extent not standardised,audits/stage2/B14_Association_Audit.md
TSS-0066,VRS-0009,recorded_reporting_association,Review required,SRC-080; SRC-081; SRC-082,"Kystverket names the TSS from Vardø to Røst as inside the Barents SRS operational area (R-S2). Independently, every lane and separation-zone polygon of this TSS (Kystverket WFS, R-S6; extent 70°42'N to 70°53'N, 031°25'E to 031°59'E) lies landward of the MSC.348(91) seaward limit A to H (R-S1), minimum margin about 22.6 nm (rhumb-line test), and north of 67°10'N. Full inclusion.",audits/stage2/B14_Association_Audit.md
TSS-0067,VTS-0039,recorded_vts_association,Review required,SRC-076; SRC-077; SRC-078; SRC-079,As recorded; full/partial extent not standardised,audits/stage2/B14_Association_Audit.md
TSS-0067,VRS-0009,recorded_reporting_association,Review required,SRC-080; SRC-081; SRC-082,"Kystverket names the TSS from Vardø to Røst as inside the Barents SRS operational area (R-S2). Independently, every lane and separation-zone polygon of this TSS (Kystverket WFS, R-S6; extent 71°21'N to 71°32'N, 028°41'E to 029°20'E) lies landward of the MSC.348(91) seaward limit A to H (R-S1), minimum margin about 9.4 nm (rhumb-line test), and north of 67°10'N. Full inclusion.",audits/stage2/B14_Association_Audit.md
TSS-0068,VTS-0039,recorded_vts_association,Review required,SRC-076; SRC-077; SRC-078; SRC-079,As recorded; full/partial extent not standardised,audits/stage2/B14_Association_Audit.md
TSS-0068,VRS-0009,recorded_reporting_association,Review required,SRC-080; SRC-081; SRC-082,"Kystverket names the TSS from Vardø to Røst as inside the Barents SRS operational area (R-S2). Independently, every lane and separation-zone polygon of this TSS (Kystverket WFS, R-S6; extent 71°37'N to 71°47'N, 025°24'E to 026°13'E) lies landward of the MSC.348(91) seaward limit A to H (R-S1), minimum margin about 3.0 nm (rhumb-line test), and north of 67°10'N. Full inclusion.",audits/stage2/B14_Association_Audit.md
TSS-0069,VTS-0039,recorded_vts_association,Review required,SRC-076; SRC-077; SRC-078; SRC-079,As recorded; full/partial extent not standardised,audits/stage2/B14_Association_Audit.md
TSS-0069,VRS-0009,recorded_reporting_association,Review required,SRC-080; SRC-081; SRC-082,"Kystverket names the TSS from Vardø to Røst as inside the Barents SRS operational area (R-S2). Independently, every lane and separation-zone polygon of this TSS (Kystverket WFS, R-S6; extent 71°24'N to 71°35'N, 021°56'E to 022°41'E) lies landward of the MSC.348(91) seaward limit A to H (R-S1), minimum margin about 4.3 nm (rhumb-line test), and north of 67°10'N. Full inclusion.",audits/stage2/B14_Association_Audit.md
TSS-0070,VTS-0039,recorded_vts_association,Review required,SRC-076; SRC-077; SRC-078; SRC-079,As recorded; full/partial extent not standardised,audits/stage2/B14_Association_Audit.md
TSS-0070,VRS-0009,recorded_reporting_association,Review required,SRC-080; SRC-081; SRC-082,"Kystverket names the TSS from Vardø to Røst as inside the Barents SRS operational area (R-S2). Independently, every lane and separation-zone polygon of this TSS (Kystverket WFS, R-S6; extent 70°53'N to 71°07'N, 018°30'E to 019°18'E) lies landward of the MSC.348(91) seaward limit A to H (R-S1), minimum margin about 7.5 nm (rhumb-line test), and north of 67°10'N. Full inclusion.",audits/stage2/B14_Association_Audit.md
TSS-0071,VTS-0039,recorded_vts_association,Review required,SRC-076; SRC-077; SRC-078; SRC-079,As recorded; full/partial extent not standardised,audits/stage2/B15_Association_Audit.md
TSS-0071,VRS-0009,recorded_reporting_association,Review required,SRC-080; SRC-081; SRC-082,"Kystverket names the TSS from Vardø to Røst as inside the Barents SRS operational area (R-S2). Independently, every lane and separation-zone polygon of this TSS (Kystverket WFS, R-S6; extent 69°41'N to 69°52'N, 014°40'E to 015°13'E) lies landward of the MSC.348(91) seaward limit A to H (R-S1), minimum margin about 9.1 nm (rhumb-line test), and north of 67°10'N. Full inclusion.",audits/stage2/B15_Association_Audit.md
TSS-0072,VTS-0039,recorded_vts_association,Review required,SRC-076; SRC-077; SRC-078; SRC-079,As recorded; full/partial extent not standardised,audits/stage2/B15_Association_Audit.md
TSS-0072,VRS-0009,recorded_reporting_association,Review required,SRC-080; SRC-081; SRC-082,"Kystverket names the TSS from Vardø to Røst as inside the Barents SRS operational area (R-S2). Independently, every lane and separation-zone polygon of this TSS (Kystverket WFS, R-S6; extent two Kystverket clusters south-west of Lofoten: 68°01'N to 68°16'N, 009°43'E to 010°22'E and 67°29'N to 67°40'N, 009°00'E to 009°28'E) lies landward of the MSC.348(91) seaward limit A to H (R-S1), minimum margin about 10.8 nm (rhumb-line test), and north of 67°10'N. Full inclusion.",audits/stage2/B15_Association_Audit.md
TSS-0073,VTS-0039,recorded_vts_association,Review required,SRC-076; SRC-077; SRC-078; SRC-079,As recorded; full/partial extent not standardised,audits/stage2/B15_Association_Audit.md
TSS-0073,VRS-0009,recorded_reporting_association,Review required,SRC-080; SRC-081; SRC-082,"Kystverket names the TSS from Vardø to Røst as inside the Barents SRS operational area (R-S2). Independently, every lane and separation-zone polygon of this TSS (Kystverket WFS, R-S6; extent two Kystverket clusters south-west of Lofoten: 68°01'N to 68°16'N, 009°43'E to 010°22'E and 67°29'N to 67°40'N, 009°00'E to 009°28'E) lies landward of the MSC.348(91) seaward limit A to H (R-S1), minimum margin about 10.8 nm (rhumb-line test), and north of 67°10'N. Full inclusion.",audits/stage2/B15_Association_Audit.md
TSS-0074,VTS-0039,recorded_vts_association,Review required,SRC-076; SRC-077; SRC-078; SRC-079,As recorded; full/partial extent not standardised,audits/stage2/B15_Association_Audit.md
TSS-0075,VTS-0039,recorded_vts_association,Review required,SRC-076; SRC-077; SRC-078; SRC-079,As recorded; full/partial extent not standardised,audits/stage2/B15_Association_Audit.md
TSS-0076,VTS-0039,recorded_vts_association,Review required,SRC-085; SRC-076; SRC-082; SRC-078; SRC-079,As recorded; full/partial extent not standardised,audits/stage2/B16_Association_Audit.md
TSS-0077,VTS-0039,recorded_vts_association,Review required,SRC-085; SRC-076; SRC-082; SRC-086; SRC-078; SRC-079,As recorded; full/partial extent not standardised,audits/stage2/B16_Association_Audit.md
TSS-0078,VTS-0039,recorded_vts_association,Review required,SRC-085; SRC-076; SRC-082; SRC-078; SRC-079,As recorded; full/partial extent not standardised,audits/stage2/B16_Association_Audit.md
TSS-0079,VTS-0039,recorded_vts_association,Review required,SRC-085; SRC-076; SRC-082; SRC-078; SRC-079,As recorded; full/partial extent not standardised,audits/stage2/B16_Association_Audit.md
TSS-0080,VTS-0039,recorded_vts_association,Review required,SRC-085; SRC-076; SRC-082; SRC-078; SRC-079,As recorded; full/partial extent not standardised,audits/stage2/B16_Association_Audit.md
TSS-0081,VTS-0039,recorded_vts_association,Review required,SRC-085; SRC-076; SRC-082; SRC-078; SRC-079,As recorded; full/partial extent not standardised,audits/stage2/B17_Association_Audit.md
TSS-0082,VTS-0039,recorded_vts_association,Review required,SRC-085; SRC-076; SRC-082; SRC-078; SRC-079,As recorded; full/partial extent not standardised,audits/stage2/B17_Association_Audit.md
TSS-0083,VTS-0039,recorded_vts_association,Review required,SRC-085; SRC-076; SRC-082; SRC-078; SRC-079,As recorded; full/partial extent not standardised,audits/stage2/B17_Association_Audit.md
TSS-0084,VTS-0039,recorded_vts_association,Review required,SRC-085; SRC-076; SRC-082; SRC-078; SRC-079,As recorded; full/partial extent not standardised,audits/stage2/B17_Association_Audit.md
TSS-0085,VRS-0005,recorded_reporting_association,Review required,SRC-083,"MSC.190(79) para 2.1: the WETREP polygon runs 56°30'N 012°W - 54°40'41""N 015°W - 50°56'45""N 015°W - 48°27'N 006°25'W, with the inner closing point 21 on the Irish east coast (52°10'N 006°22'W). At Fastnet's longitude (c. 009°36'W) the southern boundary line lies near 49°23'N, about 2° south of the TSS, so the TSS (off Fastnet Rock, c. 51°18'-51°23'N) is wholly inside. Applies only to oil tankers >600 dwt carrying heavy crude, heavy fuel oil or bitumen/tar; WETREP does not name the TSS. Pass 4: MSC.190(79) annex para 6.2.1 names 'Off Fastnet Rock' among the TSS in the WETREP area. Applies to oil tankers over 600 dwt carrying heavy grade oil.",audits/stage2/B17_Association_Audit.md
TSS-0086,VRS-0005,recorded_reporting_association,Review required,SRC-083; SRC-088,"MSC.190(79) para 6.2.1 names 'Off Smalls' among TSS in the WETREP area; the TSS (about 51 39-51 51 N) lies south of the St George's Channel closing line 21-22 (Carnsore Point 52 10.3 N 006 21.8 W to 52 01.5 N 005 04.2 W), so it is inside the area. Applies only to oil tankers >600 dwt carrying heavy crude, heavy fuel oil or bitumen/tar.",audits/stage2/B18_Association_Audit.md
TSS-0087,VRS-0005,recorded_reporting_association,Review required,SRC-083; SRC-088,"PARTIAL. MSC.190(79) 6.2.1 names 'Off Tuskar Rock', but the WETREP area is closed across St George's Channel by the line 52 10.3 N 006 21.8 W (Carnsore Point) to 52 01.5 N 005 04.2 W (dashed on Appendix 3 chartlet). The TSS centreline runs 52 04.7 N 006 11.5 W to 52 14.0 N 006 00.8 W; the line crosses it near 52 08.2 N, so the southern part is inside WETREP and the northern part lies in the excluded Irish Sea.",audits/stage2/B18_Association_Audit.md
TSS-0090,VRS-0005,recorded_reporting_association,Review required,SRC-083; SRC-088,MSC.190(79) 6.2.1 names 'In the North Channel'; the TSS (about 55 15-55 24 N) lies north of the Irish Sea closing line 23-24 (54 51.4 N 005 08.5 W to 54 40.4 N 005 34.3 W) and so inside the area. Tanker-only.,audits/stage2/B18_Association_Audit.md
TSS-0091,VRS-0005,recorded_reporting_association,Review required,SRC-083; SRC-090,"Boundary inclusion (not named: TSS adopted 2006, after MSC.190(79)). WETREP area runs from the UK coast out to the line 56 30 N 012 W to 62 N 003 W; the TSS (about 57 24-57 29 N, 006 49-006 58 W) lies well inside. Tanker-only. Pass 4: Minches are UK internal waters but WETREP's coast-based area does not exclude them.",audits/stage2/B19_Association_Audit.md
TSS-0094,VTS-0022,recorded_vts_association,Review required,SRC-094; SRC-095; SRC-096; SRC-083,As recorded; full/partial extent not standardised,audits/stage2/B19_Association_Audit.md
TSS-0094,VRS-0011,recorded_reporting_association,Review required,SRC-094; SRC-095; SRC-083,MSC.162(78) (in force 1 Dec 2004) moved the western limit to 010 15 W and states the area includes the TSS Off Finisterre as amended by A.957(23). Also WETREP (VRS-0005): named in MSC.190(79) 6.2.1 and inside its area (outer line about 012 W at 43 N); tanker-only.,audits/stage2/B19_Association_Audit.md
TSS-0095,VTS-0023,recorded_vts_association,Review required,SRC-097; SRC-090; SRC-098; SRC-099; SRC-100,As recorded; full/partial extent not standardised,audits/stage2/B19_Association_Audit.md
TSS-0095,VRS-0012,recorded_reporting_association,Review required,SRC-099; SRC-090; SRC-083; SRC-100,COPREP area (MSC.278(85)) has the same west and south-west limits; the TSS falls inside on coordinate comparison (TSS not named in COPREP). Also WETREP (VRS-0005): 'Off Cape Roca' named in MSC.190(79) 6.2.1 and inside the area; Portuguese WETREP contact is Roca Control (MSC.301(87)); tanker-only.,audits/stage2/B19_Association_Audit.md
TSS-0096,VTS-0023,recorded_vts_association,Review required,SRC-2001; SRC-2002; SRC-2003; SRC-2005; SRC-2006; SRC-2000,Partial TSS coverage; see boundary basis,audits/stage2/B20_Association_Audit.md
TSS-0096,VRS-0012,recorded_reporting_association,Review required,SRC-2000; SRC-2002; SRC-2004; SRC-003,"COPREP (MSC.278(85)): TSS not named. Western leg identical to the VTS limit (38 41 N 010 14 W to 36 30 N 009 35 W), so positions (35) and (36) lie about 0.25 to 0.3 NM outside; the COPREP southern leg (36 30 N 009 35 W to 36 15 N 008 30 W) lies further south than the VTS leg, so position (33) is inside COPREP. All of the TSS except that western sliver is inside. COPREP applies to ships 300 GT+, dangerous/polluting cargo, passenger ships, fishing vessels 24 m+, tows over 100 m. WETREP (MSC.190(79)) names 'Off Cape S. Vicente' in para 6.2.1; applies only to oil tankers over 600 dwt carrying heavy grades (decision 2).",audits/stage2/B20_Association_Audit.md
TSS-0096,VRS-0005,recorded_reporting_association,Review required,SRC-2000; SRC-2002; SRC-2004; SRC-003,"COPREP (MSC.278(85)): TSS not named. Western leg identical to the VTS limit (38 41 N 010 14 W to 36 30 N 009 35 W), so positions (35) and (36) lie about 0.25 to 0.3 NM outside; the COPREP southern leg (36 30 N 009 35 W to 36 15 N 008 30 W) lies further south than the VTS leg, so position (33) is inside COPREP. All of the TSS except that western sliver is inside. COPREP applies to ships 300 GT+, dangerous/polluting cargo, passenger ships, fishing vessels 24 m+, tows over 100 m. WETREP (MSC.190(79)) names 'Off Cape S. Vicente' in para 6.2.1; applies only to oil tankers over 600 dwt carrying heavy grades (decision 2).",audits/stage2/B20_Association_Audit.md
TSS-0098,VTS-0200,recorded_vts_association,Review required,SRC-2008; SRC-2009; SRC-2010; SRC-096; SRC-2021,Full TSS coverage by the recorded service,audits/stage2/B20_Association_Audit.md
TSS-0098,VTS-0201,recorded_vts_association,Review required,SRC-2008; SRC-2009; SRC-2010; SRC-096; SRC-2021,Full TSS coverage by the recorded service,audits/stage2/B20_Association_Audit.md
TSS-0098,VRS-0013,recorded_reporting_association,Review required,SRC-2008; SRC-096; SRC-003,"Named: MSC.300(87) para 2.1, area 005 58 W to 005 15 W 'includes the amended traffic separation scheme In the Strait of Gibraltar'. Ships 300 GT+ and specified smaller categories.",audits/stage2/B20_Association_Audit.md
TSS-0099,VTS-0202,recorded_vts_association,Review required,SRC-2009; SRC-2010; SRC-2022; SRC-096; SRC-2023; SRC-2011,Full TSS coverage by the recorded service,audits/stage2/B20_Association_Audit.md
TSS-0105,VTS-0203,recorded_vts_association,Review required,SRC-2020; SRC-2025; SRC-2018; SRC-2019; SRC-2024; SRC-2017,Partial TSS coverage; see boundary basis,audits/stage2/B21_Association_Audit.md
TSS-0105,VRS-0015,recorded_reporting_association,Review required,SRC-2016; SRC-2017; SRC-2018; SRC-2019; SRC-003,"Area: whole Adriatic north of 40 25 N (both resolutions); TSS lies between about 43 53 N and 44 57 N, inside. Applicability now: oil tankers 150 GT+, ships 300 GT+ with dangerous or polluting goods. From 0000 UTC 1 Dec 2026: oil tankers 150 GT+, all ships 10,000 GT+, all other ships carrying hazardous cargo.",audits/stage2/B21_Association_Audit.md
TSS-0106,VTS-0203,recorded_vts_association,Review required,SRC-2042; SRC-2043; SRC-2028; SRC-2025; SRC-2029; SRC-2032; SRC-2033,Partial TSS coverage; see boundary basis,audits/stage2/B22_Association_Audit.md
TSS-0106,VRS-0015,recorded_reporting_association,Review required,SRC-2028; SRC-003,"ADRIREP (VRS-0015): whole Adriatic north of 40°25'N (MSC.598(111) para 2.1; current Part I text MSC.139(76) in force until 30 Nov 2026, revised system from 1 Dec 2026, same area).",audits/stage2/B22_Association_Audit.md
TSS-0107,VRS-0015,recorded_reporting_association,Review required,SRC-2028; SRC-003; SRC-2033,"ADRIREP (VRS-0015): whole Adriatic north of 40°25'N (MSC.598(111) para 2.1; current Part I text MSC.139(76) in force until 30 Nov 2026, revised system from 1 Dec 2026, same area).",audits/stage2/B22_Association_Audit.md
TSS-0108,VTS-0204,recorded_vts_association,Review required,SRC-2029; SRC-2030; SRC-2031; SRC-2042; SRC-2043; SRC-2028; SRC-2025; SRC-2032,Partial TSS coverage; see boundary basis,audits/stage2/B22_Association_Audit.md
TSS-0108,VTS-0203,recorded_vts_association,Review required,SRC-2029; SRC-2030; SRC-2031; SRC-2042; SRC-2043; SRC-2028; SRC-2025; SRC-2032,Partial TSS coverage; see boundary basis,audits/stage2/B22_Association_Audit.md
TSS-0108,VRS-0015,recorded_reporting_association,Review required,SRC-2028; SRC-003,"ADRIREP (VRS-0015): whole Adriatic north of 40°25'N (MSC.598(111) para 2.1; current Part I text MSC.139(76) in force until 30 Nov 2026, revised system from 1 Dec 2026, same area). Koper VTS entry reports are VTS participation, not a separate MRS.",audits/stage2/B22_Association_Audit.md
TSS-0109,VTS-0204,recorded_vts_association,Association record reviewed; not publication-ready,SRC-2029; SRC-2030; SRC-2031; SRC-2025,Full TSS coverage by the recorded service,audits/stage2/B22_Association_Audit.md
TSS-0109,VRS-0015,recorded_reporting_association,Association record reviewed; not publication-ready,SRC-2028; SRC-003,"ADRIREP (VRS-0015): whole Adriatic north of 40°25'N (MSC.598(111) para 2.1; current Part I text MSC.139(76) in force until 30 Nov 2026, revised system from 1 Dec 2026, same area). Koper VTS reports (1 hour before entry) are VTS participation.",audits/stage2/B22_Association_Audit.md
TSS-0110,VTS-0205,recorded_vts_association,Review required,SRC-2032; SRC-2034; SRC-2025; SRC-2028,Full TSS coverage by the recorded service,audits/stage2/B22_Association_Audit.md
TSS-0110,VRS-0015,recorded_reporting_association,Review required,SRC-2028; SRC-003,"ADRIREP (VRS-0015): whole Adriatic north of 40°25'N (MSC.598(111) para 2.1; current Part I text MSC.139(76) in force until 30 Nov 2026, revised system from 1 Dec 2026, same area).",audits/stage2/B22_Association_Audit.md
TSS-0120,VTS-0206,recorded_vts_association,Review required,SRC-2044; SRC-2045; SRC-2046; SRC-2047; SRC-2056,Full TSS coverage by the recorded service,audits/stage2/B24_Association_Audit.md
TSS-0120,VRS-0200,recorded_reporting_association,Review required,SRC-2044; SRC-2045; SRC-2048,"Art. 7 TÜBRAP reports are made to the TBGTH Centre before and on entry to the Istanbul Strait from the north (SP-2 2 h or 20 NM before entry; position report 5 NM before entry), so they apply to ships using the north approach TSS. Applicability: SP-1 for ships carrying dangerous cargo and ships of 500 GT and above (24 h before entering the Istanbul or Çanakkale Strait, or 6 h before departure from Marmara ports); SP-2 by VHF 2 h or 20 NM before strait entry; position report by ships of 20 m and above 5 NM before strait entry; calling-point reports in the straits; MARRAP for active participants using the TBGTH area in the Sea of Marmara. Applies to all flags. Counted as MRS under project decision 3.",audits/stage2/B24_Association_Audit.md
TSS-0145,VTS-0004,recorded_vts_association,First pass only,,As recorded; full/partial extent not standardised,audits/IMO2025_B29_Audit.md
TSS-0145,VRS-0016,recorded_reporting_association,First pass only,SRC-101; SRC-049,,audits/IMO2025_B29_Audit.md
TSS-0146,VTS-0004,recorded_vts_association,Review required,SRC-101; SRC-102; SRC-103; SRC-104,As recorded; full/partial extent not standardised,audits/stage2/B30_Association_Audit.md
TSS-0146,VRS-0016,recorded_reporting_association,Review required,SRC-101; SRC-105; SRC-104; SRC-049,"STRAITREP operational area 100°40'E to 104°23'E 'includes the routeing system in the Straits of Malacca and Singapore' (U-S1 para 2.1); this TSS (MSC 69, 1998, part of that routeing system, U-S6 p.6) lies wholly within it. STRAITREP participants (MSC.73(69) Annex 1 para 1.1): ships of 300 GT and above; 50 m or more in length; towing/pushing combinations of 300 GT or 50 m; any tonnage carrying hazardous cargo; all VHF-fitted passenger vessels; smaller VHF-fitted vessels using the lanes in an emergency.",audits/stage2/B30_Association_Audit.md
TSS-0147,VTS-0004,recorded_vts_association,Review required,SRC-101; SRC-102; SRC-103; SRC-104,As recorded; full/partial extent not standardised,audits/stage2/B30_Association_Audit.md
TSS-0147,VRS-0016,recorded_reporting_association,Review required,SRC-101; SRC-105; SRC-104; SRC-049,Wholly within STRAITREP area (100°40'E to 104°23'E) which includes the routeing system (U-S1 para 2.1). STRAITREP participants (MSC.73(69) Annex 1 para 1.1): ships of 300 GT and above; 50 m or more in length; towing/pushing combinations of 300 GT or 50 m; any tonnage carrying hazardous cargo; all VHF-fitted passenger vessels; smaller VHF-fitted vessels using the lanes in an emergency.,audits/stage2/B30_Association_Audit.md
TSS-0148,VTS-0004,recorded_vts_association,Review required,SRC-101; SRC-102; SRC-103; SRC-106; SRC-104,As recorded; full/partial extent not standardised,audits/stage2/B30_Association_Audit.md
TSS-0148,VTS-0005,recorded_vts_association,Review required,SRC-101; SRC-102; SRC-103; SRC-106; SRC-104,As recorded; full/partial extent not standardised,audits/stage2/B30_Association_Audit.md
TSS-0148,VTS-0006,recorded_vts_association,Review required,SRC-101; SRC-102; SRC-103; SRC-106; SRC-104,As recorded; full/partial extent not standardised,audits/stage2/B30_Association_Audit.md
TSS-0148,VRS-0016,recorded_reporting_association,Review required,SRC-101; SRC-102; SRC-105; SRC-104; SRC-049,Wholly within STRAITREP area which includes the routeing system (U-S1 para 2.1); ships crossing the Tg Piai - Pulau Karimun Kecil line must report (U-S1 para 3.3.1). STRAITREP participants (MSC.73(69) Annex 1 para 1.1): ships of 300 GT and above; 50 m or more in length; towing/pushing combinations of 300 GT or 50 m; any tonnage carrying hazardous cargo; all VHF-fitted passenger vessels; smaller VHF-fitted vessels using the lanes in an emergency.,audits/stage2/B30_Association_Audit.md
TSS-0149,VTS-0006,recorded_vts_association,Association record reviewed; not publication-ready,SRC-101; SRC-105; SRC-103; SRC-106; SRC-104,As recorded; full/partial extent not standardised,audits/stage2/B30_Association_Audit.md
TSS-0149,VRS-0016,recorded_reporting_association,Association record reviewed; not publication-ready,SRC-101; SRC-102; SRC-105; SRC-049,"Wholly within STRAITREP area which includes the routeing system (U-S1 para 2.1, U-S3). STRAITREP participants (MSC.73(69) Annex 1 para 1.1): ships of 300 GT and above; 50 m or more in length; towing/pushing combinations of 300 GT or 50 m; any tonnage carrying hazardous cargo; all VHF-fitted passenger vessels; smaller VHF-fitted vessels using the lanes in an emergency.",audits/stage2/B30_Association_Audit.md
TSS-0150,VTS-0006,recorded_vts_association,Association record reviewed; not publication-ready,SRC-101; SRC-103; SRC-106; SRC-104,As recorded; full/partial extent not standardised,audits/stage2/B30_Association_Audit.md
TSS-0150,VRS-0016,recorded_reporting_association,Association record reviewed; not publication-ready,SRC-101; SRC-105; SRC-049,Wholly within STRAITREP area which includes the routeing system (U-S1 para 2.1). STRAITREP participants (MSC.73(69) Annex 1 para 1.1): ships of 300 GT and above; 50 m or more in length; towing/pushing combinations of 300 GT or 50 m; any tonnage carrying hazardous cargo; all VHF-fitted passenger vessels; smaller VHF-fitted vessels using the lanes in an emergency.,audits/stage2/B30_Association_Audit.md
TSS-0151,VTS-0006,recorded_vts_association,Association record reviewed; not publication-ready,SRC-101; SRC-103; SRC-106; SRC-104,As recorded; full/partial extent not standardised,audits/stage2/B31_Association_Audit.md
TSS-0151,VRS-0016,recorded_reporting_association,Association record reviewed; not publication-ready,SRC-101; SRC-105; SRC-049,Wholly within STRAITREP area which includes the routeing system (U-S1 para 2.1). STRAITREP participants (MSC.73(69) Annex 1 para 1.1): ships of 300 GT and above; 50 m or more in length; towing/pushing combinations of 300 GT or 50 m; any tonnage carrying hazardous cargo; all VHF-fitted passenger vessels; smaller VHF-fitted vessels using the lanes in an emergency.,audits/stage2/B31_Association_Audit.md
TSS-0152,VTS-0006,recorded_vts_association,Review required,SRC-101; SRC-103; SRC-106; SRC-104,As recorded; full/partial extent not standardised,audits/stage2/B31_Association_Audit.md
TSS-0152,VRS-0016,recorded_reporting_association,Review required,SRC-101; SRC-105; SRC-104; SRC-049,"STRAITREP eastern limit 104°23'E (U-S1 para 2.1, U-S3); the scheme is inside STRAITREP only west of that meridian. Ships approaching from the east report on reaching Sector 9, giving position from reference points including Horsburgh Lt (U-S1 para 3.3.3). STRAITREP participants (MSC.73(69) Annex 1 para 1.1): ships of 300 GT and above; 50 m or more in length; towing/pushing combinations of 300 GT or 50 m; any tonnage carrying hazardous cargo; all VHF-fitted passenger vessels; smaller VHF-fitted vessels using the lanes in an emergency.",audits/stage2/B31_Association_Audit.md
TSS-0153,VRS-0024,recorded_reporting_association,Review required,SRC-107; SRC-049,"Mandatory for all Indonesian-flag ships transiting or crossing the TSS; foreign ships entering the TSS strongly recommended to participate (U-S7). Not among the 23 IMO Part I systems (U-S14), so no VRS ID; coordinator to decide whether a national VRS ID is allocated.",audits/stage2/B31_Association_Audit.md
TSS-0154,VRS-0025,recorded_reporting_association,Review required,SRC-107; SRC-049,Mandatory for all Indonesian-flag ships transiting or crossing the TSS; foreign ships strongly recommended to participate (U-S7). Not in IMO Part I (U-S14).,audits/stage2/B31_Association_Audit.md
TSS-0155,VTS-0028,recorded_vts_association,Review required,SRC-109; SRC-110; SRC-111; SRC-112,As recorded; full/partial extent not standardised,audits/stage2/B31_Association_Audit.md
TSS-0156,VTS-0028,recorded_vts_association,Review required,SRC-109; SRC-112; SRC-111; SRC-135,As recorded; full/partial extent not standardised,audits/stage2/B32_Association_Audit.md
TSS-0158,VRS-0026,recorded_reporting_association,Review required,SRC-137; SRC-138,"MASTREP area is the Australian SRR for which RCC Australia is responsible (V-S16); the TSS lies in Australian coastal waters well inside the SRR. Mandatory only for foreign vessels between first arrival at and final departure from an Australian port, and for regulated Australian vessels in the MASTREP area (V-S15), so through-transiting foreign ships are outside it. Automatic AIS-based reporting. Pass 4: Marine Order 63 (2019) gives effect to SOLAS V/11 (s.2), applies to regulated Australian vessels and to foreign vessels from arrival at their first Australian port until departure from their final Australian port (s.6(1)), with a strict-liability penalty (s.7). Counted as MRS under the project rule that a national scheme counts when it imposes a penal reporting duty on foreign ships in the TSS under defined voyage conditions. Through traffic not calling at Australian ports is not covered.",audits/stage2/B32_Association_Audit.md
TSS-0159,VRS-0026,recorded_reporting_association,Review required,SRC-137; SRC-138,"MASTREP area is the Australian SRR for which RCC Australia is responsible (V-S16); the TSS lies in Australian coastal waters well inside the SRR. Mandatory only for foreign vessels between first arrival at and final departure from an Australian port, and for regulated Australian vessels in the MASTREP area (V-S15), so through-transiting foreign ships are outside it. Automatic AIS-based reporting. Pass 4: Marine Order 63 (2019) gives effect to SOLAS V/11 (s.2), applies to regulated Australian vessels and to foreign vessels from arrival at their first Australian port until departure from their final Australian port (s.6(1)), with a strict-liability penalty (s.7). Counted as MRS under the project rule that a national scheme counts when it imposes a penal reporting duty on foreign ships in the TSS under defined voyage conditions. Through traffic not calling at Australian ports is not covered.",audits/stage2/B32_Association_Audit.md
TSS-0160,VRS-0026,recorded_reporting_association,Review required,SRC-137; SRC-138,"MASTREP area is the Australian SRR for which RCC Australia is responsible (V-S16); the TSS lies in Australian coastal waters well inside the SRR. Mandatory only for foreign vessels between first arrival at and final departure from an Australian port, and for regulated Australian vessels in the MASTREP area (V-S15), so through-transiting foreign ships are outside it. Automatic AIS-based reporting. Pass 4: Marine Order 63 (2019) gives effect to SOLAS V/11 (s.2), applies to regulated Australian vessels and to foreign vessels from arrival at their first Australian port until departure from their final Australian port (s.6(1)), with a strict-liability penalty (s.7). Counted as MRS under the project rule that a national scheme counts when it imposes a penal reporting duty on foreign ships in the TSS under defined voyage conditions. Through traffic not calling at Australian ports is not covered.",audits/stage2/B32_Association_Audit.md
TSS-0161,VRS-0026,recorded_reporting_association,Review required,SRC-137; SRC-138,"MASTREP area is the Australian SRR for which RCC Australia is responsible (V-S16); the TSS lies in Australian coastal waters well inside the SRR. Mandatory only for foreign vessels between first arrival at and final departure from an Australian port, and for regulated Australian vessels in the MASTREP area (V-S15), so through-transiting foreign ships are outside it. Automatic AIS-based reporting. Pass 4: Marine Order 63 (2019) gives effect to SOLAS V/11 (s.2), applies to regulated Australian vessels and to foreign vessels from arrival at their first Australian port until departure from their final Australian port (s.6(1)), with a strict-liability penalty (s.7). Counted as MRS under the project rule that a national scheme counts when it imposes a penal reporting duty on foreign ships in the TSS under defined voyage conditions. Through traffic not calling at Australian ports is not covered.",audits/stage2/B33_Association_Audit.md
TSS-0162,VTS-0009,recorded_vts_association,Review required,SRC-122; SRC-123; SRC-140,As recorded; full/partial extent not standardised,audits/stage2/B33_Association_Audit.md
TSS-0163,VTS-0030,recorded_vts_association,Review required,SRC-141; SRC-122; SRC-123; SRC-128,As recorded; full/partial extent not standardised,audits/stage2/B33_Association_Audit.md
TSS-0164,VTS-0030,recorded_vts_association,Review required,SRC-141; SRC-122; SRC-123,As recorded; full/partial extent not standardised,audits/stage2/B33_Association_Audit.md
TSS-0165,VTS-0010,recorded_vts_association,Review required,SRC-122; SRC-123; SRC-128; SRC-141; SRC-140,As recorded; full/partial extent not standardised,audits/stage2/B33_Association_Audit.md
TSS-0165,VTS-0030,recorded_vts_association,Review required,SRC-122; SRC-123; SRC-128; SRC-141; SRC-140,As recorded; full/partial extent not standardised,audits/stage2/B33_Association_Audit.md
TSS-0166,VTS-0010,recorded_vts_association,Association record reviewed; not publication-ready,SRC-122; SRC-123; SRC-124; SRC-125; SRC-126,As recorded; full/partial extent not standardised,audits/stage2/B34_Association_Audit.md
TSS-0167,VTS-0029,recorded_vts_association,Association record reviewed; not publication-ready,SRC-122; SRC-123; SRC-125; SRC-126; SRC-128,As recorded; full/partial extent not standardised,audits/stage2/B34_Association_Audit.md
TSS-0167,VTS-0010,recorded_vts_association,Association record reviewed; not publication-ready,SRC-122; SRC-123; SRC-125; SRC-126; SRC-128,As recorded; full/partial extent not standardised,audits/stage2/B34_Association_Audit.md
TSS-0168,VTS-0010,recorded_vts_association,Association record reviewed; not publication-ready,SRC-122; SRC-123; SRC-124; SRC-125; SRC-126,As recorded; full/partial extent not standardised,audits/stage2/B34_Association_Audit.md
TSS-0169,VTS-0010,recorded_vts_association,Association record reviewed; not publication-ready,SRC-122; SRC-123; SRC-124; SRC-125,As recorded; full/partial extent not standardised,audits/stage2/B34_Association_Audit.md
TSS-0170,VTS-0029,recorded_vts_association,Association record reviewed; not publication-ready,SRC-122; SRC-123; SRC-125; SRC-126; SRC-128; SRC-090,As recorded; full/partial extent not standardised,audits/stage2/B34_Association_Audit.md
TSS-0170,VTS-0010,recorded_vts_association,Association record reviewed; not publication-ready,SRC-122; SRC-123; SRC-125; SRC-126; SRC-128; SRC-090,As recorded; full/partial extent not standardised,audits/stage2/B34_Association_Audit.md
TSS-0171,VTS-0029,recorded_vts_association,Association record reviewed; not publication-ready,SRC-122; SRC-123; SRC-126; SRC-128; SRC-090,As recorded; full/partial extent not standardised,audits/stage2/B35_Association_Audit.md
TSS-0171,VTS-0010,recorded_vts_association,Association record reviewed; not publication-ready,SRC-122; SRC-123; SRC-126; SRC-128; SRC-090,As recorded; full/partial extent not standardised,audits/stage2/B35_Association_Audit.md
TSS-0172,VTS-0011,recorded_vts_association,Review required,SRC-122; SRC-130; SRC-090; SRC-123; SRC-124,As recorded; full/partial extent not standardised,audits/stage2/B35_Association_Audit.md
TSS-0174,VTS-0012,recorded_vts_association,Review required,SRC-124; SRC-131; SRC-132; SRC-122; SRC-090,As recorded; full/partial extent not standardised,audits/stage2/B35_Association_Audit.md
TSS-0187,VTS-0031,recorded_vts_association,Review required,SRC-142; SRC-090,As recorded; full/partial extent not standardised,audits/stage2/B38_Association_Audit.md
TSS-0187,VRS-0027,recorded_reporting_association,Review required,SRC-183; SRC-144,Not in IMO Part I (Y-S11). CHILREP is described by DIRECTEMAR as voluntary (Y-S10); the 24 h arrival notice for foreign ships is a port pre-arrival duty and the daily position report is a flag-State duty for Chilean ships only; reporting owed to the VTS is part of the VTS. The CHILREP internal-waters position-report duty for foreign ships was not assessed as applying to this open-coast approach. Counted under decision 3a. DIRECTEMAR's CHILREP guidance (Sistema de Notificación de la Situación de las Naves) requires position reports from Chilean-flag ships and states that foreign ships in Chilean internal waters must report position at 12:00Z and 24:00Z; participation outside internal waters is voluntary for foreign ships. The TSS lies in the Chilean CHILREP area.,audits/stage2/B38_Association_Audit.md
TSS-0188,VTS-0032,recorded_vts_association,Review required,SRC-142; SRC-090,As recorded; full/partial extent not standardised,audits/stage2/B38_Association_Audit.md
TSS-0188,VRS-0027,recorded_reporting_association,Review required,SRC-183; SRC-144,Not in IMO Part I (Y-S11). CHILREP is described by DIRECTEMAR as voluntary (Y-S10); the 24 h arrival notice for foreign ships is a port pre-arrival duty and the daily position report is a flag-State duty for Chilean ships only; reporting owed to the VTS is part of the VTS. The CHILREP internal-waters position-report duty for foreign ships was not assessed as applying to this open-coast approach. Counted under decision 3a. DIRECTEMAR's CHILREP guidance (Sistema de Notificación de la Situación de las Naves) requires position reports from Chilean-flag ships and states that foreign ships in Chilean internal waters must report position at 12:00Z and 24:00Z; participation outside internal waters is voluntary for foreign ships. The TSS lies in the Chilean CHILREP area.,audits/stage2/B38_Association_Audit.md
TSS-0189,VRS-0027,recorded_reporting_association,Review required,SRC-183; SRC-144,Not in IMO Part I (Y-S11). CHILREP is described by DIRECTEMAR as voluntary (Y-S10); the 24 h arrival notice for foreign ships is a port pre-arrival duty and the daily position report is a flag-State duty for Chilean ships only; reporting owed to the VTS is part of the VTS. The CHILREP internal-waters position-report duty for foreign ships was not assessed as applying to this open-coast approach. Counted under decision 3a. DIRECTEMAR's CHILREP guidance (Sistema de Notificación de la Situación de las Naves) requires position reports from Chilean-flag ships and states that foreign ships in Chilean internal waters must report position at 12:00Z and 24:00Z; participation outside internal waters is voluntary for foreign ships. The TSS lies in the Chilean CHILREP area.,audits/stage2/B38_Association_Audit.md
TSS-0190,VTS-0033,recorded_vts_association,Review required,SRC-142; SRC-090,As recorded; full/partial extent not standardised,audits/stage2/B38_Association_Audit.md
TSS-0190,VRS-0027,recorded_reporting_association,Review required,SRC-183; SRC-144,Not in IMO Part I (Y-S11). CHILREP is described by DIRECTEMAR as voluntary (Y-S10); the 24 h arrival notice for foreign ships is a port pre-arrival duty and the daily position report is a flag-State duty for Chilean ships only; reporting owed to the VTS is part of the VTS. The CHILREP internal-waters position-report duty for foreign ships was not assessed as applying to this open-coast approach. Counted under decision 3a. DIRECTEMAR's CHILREP guidance (Sistema de Notificación de la Situación de las Naves) requires position reports from Chilean-flag ships and states that foreign ships in Chilean internal waters must report position at 12:00Z and 24:00Z; participation outside internal waters is voluntary for foreign ships. The TSS lies in the Chilean CHILREP area.,audits/stage2/B38_Association_Audit.md
TSS-0191,VTS-0034,recorded_vts_association,Review required,SRC-142; SRC-090,As recorded; full/partial extent not standardised,audits/stage2/B39_Association_Audit.md
TSS-0191,VRS-0027,recorded_reporting_association,Review required,SRC-184; SRC-144,Not in IMO Part I (Y-S11). CHILREP is described by DIRECTEMAR as voluntary (Y-S10); the 24 h arrival notice for foreign ships is a port pre-arrival duty and the daily position report is a flag-State duty for Chilean ships only; reporting owed to the VTS is part of the VTS. The CHILREP internal-waters position-report duty for foreign ships was not assessed as applying to this open-coast approach. Counted under decision 3a. DIRECTEMAR's CHILREP guidance (Sistema de Notificación de la Situación de las Naves) requires position reports from Chilean-flag ships and states that foreign ships in Chilean internal waters must report position at 12:00Z and 24:00Z; participation outside internal waters is voluntary for foreign ships. The TSS lies in the Chilean CHILREP area.,audits/stage2/B39_Association_Audit.md
TSS-0192,VRS-0027,recorded_reporting_association,Review required,SRC-184; SRC-144,"Not in IMO Part I (Y-S11); CHILREP voluntary for foreign ships (Y-S10). Open point: the TSS lies within Boca Grande at the entrance to Bahía Concepción; if in Chilean internal waters, the CHILREP guidance's 12:00Z/24:00Z position-report duty for foreign ships in internal waters could apply. Baseline/internal-waters status not established. Counted under decision 3a. DIRECTEMAR's CHILREP guidance (Sistema de Notificación de la Situación de las Naves) requires position reports from Chilean-flag ships and states that foreign ships in Chilean internal waters must report position at 12:00Z and 24:00Z; participation outside internal waters is voluntary for foreign ships. The TSS lies in the Chilean CHILREP area.",audits/stage2/B39_Association_Audit.md
TSS-0193,VRS-0027,recorded_reporting_association,Review required,SRC-184; SRC-144,Not in IMO Part I (Y-S11). CHILREP is described by DIRECTEMAR as voluntary (Y-S10); the 24 h arrival notice for foreign ships is a port pre-arrival duty and the daily position report is a flag-State duty for Chilean ships only; reporting owed to the VTS is part of the VTS. The CHILREP internal-waters position-report duty for foreign ships was not assessed as applying to this open-coast approach. Counted under decision 3a. DIRECTEMAR's CHILREP guidance (Sistema de Notificación de la Situación de las Naves) requires position reports from Chilean-flag ships and states that foreign ships in Chilean internal waters must report position at 12:00Z and 24:00Z; participation outside internal waters is voluntary for foreign ships. The TSS lies in the Chilean CHILREP area.,audits/stage2/B39_Association_Audit.md
TSS-0194,VRS-0027,recorded_reporting_association,Review required,SRC-146; SRC-144; SRC-090; SRC-184,"NGA Pub. 124: vessels must inform the Maritime Authority in Punta Arenas when entering or leaving the Estrecho de Magallanes and report position during the passage (CHILREP). DIRECTEMAR CHILREP guidance: foreign ships in Chilean internal waters must report position at 12:00Z and 24:00Z. The amended TSS (53°10'.3-53°12'.8 S, 070°46'.7-070°51'.1 W) lies in Rada de Punta Arenas within the Strait, so inside the reporting area (full). Counted under decision 3a. DIRECTEMAR's CHILREP guidance (Sistema de Notificación de la Situación de las Naves) requires position reports from Chilean-flag ships and states that foreign ships in Chilean internal waters must report position at 12:00Z and 24:00Z; participation outside internal waters is voluntary for foreign ships. The TSS lies in the Chilean CHILREP area.",audits/stage2/B39_Association_Audit.md
TSS-0194,VRS-0028,recorded_reporting_association,Review required,SRC-146; SRC-144; SRC-090; SRC-184,"NGA Pub. 124: vessels must inform the Maritime Authority in Punta Arenas when entering or leaving the Estrecho de Magallanes and report position during the passage (CHILREP). DIRECTEMAR CHILREP guidance: foreign ships in Chilean internal waters must report position at 12:00Z and 24:00Z. The amended TSS (53°10'.3-53°12'.8 S, 070°46'.7-070°51'.1 W) lies in Rada de Punta Arenas within the Strait, so inside the reporting area (full). Counted under decision 3a. DIRECTEMAR's CHILREP guidance (Sistema de Notificación de la Situación de las Naves) requires position reports from Chilean-flag ships and states that foreign ships in Chilean internal waters must report position at 12:00Z and 24:00Z; participation outside internal waters is voluntary for foreign ships. The TSS lies in the Chilean CHILREP area.",audits/stage2/B39_Association_Audit.md
TSS-0195,VTS-0035,recorded_vts_association,Review required,SRC-128; SRC-090; SRC-147; SRC-141,As recorded; full/partial extent not standardised,audits/stage2/B39_Association_Audit.md
TSS-0196,VTS-0037,recorded_vts_association,Association record reviewed; not publication-ready,SRC-128; SRC-141; SRC-166,As recorded; full/partial extent not standardised,audits/stage2/B40_Association_Audit.md
TSS-0198,VRS-0021,recorded_reporting_association,Review required,SRC-168; SRC-123; SRC-049,"Partial. Own geometry check of 33 CFR 167.76-167.77 against 169.105: the separation zone and both lanes stay inside WHALESNORTH from the Boston precautionary area down to the area's southern limit at 41°00'N (crossing at about 069°05'W to 069°11'W), with no crossing of the western or eastern edges. The Boston precautionary area (6.17 NM radius at 42°22.71'N 70°46.97'W) is in Massachusetts Bay inside the area; its innermost harbour edge depends on the undefined 'Massachusetts shoreline' boundary. The lane sections south of 41°00'N and the junction precautionary area (north edge about 40°50.5'N) are outside. Year-round; self-propelled ships of 300 GT or more report once on entry (169.110, 169.125, 169.130).",audits/stage2/B40_Association_Audit.md
TSS-0200,VTS-0014,recorded_vts_association,Review required,SRC-122; SRC-123; SRC-124; SRC-171; SRC-172,As recorded; full/partial extent not standardised,audits/stage2/B40_Association_Audit.md
TSS-0204,VTS-0013,recorded_vts_association,Review required,SRC-122; SRC-123; SRC-124; SRC-178,As recorded; full/partial extent not standardised,audits/stage2/B41_Association_Audit.md
TSS-0205,VTS-0038,recorded_vts_association,Review required,SRC-179; SRC-180; SRC-181; SRC-090,As recorded; full/partial extent not standardised,audits/stage2/B41_Association_Audit.md
TSS-0219,VTS-0036,recorded_vts_association,Review required,SRC-159; SRC-160; SRC-161,As recorded; full/partial extent not standardised,audits/stage2/B44_Association_Audit.md
TSS-0219,VRS-0022,recorded_reporting_association,Review required,SRC-159; SRC-160; SRC-156,"SRS area is the 24 nm circle centred on the VTS Centre (MSC.389(94) para 2.1). All vertices of the inner TSS (points 1-9, 13-15, 26-27) lie between 3.1 and 15.1 nm from the circle centre, so the whole scheme lies inside the 24 nm area. Participation: passenger ships; oil tankers 150 GT and above and ships carrying hazardous cargo; LOA over 200 m or draught over 12 m; towing/pushing vessels; ships NUC, at anchor in the TSSs, RAM or with defective navigational equipment.",audits/stage2/B44_Association_Audit.md
TSS-0220,VTS-0036,recorded_vts_association,Review required,SRC-159; SRC-160; SRC-161,As recorded; full/partial extent not standardised,audits/stage2/B44_Association_Audit.md
TSS-0220,VRS-0022,recorded_reporting_association,Review required,SRC-159; SRC-160; SRC-156,"SRS area is the 24 nm circle centred on the VTS Centre (MSC.389(94) para 2.1). All North TSS points (11, 12, 14-17) lie 15.4 to 21.7 nm from the circle centre (outermost: point 16, 21.7 nm), so the whole scheme lies inside the 24 nm area. Participation: passenger ships; oil tankers 150 GT and above and ships carrying hazardous cargo; LOA over 200 m or draught over 12 m; towing/pushing vessels; ships NUC, at anchor in the TSSs, RAM or with defective navigational equipment.",audits/stage2/B44_Association_Audit.md
TSS-0221,VTS-0036,recorded_vts_association,Review required,SRC-159; SRC-160; SRC-161,As recorded; full/partial extent not standardised,audits/stage2/B45_Association_Audit.md
TSS-0221,VRS-0022,recorded_reporting_association,Review required,SRC-159; SRC-160; SRC-156,"SRS area is the 24 nm circle centred on the VTS Centre (MSC.389(94) para 2.1). Coverage is partial. Ellipsoidal (WGS 84) distances from the circle centre: point 18 = 21.6 nm, 21 = 21.1 nm, 19 (east end of separation zone centreline) = 23.4 nm, 22 = 24.1 nm, 23 (east end of the outer limit of the north-westbound lane) = 25.7 nm. The eastern end of the north-westbound lane and of the northern half of the separation zone therefore lie just outside the 24 nm area; the south-eastbound lane is inside. Participation: passenger ships; oil tankers 150 GT and above and ships carrying hazardous cargo; LOA over 200 m or draught over 12 m; towing/pushing vessels; ships NUC, at anchor in the TSSs, RAM or with defective navigational equipment.",audits/stage2/B45_Association_Audit.md
TSS-0222,VTS-0036,recorded_vts_association,Review required,SRC-159; SRC-160; SRC-161,As recorded; full/partial extent not standardised,audits/stage2/B45_Association_Audit.md
TSS-0222,VRS-0022,recorded_reporting_association,Review required,SRC-159; SRC-160; SRC-156,"SRS area is the 24 nm circle centred on the VTS Centre (MSC.389(94) para 2.1). All South TSS points (20, 24-28) lie 13.7 to 21.3 nm from the circle centre (outermost: point 28, 21.3 nm), so the whole scheme lies inside the 24 nm area. Participation: passenger ships; oil tankers 150 GT and above and ships carrying hazardous cargo; LOA over 200 m or draught over 12 m; towing/pushing vessels; ships NUC, at anchor in the TSSs, RAM or with defective navigational equipment.",audits/stage2/B45_Association_Audit.md
TSS-0223,VRS-0023,recorded_reporting_association,Review required,SRC-162; SRC-163; SRC-156,"CANREP area is a polygon (points A-N) along the outer limit of the territorial sea around the archipelago (MSC.213(81) para 2.1). Plotting the COLREG.2/Circ.57 coordinates shows all Eastern TSS points inside the polygon; its northern termination (points 3 and 11-12 at about 28°20'N, on the line CANREP D-E) lies on the CANREP boundary line within 0.05', and the polygon vertex used for the TSS's inshore traffic zone coincides with a CANREP vertex, so the TSS lies within the reporting area. Applies only to tankers of 600 dwt and above carrying heavy crude, heavy fuel oil, bitumen or tar.",audits/stage2/B45_Association_Audit.md
TSS-0224,VRS-0023,recorded_reporting_association,Review required,SRC-162; SRC-163; SRC-156,"CANREP area is a polygon (points A-N) along the outer limit of the territorial sea around the archipelago (MSC.213(81) para 2.1). Plotting the COLREG.2/Circ.57 coordinates shows all Western TSS points inside the polygon; its northern termination (points 3 and 19 at about 28°34'-28°38'N, on the line CANREP C-D) lies on the CANREP boundary line within 0.05', and the polygon vertex used for the TSS's inshore traffic zone coincides with a CANREP vertex, so the TSS lies within the reporting area. Applies only to tankers of 600 dwt and above carrying heavy crude, heavy fuel oil, bitumen or tar.",audits/stage2/B45_Association_Audit.md
