previous_id,resynced_id
VTS-0017,VTS-0022
VTS-0018,VTS-0023
VTS-0019,VTS-0024
VTS-0020,VTS-0025
VTS-0021,VTS-0026
VTS-0022,VTS-0027
SRC-033,SRC-041
SRC-034,SRC-042
SRC-035,SRC-043
SRC-036,SRC-044
SRC-037,SRC-045
SRC-038,SRC-046
SRC-039,SRC-047
SRC-040,SRC-048
SRC-041,SRC-049
SRC-042,SRC-050
SRC-043,SRC-051
SRC-044,SRC-052
SRC-045,SRC-053
SRC-046,SRC-054
SRC-047,SRC-055
SRC-048,SRC-056
SRC-049,SRC-057
SRC-050,SRC-058
SRC-051,SRC-059
SRC-052,SRC-060
SRC-053,SRC-061
SRC-054,SRC-062
SRC-055,SRC-063
SRC-056,SRC-064
SRC-057,SRC-065
SRC-058,SRC-066
SRC-059,SRC-067
SRC-060,SRC-068
SRC-061,SRC-069
SRC-062,SRC-070
SRC-063,SRC-071
SRC-064,SRC-072
SRC-065,SRC-073
SRC-066,SRC-074
SRC-067,SRC-075
SRC-068,SRC-076
SRC-069,SRC-077
SRC-070,SRC-078
SRC-071,SRC-079
SRC-072,SRC-080
SRC-073,SRC-081
SRC-074,SRC-082
SRC-075,SRC-083
SRC-076,SRC-084
SRC-077,SRC-085
SRC-078,SRC-086
SRC-079,SRC-087
SRC-080,SRC-088
SRC-081,SRC-089
SRC-082,SRC-090
SRC-083,SRC-091
SRC-084,SRC-092
SRC-085,SRC-093
SRC-086,SRC-094
SRC-087,SRC-095
SRC-088,SRC-096
