branch_id,canonical_id
VTS-0101,VTS-0017
VTS-0102,VTS-0018
VTS-0103,VTS-0019
VTS-0104,VTS-0020
VTS-0105,VTS-0021
VTS-0106,VTS-0022
SRC-B10-01,SRC-033
SRC-B10-02,SRC-034
SRC-B10-03,SRC-035
SRC-B10-04,SRC-036
SRC-B10-05,SRC-037
SRC-B10-06,SRC-038
SRC-B10-07,SRC-039
SRC-B10-08,SRC-040
SRC-B10-09,SRC-041
SRC-B10-10,SRC-042
SRC-B10-11,SRC-043
SRC-B10-12,SRC-044
SRC-B11-01,SRC-045
SRC-B11-02,SRC-046
SRC-B11-03,SRC-047
SRC-B11-04,SRC-048
SRC-B11-05,SRC-049
SRC-B11-06,SRC-050
SRC-B12-01,SRC-051
SRC-B12-02,SRC-052
SRC-B12-03,SRC-053
SRC-B12-04,SRC-054
SRC-B13-01,SRC-055
SRC-B13-02,SRC-056
SRC-B13-03,SRC-057
SRC-B13-04,SRC-058
SRC-B13-05,SRC-059
SRC-B13-06,SRC-060
SRC-B13-07,SRC-061
SRC-B13-08,SRC-062
SRC-B13-09,SRC-063
SRC-B14-01,SRC-064
SRC-B14-02,SRC-065
SRC-B14-03,SRC-066
SRC-B14-04,SRC-067
SRC-B14-05,SRC-068
SRC-B14-06,SRC-069
SRC-B14-07,SRC-070
SRC-B15-01,SRC-071
SRC-B15-02,SRC-072
SRC-B16-01,SRC-073
SRC-B16-02,SRC-074
SRC-B17-01,SRC-075
SRC-B18-01,SRC-076
SRC-B18-02,SRC-077
SRC-B18-03,SRC-078
SRC-B19-01,SRC-079
SRC-B19-02,SRC-080
SRC-B19-03,SRC-081
SRC-B19-04,SRC-082
SRC-B19-05,SRC-083
SRC-B19-06,SRC-084
SRC-B19-07,SRC-085
SRC-B19-08,SRC-086
SRC-B19-09,SRC-087
SRC-B19-10,SRC-088
