service_id,service_name,region_code,region_name,project_class,service_nature,formal_vts_status,linked_tss_count,linked_tss_ids,authority,centre,operational_status,evidence_status,source_ids,source_urls,counting_basis,notes
VTS-0001,Channel VTS,BIS,British Isles and southern North Sea,Core,Core VTS / VTIS / VTMS / traffic service,Core project service; underlying evidence supports the recorded VTS/VTIS/VTMS/traffic-service identity,1,TSS-0038,UK Maritime and Coastguard Agency; French authorities,Dover MRCC and CROSS Gris-Nez,Operational H24,Current MCA guidance confirms 24-hour joint Channel VTS operation across the Dover Strait TSS,SRC-004; SRC-005,https://www.gov.uk/government/publications/dover-strait-crossings-channel-navigation-information-service/dover-strait-crossings-channel-navigation-information-service-cnis; https://www.gov.uk/government/publications/mgn-364-mf-amendment-2-navigation-safety-traffic-separation-schemes-application-of-rule-10-and-navigation-in-the-dover-strait/mgn-364-mf-amendment-2-navigation-safety-traffic-separation-schemes-application-of-rule-10-and-navigation-in-the-dover-strait,Recorded project decisions; not a count of distinct statutory VTS areas,Canonical normalisation of legacy VTS-001. Operates VRS-0008 CALDOVREP in conjunction with France.
VTS-0024,Rotterdam VTS,BIS,British Isles and southern North Sea,Core,Core VTS / VTIS / VTMS / traffic service,Core project service; underlying evidence supports the recorded VTS/VTIS/VTMS/traffic-service identity,5,TSS-0048; TSS-0049; TSS-0050; TSS-0051; TSS-0052,"Havenmeester van Rotterdam (Port of Rotterdam Authority, Division Harbour Master), also Rijkshavenmeester regio Rotterdam-Rijnmond, VTS authority",Traffic Center Hook of Holland (Verkeerscentrale Hoek van Holland) and Traffic Center Botlek,Operational (see evidence),"Procedure v2.0 in force 20 Feb 2026 (Stcrt. 2026, 8272); PIG January 2026; H24",SRC-054; SRC-055; SRC-056; SRC-046,https://www.portofrotterdam.com/sites/default/files/2026-02/port-information-guide.pdf; https://www.portofrotterdam.com/sites/default/files/2026-05/procedure-vhf-communicatie-vts-hcc-2026_0.pdf; https://zoek.officielebekendmakingen.nl/stcrt-2026-8272.html; https://wetten.overheid.nl/BWBR0007914/,Recorded project decisions; not a count of distinct statutory VTS areas,Stage 2 canonical addition from B10 (branch ID VTS-0103).
VTS-0027,VTS Humber,BIS,British Isles and southern North Sea,Core,Core VTS / VTIS / VTMS / traffic service,Core project service; underlying evidence supports the recorded VTS/VTIS/VTMS/traffic-service identity,1,TSS-0065,"Associated British Ports, Humber Estuary Services","Humber Marine Control Centre, Grimsby",Operational (see evidence),"Published VTS description: compulsory, 24-hour, radar at Spurn, Stone Creek and Hull; IALA coding VTS/X/T123457/TOS/INS.",SRC-075,https://humber.com/estuary_information/marine_information/vessel-traffic-services/vts-description,Recorded project decisions; not a count of distinct statutory VTS areas,Stage 2 canonical addition from B13 (branch ID VTS-0106).
VTS-0041,Jobourg Traffic / CROSS Jobourg VTS,BIS,British Isles and southern North Sea,Core,Core VTS / VTIS / VTMS / traffic service,Core project service; underlying evidence supports the recorded VTS/VTIS/VTMS/traffic-service identity,1,TSS-0037,French State / CROSS Jobourg,CROSS Jobourg,Operational,Official French material designates CROSS Jobourg as VTS for the Casquets TSS; 2026 operational reporting confirms continued active monitoring,SRC-186; SRC-187,https://www.premar-manche.gouv.fr/uploads/manche/pages/docs-ocr/bilan-2014/cross_jobourg_-_bilan_operationnel_2014_janvier_2015_-2.pdf; https://www.premar-manche.gouv.fr/communiques-presse/operation-d-assistance-a-un-navire-en-difficulte-au-niveau-du-cap-de-la-hague,Recorded project decisions; not a count of distinct statutory VTS areas,New Stage 2 VTS entity. Operates MANCHEREP in the Casquets area.
VTS-0042,Sunk VTS,BIS,British Isles and southern North Sea,Core,Core VTS / VTIS / VTMS / traffic service,Core project service; underlying evidence supports the recorded VTS/VTIS/VTMS/traffic-service identity,3,TSS-0040; TSS-0041; TSS-0042,UK Maritime and Coastguard Agency / HM Coastguard,CNIS Dover,Operational H24,Current MCA and PLA sources confirm Sunk VTS and its coverage of the Sunk precautionary areas and associated TSSs,SRC-188; SRC-189,https://pla.co.uk/sites/default/files/2025-12/PLA-Tide-Booklet-2026.pdf; https://nsip-documents.planninginspectorate.gov.uk/published-documents/EN020026-003122-MCA%20Sea%20Link%20Deadline%206%20response%20Cover%20Letter.pdf,Recorded project decisions; not a count of distinct statutory VTS areas,New Stage 2 VTS entity. Operated day-to-day by HM Coastguard from CNIS Dover.
VTS-0215,VTS Scheldt (Scheldt area VTS; Flemish Scheepvaartbegeleiding / Gemeenschappelijk Nautisch Beheer),BIS,British Isles and southern North Sea,Core,Core VTS / VTIS / VTMS / traffic service,Core project service; underlying evidence supports the recorded VTS/VTIS/VTMS/traffic-service identity,1,TSS-0039,Gemeenschappelijk Nautisch Beheer Scheldegebied (Flanders and the Netherlands); in Belgian waters the Flemish traffic guidance service under the Scheepvaartbegeleidingsbesluit,"Traffic centres Wandelaar, Zeebrugge, Steenbank, Flushing, Terneuzen, Hansweert, Zandvliet (locations not confirmed in sources opened)",Current (decision 7 double-check),Official source checked in the decision 7 double-check,SRC-2188; SRC-2189; SRC-2187,https://www.vts-scheldt.net/download/d72c012e-266f-4fe4-8412-640b6485834e?dl=0; https://www.kustcodex.be/kustcodex-consult/plainWettekstServlet?wettekstId=4238&lang=nl; https://themis-test.vlaanderen.be/files/607e77efd129f6000c00016e/download,Decision 7 double-check,"No Scheldt, Wandelaar or Zeebrugge service in the 57-service register; not Channel VTS (VTS-0001), Rotterdam VTS (VTS-0024) or Sunk VTS (VTS-0042). Other groups may also link it (e.g. other Belgian/Dutch schemes); deduplicate before allocating an ID."
VTS-0216,Liverpool VTS (Mersey VTS),BIS,British Isles and southern North Sea,Core,Core VTS / VTIS / VTMS / traffic service,Core project service; underlying evidence supports the recorded VTS/VTIS/VTMS/traffic-service identity,1,TSS-0089,"The Mersey Docks and Harbour Company Ltd (Peel Ports), Harbour Master","MDHC Port Control Centre, Seaforth (per FC-A; not reverified)",Current (decision 7 double-check),Official source checked in the decision 7 double-check,SRC-2201; SRC-089; SRC-2204,https://www.peelports.com/media/bbchw5oa/lrg9-port-of-liverpool-general-byelaws-2021.pdf; https://www.gov.uk/government/publications/msn-1796-mf-amendment-4-designation-of-vessel-traffic-services-vts/msn-1796-amendment-4-vessel-traffic-services-designation-of-vessel-traffic-service-vts-centres-in-the-united-kingdom,Decision 7 double-check,Designated UK VTS (MSN 1796) not in the 57-service register; FC-A treated it as out of scope because it did not reach the TSS.
VTS-0217,Irish Coast Guard traffic monitoring of the Tuskar and Fastnet TSS,BIS,British Isles and southern North Sea,Supplemental,Supplemental monitoring/information service,Formal VTS status not established for this TSS association,2,TSS-0085; TSS-0087,"Irish Coast Guard (Department of Transport, Ireland)","IRCG marine rescue centres: MRCC Dublin, MRSC Malin Head, MRSC Valentia (responsible centre per TSS not stated in sources opened)",Current (decision 7 double-check),Official source checked in the decision 7 double-check,SRC-2205; SRC-2206,https://www.gov.ie/en/department-of-transport/policy-information/the-irish-coast-guard/; https://www.irishstatutebook.ie/2010/en/si/0573.html,Decision 7 double-check,"No Irish service in the 57-service register. Not a port VTS: Irish VTS are harbour-master services within port limits (S.I. 573/2010 reg. 12(3); e.g. VTS DUBLIN). One monitoring function covers both TSS, so it is counted once. Subject to the project owner confirming that the 'stays a lead' note does not bar supplemental counting."
VTS-0039,NOR VTS (Vardø VTS centre),NOI,Norway and Iceland,Supplemental,Supplemental monitoring/information service,Formal VTS status not established for this TSS association,19,TSS-0066; TSS-0067; TSS-0068; TSS-0069; TSS-0070; TSS-0071; TSS-0072; TSS-0073; TSS-0074; TSS-0075; TSS-0076; TSS-0077; TSS-0078; TSS-0079; TSS-0080; TSS-0081; TSS-0082; TSS-0083; TSS-0084,Norwegian Coastal Administration (Kystverket),Vardø,Operational (see evidence),,SRC-076; SRC-077; SRC-078; SRC-079,https://services.kystverket.no/wfs.ashx?service=WFS&version=1.1.0&request=GetFeature&typeName=layer_696&srsName=EPSG:4326; https://lovdata.no/dokument/SF/forskrift/2021-02-10-523; https://www.kystverket.no/en/contact/vts-service/; https://www.kystverket.no/en/navigation-and-monitoring/vts---vessel-traffic-service/about-the-vessel-traffic-service-vts/,Recorded project decisions; not a count of distinct statutory VTS areas,Stage 2 canonical addition from B14.
VTS-0212,"Icelandic Coast Guard Maritime Traffic Service (Vaktstöð siglinga, MTS Reykjavík)",NOI,Norway and Iceland,Supplemental,Supplemental monitoring/information service,Formal VTS status not established for this TSS association,2,TSS-0092; TSS-0093,Vegagerðin (Icelandic Road and Coastal Administration) under Act 41/2003; operated by Landhelgisgæsla Íslands (Icelandic Coast Guard) under service agreement; Samgöngustofa (Icelandic Transport Authority) keeps the inner-route permit register,"Icelandic Coast Guard operations centre / JRCC Iceland, Reykjavík",Current (FC-A fact-check),Official source checked in FC-A (Passes 1 to 5),SRC-2118; SRC-2119; SRC-2120; SRC-2121,https://files.reglugerd.is/pdf/0524-2008/current; https://files.reglugerd.is/pdf/1195-2022/original; https://www.althingi.is/lagas/nuna/2003041.html; https://www.lhg.is/en/jrcc-iceland/jrcc-iceland-rescue-centre-for-mariners-and-aircrafts/,FC-A final-count fact-check,"Not in existing_vts_register or rationalised_register_draft under any name, centre (Reykjavík, JRCC Iceland, Landhelgisgæslan), call sign or alias. One service for both Icelandic TSS (count once). It is the same body that is the shore authority for TRANSREP (VRS-0010), which is a reporting system and not counted as a VTS; the service is counted as the traffic service, not as a separate MRS. Classified monitoring-information rather than core VTS: the Coast Guard calls it the 'Icelandic Vessel Traffic Service', but no IALA-type declared VTS area or traffic-organisation role was found; the project owner may upgrade it to core VTS on the Coast Guard's own designation. Checker: monitoring-information confirmed. The statutory service list (Act 41/2003 art. 2 a to m) and the operator's own service description (112.is, SRC-2129: GMDSS/NAVTEX, emergency communications, 'monitoring of ships in the"
VTS-0002,Great Belt VTS,BAL,Baltic Sea and approaches,Core,Core VTS / VTIS / VTMS / traffic service,Core project service; underlying evidence supports the recorded VTS/VTIS/VTMS/traffic-service identity,2,TSS-0026; TSS-0027,Denmark / Royal Danish Navy,Naval Base Korsør,Operational H24,Current operator pages and IMO MSC.332(90) confirm service and operational area,SRC-008; SRC-015; SRC-020; SRC-039,https://www.forsvaret.dk/da/organisation/soevaernet/civile-opgaver/beltrep/; https://www.forsvaret.dk/da/organisation/soevaernet/nationalt-maritimt-operationscenter/vts/; https://wwwcdn.imo.org/localresources/en/KnowledgeCentre/IndexofIMOResolutions/MSCResolutions/MSC.332(90).pdf; https://www.soefartsstyrelsen.dk/Media/638743469510433298/Navigation%20through%20Danish%20Water%20version%2016.0%202025.pdf,Recorded project decisions; not a count of distinct statutory VTS areas,Canonical normalisation of legacy VTS-002. Operates VRS-0004 BELTREP. Do not count the two sectors as separate VTS services.
VTS-0003,Sound VTS,BAL,Baltic Sea and approaches,Core,Core VTS / VTIS / VTMS / traffic service,Core project service; underlying evidence supports the recorded VTS/VTIS/VTMS/traffic-service identity,3,TSS-0021; TSS-0022; TSS-0032,Swedish Maritime Administration; Royal Danish Navy,Sound VTS Malmö,Operational H24,Legacy VTS-003 normalised to v1.0 canonical ID; current Swedish and Danish authority pages confirm operation,SRC-009; SRC-015; SRC-021,https://www.sjofartsverket.se/en/services/maritime-traffic-information/soundrep/; https://www.forsvaret.dk/da/organisation/soevaernet/nationalt-maritimt-operationscenter/vts/; https://www.sjofartsverket.se/globalassets/tjanster/sjotrafiktjanster/msc.31488.pdf,Recorded project decisions; not a count of distinct statutory VTS areas,Operates VRS-0003 SOUNDREP. Do not create separate VTS entities for the two sectors.
VTS-0015,VTS Zatoka Gdańska,BAL,Baltic Sea and approaches,Core,Core VTS / VTIS / VTMS / traffic service,Core project service; underlying evidence supports the recorded VTS/VTIS/VTMS/traffic-service identity,2,TSS-0017; TSS-0018,Maritime Office in Gdynia,VTS Zatoka Gdańska Centre,Operational H24,Current operator page explicitly defines VTS area and TSS EAST/WEST coverage,SRC-035,https://www.umgdy.gov.pl/en/marine-safety/vts-zatoka-gdanska-en/,Recorded project decisions; not a count of distinct statutory VTS areas,Canonical normalisation of legacy VTS-015. The VTS area follows the external limits of GDANREP.
VTS-0016,Saint Petersburg VTS / regional VTS for the eastern Gulf of Finland,BAL,Baltic Sea and approaches,Core,Core VTS / VTIS / VTMS / traffic service,Core project service; underlying evidence supports the recorded VTS/VTIS/VTMS/traffic-service identity,3,TSS-0001; TSS-0002; TSS-0003,FSUE Rosmorport North-Western Basin Branch,Peterhof VTS Centre,Operational H24,Current operator page and current UKHO navigational publication confirm area and operation,SRC-022; SRC-023,https://www.rosmorport.ru/filials/spb_serv_nav/; https://msi.admiralty.co.uk/NoticesToMariners/DownloadFile?batchId=8e8b0409-45d3-4103-8b64-bd6220063819&fileName=11wknm26.pdf&frequency=Weekly&mimeType=application%2Fpdf,Recorded project decisions; not a count of distinct statutory VTS areas,VTS-0016 is a Stage 2 canonical addition. Do not confuse the VTS service with St. Petersburg Traffic's GOFREP reporting-centre role.
VTS-0017,VTS Ławica Słupska / VTS Slupska Bank,BAL,Baltic Sea and approaches,Core,Core VTS / VTIS / VTMS / traffic service,Core project service; underlying evidence supports the recorded VTS/VTIS/VTMS/traffic-service identity,1,TSS-0019,Maritime Office in Gdynia,VTS Ławica Słupska,Operational H24,Current operator page states that the VTS service supervises vessel traffic in the Słupska Bank TSS area,SRC-036,https://www.umgdy.gov.pl/en/marine-safety/vts-zatoka-gdanska-en/vts-slupska-bank/,Recorded project decisions; not a count of distinct statutory VTS areas,VHF 73 and 16. New Stage 2 VTS entity.
VTS-0018,Sassnitz Traffic,BAL,Baltic Sea and approaches,Core,Core VTS / VTIS / VTMS / traffic service,Core project service; underlying evidence supports the recorded VTS/VTIS/VTMS/traffic-service identity,1,TSS-0020,German Federal Waterways and Shipping Administration,VTS Centre Warnemünde,Operational,Current BSH VTS Guide maps the service area; BSH operational notice explicitly references VTS Warnemünde/Sassnitz Traffic for TSS Adlergrund,SRC-037; SRC-038,https://linchart60.bsh.de/chartserver/pdf_version/VTS-Guide_from_S-127_Extract.pdf; https://www2.bsh.de/daten/NFS/NfS2021/nfs-heft30-31-2021.pdf,Recorded project decisions; not a count of distinct statutory VTS areas,VHF 13 in the Sassnitz Traffic sector. New Stage 2 VTS entity.
VTS-0019,Stralsund Traffic,BAL,Baltic Sea and approaches,Core,Core VTS / VTIS / VTMS / traffic service,Core project service; underlying evidence supports the recorded VTS/VTIS/VTMS/traffic-service identity,1,TSS-0023,German Federal Waterways and Shipping Administration,VTS Centre Warnemünde,Operational,Current BSH VTS overview supports current service area; TSS North of Rügen lies in the sector west of Cape Arkona,SRC-037,https://linchart60.bsh.de/chartserver/pdf_version/VTS-Guide_from_S-127_Extract.pdf,Recorded project decisions; not a count of distinct statutory VTS areas,New Stage 2 VTS entity. VHF 67 in current German VTS publications.
VTS-0020,Kadetrenden Traffic,BAL,Baltic Sea and approaches,Core,Core VTS / VTIS / VTMS / traffic service,Core project service; underlying evidence supports the recorded VTS/VTIS/VTMS/traffic-service identity,1,TSS-0024,German Federal Waterways and Shipping Administration,VTS Centre Warnemünde,Operational,Current BSH overview plus current official Danish routeing guide establish the operational corridor,SRC-037; SRC-039,https://linchart60.bsh.de/chartserver/pdf_version/VTS-Guide_from_S-127_Extract.pdf; https://www.soefartsstyrelsen.dk/Media/638743469510433298/Navigation%20through%20Danish%20Water%20version%2016.0%202025.pdf,Recorded project decisions; not a count of distinct statutory VTS areas,New Stage 2 VTS entity. VHF 71.
VTS-0021,Kiel Traffic,BAL,Baltic Sea and approaches,Core,Core VTS / VTIS / VTMS / traffic service,Core project service; underlying evidence supports the recorded VTS/VTIS/VTMS/traffic-service identity,1,TSS-0025,German Federal Waterways and Shipping Administration,VTS Centre Travemünde,Operational,Current German traffic regulations require Kiel Traffic reports at Kiel Lighthouse; current BSH overview confirms Kiel Traffic service area,SRC-040; SRC-037,https://www.deutsche-flagge.de/de/redaktion/dokumente/rechtsvorschriften/seeschstro_engl.pdf; https://linchart60.bsh.de/chartserver/pdf_version/VTS-Guide_from_S-127_Extract.pdf,Recorded project decisions; not a count of distinct statutory VTS areas,New Stage 2 VTS entity. VHF 67.
VTS-0043,Åland Sea Traffic,BAL,Baltic Sea and approaches,Supplemental,Supplemental monitoring/information service,Formal VTS status not established for this TSS association,1,TSS-0012,Fintraffic Vessel Traffic Services Ltd,Western Finland Vessel Traffic Centre,Operational monitoring,Current operator explicitly names the TSS and VTS centre,SRC-194; SRC-197; SRC-198,https://mastersguide.fintraffic.fi/en/south-aland-sea-tss; https://www.fintraffic.fi/fi/node/255; https://www.fintraffic.fi/sv/node/254,Project decision 1,Counted under decision 1. Not represented as a designated statutory VTS area.
VTS-0045,Helsinki Traffic (GOFREP monitoring),BAL,Baltic Sea and approaches,Supplemental,Supplemental monitoring/information service,Formal VTS status not established for this TSS association,4,TSS-0004; TSS-0005; TSS-0006; TSS-0007,Fintraffic Vessel Traffic Services Ltd,Gulf of Finland Vessel Traffic Centre,Operational monitoring,Operator names the VTS centre and monitored GOFREP area,SRC-197; SRC-198; SRC-011,https://www.fintraffic.fi/fi/node/255; https://www.fintraffic.fi/sv/node/254; https://mastersguide.fintraffic.fi/en/gofrep-area,Project decision 1,"Decision 1 includes monitoring from a VTS centre. Not Helsinki VTS, and not a new reporting scheme."
VTS-0214,Sweden Traffic (TSS monitoring),BAL,Baltic Sea and approaches,Supplemental,Supplemental monitoring/information service,Formal VTS status not established for this TSS association,9,TSS-0008; TSS-0009; TSS-0011; TSS-0013; TSS-0014; TSS-0015; TSS-0016; TSS-0030; TSS-0031,Swedish Maritime Administration (Sjöfartsverket),"Sjötrafikcentral Stockholm (Värtahamnen), the SMA centre that also houses VTS for the east-coast VTS areas (SMA web, Feb 2026); Ufs A (2026) places Sweden Traffic and the east-coast VTS centre at Södertälje",Current (decision 7 double-check),Official source checked in the decision 7 double-check,SRC-2174; SRC-2175; SRC-2176; SRC-2177; SRC-2178; SRC-2179,https://www-n.sjofartsverket.se/globalassets/ufs-a_eng_260615.pdf; https://www.sjofartsverket.se/globalassets/ufs-a_260512.pdf; https://www.sjofartsverket.se/sv/tjanster/sjotrafiktjanster/; https://www.sjofartsverket.se/sv/tjanster/sjotrafiktjanster/sjotrafikcentral-stockholm/; https://www.sjofartsverket.se/sv/om-oss/kontakta-oss/vessel-traffic-service-vts/; https://www.transportstyrelsen.se/TSFS/TSFS%202026_60.pdf,Decision 7 double-check; decision 1,"The only Swedish entry in the 57-service register is Sound VTS (VTS-0003, Malmö), which Ufs A limits to Off Falsterborev and the Sound. The east-coast VTS areas (Stockholm centre) are statutory port/coastal VTS areas that contain none of these TSS; Sweden Traffic is a separate function of that centre, analogous to Åland Sea Traffic (VTS-0043), so it is a distinct monitoring service rather than an extension of any existing VTS ID."
VTS-0025,VTS North Sea Canal Area (Noordzeekanaalgebied),NSC,North Sea continental coast,Core,Core VTS / VTIS / VTMS / traffic service,Core project service; underlying evidence supports the recorded VTS/VTIS/VTMS/traffic-service identity,3,TSS-0055; TSS-0056; TSS-0057,Directeur Centraal Nautisch Beheer Noordzeekanaalgebied,not named in source,Operational (see evidence),Regulation v2.0 in force 30 Sep 2025,SRC-046; SRC-061; SRC-062,https://wetten.overheid.nl/BWBR0007914/; https://wetten.overheid.nl/BWBR0008644/; https://www.portofamsterdam.com/sites/default/files/2025-09/2025-479_VTS%20communicatieregeling%202.0%20def_NLEN_rev.pdf,Recorded project decisions; not a count of distinct statutory VTS areas,"Stage 2 canonical addition from B11 (branch ID VTS-0104). B12: supporting VHF 7 inbound reports confirmed from SRC-062, but no offshore TSS coverage/monitoring assertion is made."
VTS-0026,German Bight Traffic,NSC,North Sea continental coast,Core,Core VTS / VTIS / VTMS / traffic service,Core project service; underlying evidence supports the recorded VTS/VTIS/VTMS/traffic-service identity,4,TSS-0061; TSS-0062; TSS-0063; TSS-0064,Wasserstraßen- und Schifffahrtsverwaltung des Bundes (GDWS; WSA Weser-Jade-Nordsee),Verkehrszentrale Wilhelmshaven,Operational (see evidence),Listed by GDWS/ELWIS as an operating VTS sector with telephone and channels; WSA states 24-hour manned operation; VTS under SOLAS V/12; named in current AnlBV Nr. 3.1 as reporting authority.,SRC-068; SRC-067; SRC-069; SRC-070; SRC-071,https://www.gesetze-im-internet.de/anlbv_2004/anlage.html; https://media.offenegesetze.de/bgbl1/2005/bgbl1_2005_47.pdf#page=33; https://www.elwis.de/DE/Seeschifffahrt/Verkehrs-und-Sicherheitsmanagement/Verkehrszentralen/Verkehrszentralen-node.html; https://www.elwis.de/DE/Seeschifffahrt/Verkehrs-und-Sicherheitsmanagement/Verkehrszentralen/Maritime-Verkehrssicherung/Maritime-Verkehrssicherung-node.html; https://www.wsa-weser-jade-nordsee.wsv.de/Webs/WSA/Weser-Jade-Nordsee/DE/Schifffahrt/Verkehrszentralen/verkehrsundrevierzentralen_node.html,Recorded project decisions; not a count of distinct statutory VTS areas,Stage 2 canonical addition from B13 (branch ID VTS-0105).
VTS-0044,VTS Off Texel,NSC,North Sea continental coast,Core,Core VTS / VTIS / VTMS / traffic service,Core project service; underlying evidence supports the recorded VTS/VTIS/VTMS/traffic-service identity,3,TSS-0058; TSS-0059; TSS-0060,Royal Netherlands Navy harbourmaster / Rijkswaterstaat,Verkeerscentrale Den Helder,Operational since 3 November 2025,Declared polygon recovered; positive associations confirmed for TSS-0058 to TSS-0060; partial coverage and datum caveats retained,SRC-195; SRC-196; SRC-192; SRC-191; SRC-047; SRC-003,https://www.rijkswaterstaat.nl/nieuws/archief/2025/10/nieuw-vts-gebied-off-texel-vanaf-3-november-operationeel; https://kustwacht.nl/beroepsvaart/advies-voor-containerschepen-bij-waddeneilanden/,Current authority service description,"Known service missing from the entity register. Do not infer full coverage of TSS-0058 to TSS-0060. B12 recheck supersedes the former no-mapping status: Off Texel and Off Vlieland are partial; Vlieland North overlap is confirmed, exact north-west edge remains a precision issue."
VTS-0022,Finisterre VTS (call sign 'Finisterre Traffic'),FIC,"France, Iberia and Canary Islands",Core,Core VTS / VTIS / VTMS / traffic service,Core project service; underlying evidence supports the recorded VTS/VTIS/VTMS/traffic-service identity,1,TSS-0094,"Sociedad de Salvamento y Seguridad Marítima (SASEMAR, Salvamento Marítimo), Ministerio de Transportes y Movilidad Sostenible","Centro de Coordinación de Salvamento (CCS) Finisterre, Monte Enxa",Operational (see evidence),,SRC-094; SRC-095; SRC-096; SRC-083,https://wwwcdn.imo.org/localresources/en/KnowledgeCentre/IndexofIMOResolutions/MSCResolutions/MSC.63(67).pdf; https://wwwcdn.imo.org/localresources/en/KnowledgeCentre/IndexofIMOResolutions/MSCResolutions/MSC.162(78).pdf; https://www.transportes.gob.es/recursos_mfom/comodin/recursos/06_los_dst_autopistas_del_mar.pdf; https://wwwcdn.imo.org/localresources/en/KnowledgeCentre/IndexofIMOResolutions/MSCResolutions/MSC.190(79).pdf,Recorded project decisions; not a count of distinct statutory VTS areas,Stage 2 canonical addition from B19 (branch ID VTS-0101).
VTS-0023,VTS costeiro do continente (Coast of Portugal VTS; call sign 'Roca Control'),FIC,"France, Iberia and Canary Islands",Core,Core VTS / VTIS / VTMS / traffic service,Core project service; underlying evidence supports the recorded VTS/VTIS/VTMS/traffic-service identity,2,TSS-0095; TSS-0096,"Direção-Geral de Recursos Naturais, Segurança e Serviços Marítimos (DGRM); statute names IPTM, I.P. (predecessor)","Centro de Controlo de Tráfego Marítimo do Continente (CCTMC), Paço de Arcos",Operational (see evidence),,SRC-097; SRC-090; SRC-098; SRC-099; SRC-100,"https://www.marinha.pt/Conteudos_Externos/LexMar2/PGPAT%20100/PGPAT%201000%20-%20Cap%C3%ADtulos/Capitulo%20K%20EST/Dec.%20Lei%20263_2009,%20de%2028Set.pdf; https://www.transportstyrelsen.se/globalassets/global/sjofart/dokument/sjotrafik_dok/imo_colreg.2_cirkular.pdf?id=58526; https://portal.emsa.europa.eu/web/dona/contact-details-portugal; https://wwwcdn.imo.org/localresources/en/KnowledgeCentre/IndexofIMOResolutions/MSCResolutions/MSC.278(85).pdf; https://wwwcdn.imo.org/localresources/en/KnowledgeCentre/IndexofIMOResolutions/MSCResolutions/MSC.301(87).pdf",Recorded project decisions; not a count of distinct statutory VTS areas,Stage 2 canonical addition from B19 (branch ID VTS-0102).
VTS-0040,Ouessant Traffic / CROSS Corsen coastal VTS,FIC,"France, Iberia and Canary Islands",Core,Core VTS / VTIS / VTMS / traffic service,Core project service; underlying evidence supports the recorded VTS/VTIS/VTMS/traffic-service identity,1,TSS-0036,French State / CROSS Corsen,CROSS Corsen,Operational,Current 2024 activity report published in 2026 explicitly defines the coastal VTS mission in the Ouessant TSS,SRC-185,https://www.premar-atlantique.gouv.fr/uploads/atlantique/pages/0aeb0352c8045036ca019e9377ee98fa.pdf,Recorded project decisions; not a count of distinct statutory VTS areas,New Stage 2 VTS entity. Handles OUESSREP mandatory reports within its area.
VTS-0219,Salvamento Marítimo traffic service for the Canarias Oriental DST (CCS Las Palmas),FIC,"France, Iberia and Canary Islands",Core,Core VTS / VTIS / VTMS / traffic service,Core project service; underlying evidence supports the recorded VTS/VTIS/VTMS/traffic-service identity,1,TSS-0223,SASEMAR,CCS Las Palmas,Current (decision 7 double-check),Official source checked in the decision 7 double-check,SRC-2213; SRC-2022; SRC-2216; SRC-2221,https://www.salvamentomaritimo.es/statics/multimedia/documents/2025/10/08/Plan_Anual_2025_F.pdf; Not available online (local copy retained in the double-check working files); https://rtvc.es/salvamento-maritimo-auxilia-a-22-900-personas-en-aguas-canarias-durante-2025-8-700-de-ellos-inmigrantes-irregulares/,Decision 7 double-check,No Canary entry in the register; separate centre from CCS Tenerife with its own TSS and IMO notification point. May be merged with the CCS Tenerife service if the project prefers one 'Canarias DST' service.
VTS-0220,Salvamento Marítimo traffic service for the Canarias Occidental DST (CCS Tenerife),FIC,"France, Iberia and Canary Islands",Core,Core VTS / VTIS / VTMS / traffic service,Core project service; underlying evidence supports the recorded VTS/VTIS/VTMS/traffic-service identity,1,TSS-0224,SASEMAR,CCS Tenerife,Current (decision 7 double-check),Official source checked in the decision 7 double-check,SRC-2213; SRC-2022; SRC-2216; SRC-2221,https://www.salvamentomaritimo.es/statics/multimedia/documents/2025/10/08/Plan_Anual_2025_F.pdf; Not available online (local copy retained in the double-check working files); https://rtvc.es/salvamento-maritimo-auxilia-a-22-900-personas-en-aguas-canarias-durante-2025-8-700-de-ellos-inmigrantes-irregulares/,Decision 7 double-check,No Canary entry in the register; separate centre from CCS Las Palmas (Plan Anual 2025 assigns the two DST 'respectively').
VTS-0200,Tarifa Traffic,MED,Mediterranean and Black Seas,Core,Core VTS / VTIS / VTMS / traffic service,Core project service; underlying evidence supports the recorded VTS/VTIS/VTMS/traffic-service identity,1,TSS-0098,SASEMAR (Spain),CCS Tarifa,Operational (current official source),SASEMAR Plan de Actuación 2025-2027 and Plan Anual 2025 (Oct 2025); Tramos Feb 2025.,SRC-2008; SRC-2009; SRC-2010; SRC-096,https://wwwcdn.imo.org/localresources/en/KnowledgeCentre/IndexofIMOResolutions/MSCResolutions/MSC.300(87).pdf; https://www.salvamentomaritimo.es/statics/multimedia/documents/2025/10/08/PLAN_ACTUACION_25-27_F.pdf; https://www.salvamentomaritimo.es/statics/multimedia/documents/2025/10/08/Plan_Anual_2025_F.pdf,Stage 2 association review; not a count of distinct statutory VTS areas,Added in the B20-B29 Stage 2 review.
VTS-0201,Tangier Traffic (Tangier VTS),MED,Mediterranean and Black Seas,Core,Core VTS / VTIS / VTMS / traffic service,Core project service; underlying evidence supports the recorded VTS/VTIS/VTMS/traffic-service identity,1,TSS-0098,Direction de la Marine Marchande (Morocco),CSTM Tanger,Operational (current official source),MSC.300(87) (2010) only among opened sources; current Moroccan official source not found (decision 4 caveat).,SRC-2008,https://wwwcdn.imo.org/localresources/en/KnowledgeCentre/IndexofIMOResolutions/MSCResolutions/MSC.300(87).pdf,Stage 2 association review; not a count of distinct statutory VTS areas,Added in the B20-B29 Stage 2 review.
VTS-0202,Salvamento Marítimo traffic service for the Cabo de Gata DST,MED,Mediterranean and Black Seas,Core,Core VTS / VTIS / VTMS / traffic service,Core project service; underlying evidence supports the recorded VTS/VTIS/VTMS/traffic-service identity,1,TSS-0099,SASEMAR (Spain),CCS Almería,Operational (current official source),SASEMAR plans (Oct 2025); Tramos Feb and Jul-Aug 2025 (DST traffic figures for 2024).,SRC-2009; SRC-2010; SRC-096; SRC-2011,https://www.salvamentomaritimo.es/statics/multimedia/documents/2025/10/08/PLAN_ACTUACION_25-27_F.pdf; https://www.salvamentomaritimo.es/statics/multimedia/documents/2025/10/08/Plan_Anual_2025_F.pdf; https://www.transportes.gob.es/recursos_mfom/comodin/recursos/13_el_control_del_trafico_maritimo.pdf,Stage 2 association review; not a count of distinct statutory VTS areas,Added in the B20-B29 Stage 2 review.
VTS-0203,VTS Croatia,MED,Mediterranean and Black Seas,Core,Core VTS / VTIS / VTMS / traffic service,Core project service; underlying evidence supports the recorded VTS/VTIS/VTMS/traffic-service identity,3,TSS-0105; TSS-0106; TSS-0108,"Ministry of the Sea, Transport and Infrastructure (Croatia)","Rijeka, Split, Dubrovnik (per MSC.598(111) appendix)",Operational (current official source),NN 52/2025 (in force March 2025); MSC.598(111) (May 2026).,SRC-2020; SRC-2017,https://wwwcdn.imo.org/localresources/en/KnowledgeCentre/IndexofIMOResolutions/MSCResolutions/MSC.598(111).pdf; https://narodne-novine.nn.hr/clanci/sluzbeni/2025_03_52_685.html,Stage 2 association review; not a count of distinct statutory VTS areas,Added in the B20-B29 Stage 2 review.
VTS-0204,Koper VTS,MED,Mediterranean and Black Seas,Core,Core VTS / VTIS / VTMS / traffic service,Core project service; underlying evidence supports the recorded VTS/VTIS/VTMS/traffic-service identity,2,TSS-0108; TSS-0109,Uprava Republike Slovenije za pomorstvo (Slovenian Maritime Administration),Koper VTS,Operational (current official source),Services from 6 January 2026 (gov.si news); service page last edited 15 April 2026; user's manual v1 30 Nov 2025,SRC-2029; SRC-2030; SRC-2031,https://www.gov.si/assets/organi-v-sestavi/URSP/Dokumenti/VTS/Koper-VTS-Users-Manual.pdf; https://www.gov.si/en/registries/services/koper-vts/; https://www.gov.si/novice/2026-01-06-storitve-vts-zagotovljene-z-danasnjim-dnem/,Stage 2 association review; not a count of distinct statutory VTS areas,Added in the B20-B29 Stage 2 review.
VTS-0205,VTS Trieste,MED,Mediterranean and Black Seas,Core,Core VTS / VTIS / VTMS / traffic service,Core project service; underlying evidence supports the recorded VTS/VTIS/VTMS/traffic-service identity,2,TSS-0108; TSS-0110,"Guardia Costiera, Capitaneria di Porto di Trieste",Centro VTS di Trieste,Operational (current official source),"Listed among 11 current Italian VTS centres (Guardia Costiera portal, accessed 30 Sep 2026); named ADRIREP shore-based authority in MSC.598(111) (May 2026)",SRC-2032; SRC-2034; SRC-2028,https://wwwcdn.imo.org/localresources/en/KnowledgeCentre/IndexofIMOResolutions/MSCResolutions/MSC.598(111).pdf; https://www.guardiacostiera.gov.it/portale/documents/d/guest/it_trieste_manuale_utentevts; https://www.guardiacostiera.gov.it/portale/vessel-traffic-service,Stage 2 association review; not a count of distinct statutory VTS areas,Added in the B20-B29 Stage 2 review.
VTS-0206,Türk Boğazları Gemi Trafik Hizmetleri (TBGTH) / Turkish Straits Vessel Traffic Service (TSVTS),MED,Mediterranean and Black Seas,Core,Core VTS / VTIS / VTMS / traffic service,Core project service; underlying evidence supports the recorded VTS/VTIS/VTMS/traffic-service identity,5,TSS-0120; TSS-0121; TSS-0122; TSS-0123; TSS-0124,"Kıyı Emniyeti Genel Müdürlüğü (Directorate General of Coastal Safety), operating for the Ministry of Transport and Infrastructure (Administration)",İstanbul VTS Centre (İstinye); Çanakkale VTS Centre (Akbaş),Operational (current official source),"Operational since 30 December 2003 (KEGM). Current statutory basis: Regulation 2019, consolidated 2020. TBGTH Centres are active under the Implementation Directive of 04.12.2023. Linked to TSS-0120 to TSS-0124 (one identity; sectors are not separate services).",SRC-2044; SRC-2045; SRC-2046; SRC-2047,https://www.mevzuat.gov.tr/mevzuatmetin/21.5.1426.pdf; https://denizcilik.uab.gov.tr/uploads/pages/yonerge-talimat/tbdtduy.pdf; https://kiyiemniyeti.gov.tr/gemi_trafik_ve_kilavuzluk_hizmeti; https://kiyiemniyeti.gov.tr/vessel_traffic_and_pilotage_services,Stage 2 association review; not a count of distinct statutory VTS areas,Added in the B20-B29 Stage 2 review.
VTS-0210,Kerch Strait VTS (Kavkaz-Traffic),MED,Mediterranean and Black Seas,Core,Core VTS / VTIS / VTMS / traffic service,Core project service; underlying evidence supports the recorded VTS/VTIS/VTMS/traffic-service identity,1,TSS-0117,"Per the Russian Federation instrument: Ministry of Transport of the Russian Federation (Compulsory Regulations of seaport Kavkaz, Order No. 110 of 23.03.2018, as amended to 17.07.2026); operated by FSUE Rosmorport, Azovo-Chernomorsky Basin Branch. Ukraine does not recognise Russian authority in waters off Crimea and closed the port of Kerch in 2014 (Order No. 255 of 16.06.2014). Recorded as one party's claim.","VTS centre in seaport Kavkaz; VTS sub-centre in Kerch (Crimea, disputed); radar engineering posts incl. Tuzla, Taman, Eni-Kale and Kerch-krepost (per Rosmorport)",Current (FC-A fact-check),"Official source checked in FC-A (Passes 1 to 5); recorded as the claim of one party, jurisdiction disputed (project decision 6)",SRC-2159; SRC-2051; SRC-2160; SRC-2161; SRC-2162; SRC-2166; SRC-2167,https://legalacts.ru/doc/prikaz-mintransa-rossii-ot-23032018-n-110-ob-utverzhdenii/; https://wwwcdn.imo.org/localresources/en/KnowledgeCentre/IndexofIMOResolutions/AssemblyDocuments/A.374(10).pdf; https://files.pca-cpa.org/pcadocs/ua-ru/04.%20UA%20Rejoinder%20Memorial/01.%20Exhibits/UA-222.pdf; https://www.kmu.gov.ua/news/247436461; https://www.rosmorport.com/filials/nvr_serv_nav/; https://zakon.rada.gov.ua/laws/show/z0690-14,FC-A final-count fact-check; project decision 6,"Not in existing_vts_register or rationalised_register_draft (checked Kerch, Kavkaz, Taman, Temryuk, Rosmorport, Azov; only VTS-0016 Saint Petersburg is a Rosmorport service). One service with a Kavkaz centre and a Kerch sub-centre and three latitude sectors (southern, central, northern) that share the Kavkaz-Traffic call sign; treat sectors as one service. Proposed rationalised name: Kerch Strait VTS (Kavkaz-Traffic). The Temryuk port area is a further zone of the same VTS. Historical Ukrainian Kerch VTS (Delta-Lotsman, pre-2014) is historical only and is not a current alternative. COUNT CAVEAT: the positive rests on a service operated under Russian Federation law in an area whose jurisdiction is disputed; if the project decides not to record such services, change to UNRESOLVED and count 0."
VTS-0211,"Delta-Lotsman VTS, north-western Black Sea (Chornomorsk Traffic-control)",MED,Mediterranean and Black Seas,Core,Core VTS / VTIS / VTMS / traffic service,Core project service; underlying evidence supports the recorded VTS/VTIS/VTMS/traffic-service identity,1,TSS-0119,"SE Ukrainian Sea Ports Authority (USPA), Delta-Lotsman branch, under the Rules of navigation and pilotage in the north-western part of the Black Sea, Buh-Dnipro-Lyman and Kherson sea canals (Order of the Ministry of Transport and Communications No. 655 of 01.08.2007, registered No. 1150/14417, restated by Order 587 of 09.08.2022, amended by Orders 767 of 10.10.2022, 1495 of 30.12.2024 and 7 of 06.01.2025; zakon.rada edition of 06.02.2025)","TsRRS Chornomorsk (VTS centre); PRRS Odesa (Mytna Square 1-G, Odesa) and PRRS Pivdennyi (VTS posts); coordination by the OKTs at TsRRS Mykolaiv",Current (FC-A fact-check),Official source checked in FC-A (Passes 1 to 5),SRC-2171; SRC-2172; SRC-2173; SRC-2165; SRC-2052,https://marad.gov.ua/storage/app/sites/1/international-activities/Propozicii_sistemi_rozpodilu_ryhu_en.pdf; https://zakon.rada.gov.ua/laws/show/z1150-07; https://www.uspa.gov.ua/announcements/do-uvagy-morskyh-agentiv-shhodo-agentuvannya-suden; https://www.uspa.gov.ua/zakupivli/poslugy-z-potochnogo-remontu-czentru-regulyuvannya-ruhu-suden-czrrs-chornomorsk-inv-%e2%84%96-4490-4554-2,FC-A final-count fact-check,"Not in VTS_Entity_Register.csv (searched Odesa, Chornomorsk, Pivdennyi, Delta, Ukraine, USPA; no Ukrainian service present). One service: the Rules name a single SRRS whose units are TsRRS Mykolaiv, TsRRS Chornomorsk, PRRS Odesa, PRRS Pivdennyi, PRRS Ochakiv and PRRS Shyroka Balka; for this TSS the Chornomorsk centre and the Odesa and Pivdennyi posts are the relevant units, recorded as centres or sectors of one service, not three. Whether the Dnipro-Buh regional VTS (Mykolaiv, Ochakiv, Shyroka Balka) is the same register identity or a separate one is a register-structure choice; proposed rationalised name: Delta-Lotsman VTS, north-western Black Sea (Chornomorsk Traffic-control). The 2022 'VTCP Odesa' wording (SRC-2052) refers to the same service. Conflict-affected area under the jurisdiction of Ukraine; no statement on safe or uninterrupted operation is made."
VTS-0213,"CROSS Méditerranée / Corsica Channel sémaphores (Cap Corse, Sagro)",MED,Mediterranean and Black Seas,Supplemental,Supplemental monitoring/information service,Formal VTS status not established for this TSS association,1,TSS-0102,Préfet maritime de la Méditerranée (France); operated by CROSS Méditerranée (Ministère chargé de la Mer) and Marine nationale sémaphores (FOSIT Méditerranée). Italy: no service (Guardia Costiera lists no VTS centre in the area).,"CROSS Méditerranée, La Garde (sub-centre CROSS Med en Corse, Aspretto, Ajaccio); sémaphores of Cap Corse and Sagro",Current (FC-A fact-check),Official source checked in FC-A (Passes 1 to 5),SRC-2131; SRC-2132; SRC-2014; SRC-2133; SRC-2134; SRC-2135; SRC-2136; SRC-2137; SRC-2143; SRC-2144,https://www.premar-mediterranee.gouv.fr/uploads/mediterranee/arretes/1479998332-index-2016-256.pdf; https://www.premar-mediterranee.gouv.fr/arretes?numero=2016-256&envigueur=on; https://www.guardiacostiera.gov.it/portale/vessel-traffic-service; https://www.guardiacostiera.gov.it/portale/documents/d/guest/it_genova_manuale_utentevts; https://www.guardiacostiera.gov.it/portale/documents/d/guest/scheda-informazioni-la-spezia; https://www.guardiacostiera.gov.it/portale/documents/d/guest/scheda-inforrmazioni-ita-en; https://www.guardiacostiera.gov.it/portale/documents/d/guest/it_lamaddalena_manuale_utentevts; https://fmes-france.org/wp-content/uploads/2025/03/breve-seminaire-des-shem-en-corse.pdf; https://www.corsenetinfos.corsica/Avarie-sur-un-porte-conteneurs-au-large-du-Cap-Corse-un-important-dispositif-d-assistance-mobilise_a84323.html,FC-A final-count fact-check,"Checked register: no CROSS Méditerranée, sémaphore or Bonifacio entry exists (only Channel CROSS services VTS-0001, VTS-0040, VTS-0041), so this is a new supplemental service, not an alias. Treat as one service (CROSS Med with its Corsica sémaphores), not three. Precedent: VTS-0202 (Salvamento Marítimo traffic service for the Cabo de Gata DST, a rescue-centre service). Same service may later be linked to Bonifacio only if the project wishes; Bonifacio Traffic (La Maddalena / Pertusato VTS, Strait of Bonifacio only) is a separate VTS and not linked to this TSS. Suggested register label: 'CROSS Méditerranée / Corsica Channel sémaphores (Cap Corse, Sagro)'. Core VTS result for this TSS remains negative (France: VTS scope statement SRC-2014; Italy: complete list SRC-2133 and polygons SRC-2134 to SRC-2137)."
VTS-0218,Salvamento Marítimo CCS Cartagena maritime traffic service (Cartagena port STM with Cabo de Palos DST watch),MED,Mediterranean and Black Seas,Core,Core VTS / VTIS / VTMS / traffic service,Core project service; underlying evidence supports the recorded VTS/VTIS/VTMS/traffic-service identity,1,TSS-0100,SASEMAR under the Capitanía Marítima de Cartagena,CCS Cartagena,Current (decision 7 double-check),Official source checked in the decision 7 double-check,SRC-2214; SRC-2011; SRC-2218; SRC-2125; SRC-096,https://www.salvamentomaritimo.es/statics/multimedia/documents/2025/10/08/PLAN_ACTUACION_25-27_F.pdf; https://www.boe.es/boe/dias/2003/02/13/pdfs/A05891-05893.pdf,Decision 7 double-check,"No register entry for CCS Cartagena or the Cartagena port traffic service; VTS-0202 is CCS Almería's Cabo de Gata service, a different centre and area."
VTS-0221,VTS Piraeus (Κέντρο VTS Πειραιά),MED,Mediterranean and Black Seas,Core,Core VTS / VTIS / VTMS / traffic service,Core project service; underlying evidence supports the recorded VTS/VTIS/VTMS/traffic-service identity,1,TSS-0111,"Hellenic Coast Guard (Λ.Σ.-ΕΛ.ΑΚΤ.), Ministry of Maritime Affairs and Insular Policy","VTS Piraeus centre, Central Port Authority of Piraeus",Current (decision 7 double-check),Official source checked in the decision 7 double-check,SRC-2232; SRC-2155; SRC-2234,https://diavgeia.gov.gr/doc/6%CE%91%CE%9C%CE%A4%CE%97-%CE%A4%CE%91%CE%9E; https://msi.nga.mil/api/publications/download?type=view&key=16694491/SFH00000/Pub132bk.pdf,Decision 7 double-check,"No Greek service in the 57-service register; not a sector of any existing service. Do not merge with the national VTMIS centre in Piraeus, which supervises the local VTS centres and is not a separate ship-facing service."
VTS-0222,"Suez Canal Vessel Traffic Management System (SC-VTMS), Port Said approaches",MED,Mediterranean and Black Seas,Core,Core VTS / VTIS / VTMS / traffic service,Core project service; underlying evidence supports the recorded VTS/VTIS/VTMS/traffic-service identity,2,TSS-0115; TSS-0116,Suez Canal Authority (Egypt),SCA Port Said port management control centre; Ismailia main management control office,Current (decision 7 double-check),Official source checked in the decision 7 double-check,SRC-2236; SRC-2237; SRC-2238,https://www.suezcanal.gov.eg/FlipPDFFiles/RulesOfNavigation/index.html; https://www.suezcanal.gov.eg/FlipPDFFiles/RulesOfNavigation/index.html; https://msi.nga.mil/api/publications/download?key=16694491/SFH00000/Pub132bk.pdf&type=view,Decision 7 double-check,"Operated by the Suez Canal Authority, not EAMS; VTS-0207 (GOS VTIMS) covers the Gulf of Suez, the entrance to the Gulf of Aqaba and Alexandria, not Port Said. No SCA service is in the 57-service register."
VTS-0223,"Sevastopol VTS (СУДС Севастополь), recorded as the Russian Federation's claim",MED,Mediterranean and Black Seas,Core,Core VTS / VTIS / VTMS / traffic service,Core project service; underlying evidence supports the recorded VTS/VTIS/VTMS/traffic-service identity,1,TSS-0118,Ministry of Transport of the Russian Federation (Order No. 26 of 24.01.2017); FSUE Rosmorport operator; Ukraine's position recorded alongside (port closed by Order No. 255 of 16.06.2014),VTS centre Sevastopol; radar post Cape Fiolent,Current (decision 7 double-check),"Official source checked in the decision 7 double-check; recorded as the claim of one party, jurisdiction disputed (decision 6)",SRC-2244; SRC-2245; SRC-2246; SRC-2248,https://legalacts.ru/doc/prikaz-mintransa-rossii-ot-24012017-n-26-ob-utverzhdenii/; https://www.rosmorport.ru/news/company/59878/; https://www.rosmorport.ru/search/?q=%D0%A1%D0%A3%D0%94%D0%A1+%D0%A1%D0%B5%D0%B2%D0%B0%D1%81%D1%82%D0%BE%D0%BF%D0%BE%D0%BB%D1%8C; https://zakon.rada.gov.ua/laws/show/z0690-14,Decision 7 double-check; decision 6,"Different instrument, zone, centre and call sign from VTS-0210 Kerch Strait VTS (Kavkaz-Traffic); Rosmorport lists them as separate systems. Flag DISPUTED_JURISDICTION_SERVICE."
VTS-0229,Salvamento Marítimo CCS Valencia traffic monitoring service for the Cabo de la Nao DST,MED,Mediterranean and Black Seas,Supplemental,Supplemental monitoring/information service,Formal VTS status not established for this TSS association,1,TSS-0101,"Sociedad de Salvamento y Seguridad Marítima (SASEMAR), Ministerio de Transportes y Movilidad Sostenible, Spain",Centro de Coordinación de Salvamento (CCS) Valencia,Current (FC-A recheck 2026-10-01),Current official SASEMAR source checked in FC-A recheck,SRC-2296; SRC-2217,https://www.salvamentomaritimo.es/sala-de-comunicacion/sala-de-prensa/salvamento-maritimo-presenta-la-nueva-salvamar-aldebaran-en-su-base-de-valencia,FC-A recheck 2026-10-01; named TSS monitoring responsibility under project supplemental rule,Direct current assignment of CCS Valencia to control the Cabo de la Nao TSS. Earlier 2025 general SASEMAR summaries omitted La Nao; the later specific authority statement supersedes that omission for service-presence purposes. Distinct from CCS Cartagena VTS-0218 and CCS Almería VTS-0202.
VTS-0207,Gulf of Suez Vessel Traffic Information Management System (GOS VTIMS),RSA,Red Sea and Arabian region,Core,Core VTS / VTIS / VTMS / traffic service,Core project service; underlying evidence supports the recorded VTS/VTIS/VTMS/traffic-service identity,2,TSS-0125; TSS-0126,Egyptian Authority for Maritime Safety (EAMS),"VTS stations El-Adabiya, Ras Ghareb, Safaga, Sharm El-Sheikh (as named by EAMS)",Operational (current official source),EAMS: operational since 2002. The current site carries 2025 notices. Linked to TSS-0125. Distinct from SCA SC-VTMS.,SRC-2050,https://www.eams.gov.eg/i18n/en.json,Stage 2 association review; not a count of distinct statutory VTS areas,Added in the B20-B29 Stage 2 review.
VTS-0208,Das VTIS (Ruwais / Das Vessel Traffic Information Service; PPA-VTIS),RSA,Red Sea and Arabian region,Core,Core VTS / VTIS / VTMS / traffic service,Core project service; underlying evidence supports the recorded VTS/VTIS/VTMS/traffic-service identity,1,TSS-0135,"ADNOC Petroleum Ports Authority (PPA), Abu Dhabi, UAE","Das Port Control Room, Das Island (call sign 'Das VTIS', VHF 23; VHF 16 emergencies). Companion Ruwais VTIS (Jebel Dhanna/Ruwais, VHF 21) is a separate sector of the same PPA-VTIS.",Operational (current official source),PPA port information (2026 site): operates 24/7 as an information service; Port Marine Notices of 2025 and 2026 (latest 28 Sep 2026) direct a listening watch on VHF 23 (Das VTIS); Pub. 172 corrected to 30 July 2026.,SRC-2060; SRC-2061; SRC-2062; SRC-2063; SRC-2064; SRC-2066,https://ppa.adnoc.ae/-/media/ppa/files/forms/2020/5-ahqcdppapro005r0120---vtis-external-procedures.ashx?la=en; https://ppa.adnoc.ae/en/ports/vtis; https://ppa.adnoc.ae/en/ports/das-zirku-mubarraz/part-v---11; https://ppa.adnoc.ae/en/ports/das-zirku-mubarraz/part-iii---8; https://ppa.adnoc.ae/-/media/ppa/files/marine-notices/local-marine-notices/das/2026/marine-notice0162026mooring-buoys--north-of-zirku-island.ashx; https://msi.nga.mil/api/publications/download?key=16694491/SFH00000/Pub172bk.pdf&type=view,Stage 2 association review; not a count of distinct statutory VTS areas,Added in the B20-B29 Stage 2 review.
VTS-0209,Ras Tanura Vessel Traffic Management System (Ras Tanura VTMS),RSA,Red Sea and Arabian region,Core,Core VTS / VTIS / VTMS / traffic service,Core project service; underlying evidence supports the recorded VTS/VTIS/VTMS/traffic-service identity,1,TSS-0136,"Saudi Aramco (Manager, Port Operations)","Ras Tanura Port Control (Ras Tanura Port Control Center), VHF 10/13/16",Operational (current official source),"Aramco Ports and Terminals July 2025 (mandatory VTMS, VTS operator information service); NGA Pub. 172 (2025) Vessel Traffic Service section with reporting points",SRC-2075; SRC-2076; SRC-2077,https://www.aramco.com/-/media/downloads/working-with-us/ports-and-terminals-july-2025/03--ras-tanura-port--si--np-compressed.pdf; https://www.aramco.com/-/media/downloads/working-with-us/ports-and-terminals-july-2025/05--ras-tanura-port--juaymah-ngl-compressed.pdf; https://msi.nga.mil/api/publications/download?key=16694491/SFH00000/Pub172bk.pdf&type=download,Stage 2 association review; not a count of distinct statutory VTS areas,Added in the B20-B29 Stage 2 review.
VTS-0230,Jazan deep-water approach traffic service (Jazan Commercial Port Control / JPDI Port Control),RSA,Red Sea and Arabian region,Core,Official port traffic-control service (Decision 5),Formal VTS status not asserted; counted under Decision 5,1,TSS-0127,"Jazan Commercial Port / Saudi Aramco Jazan Primary and Downstream Industries, Saudi Arabia",Jazan Commercial Port Control Center; JPDI Port Control Center,Current (2025 Saudi Aramco port rules),Current official operator evidence checked 2026-10-01,SRC-2299; SRC-2300,https://www.aramco.com/-/media/downloads/working-with-us/ports-and-terminals-2025/port-of-jazan-primary-and-downstream-industries.pdf; https://msi.nga.mil/api/publications/download?key=16694492/SFH00000/Pub160bk.pdf&type=view,Unresolved-TSS resolution review 2026-10-01; project Decision 5,"Counted under project Decision 5. This is an official port traffic-control service over the approach route, not asserted to be a formally designated SOLAS V/12 VTS. Jazan Commercial Port Control and JPDI Port Control are one coordinated approach-service identity for counting."
VTS-0004,Klang VTS,MSI,"Malacca, Singapore and Indonesia",Core,Core VTS / VTIS / VTMS / traffic service,Core project service; underlying evidence supports the recorded VTS/VTIS/VTMS/traffic-service identity,4,TSS-0145; TSS-0146; TSS-0147; TSS-0148,Malaysia (Marine Department Malaysia per lead source U-S13; STRAITREP VTS authority per IMO),"Klang VTS, Port Klang",Operational (see evidence),"Named as current Sector 1-5 authority on MPA pages updated 28 Sep 2026 (U-S3, U-S4); Aug 2025 news of Marine Department VTS command centre at Port Klang (lead)",SRC-101; SRC-102; SRC-105; SRC-103; SRC-104,https://wwwcdn.imo.org/localresources/en/KnowledgeCentre/IndexofIMOResolutions/MSCResolutions/MSC.73(69).pdf; https://www.mpa.gov.sg/api/media/78c165e3-67e4-4da3-9496-c196739374d2/-pc98-65.pdf; https://www.mpa.gov.sg/port-marine-ops/operations/vessel-traffic-information-system; https://www.mpa.gov.sg/port-marine-ops/operations/vessel-traffic-information-system/operational-areas; https://file.go.gov.sg/spi2026apr17.pdf,Recorded project decisions; not a count of distinct statutory VTS areas,Canonical normalisation of legacy VTS-004; Stage 2 canonical addition from B30.
VTS-0005,Johor VTS,MSI,"Malacca, Singapore and Indonesia",Core,Core VTS / VTIS / VTMS / traffic service,Core project service; underlying evidence supports the recorded VTS/VTIS/VTMS/traffic-service identity,1,TSS-0148,Malaysia (Marine Department Malaysia per lead source only),Johor VTS (location not stated in sources opened),Operational (see evidence),Named as current Sector 6 authority on MPA pages updated 28 Sep 2026,SRC-101; SRC-102; SRC-105; SRC-103; SRC-104,https://wwwcdn.imo.org/localresources/en/KnowledgeCentre/IndexofIMOResolutions/MSCResolutions/MSC.73(69).pdf; https://www.mpa.gov.sg/api/media/78c165e3-67e4-4da3-9496-c196739374d2/-pc98-65.pdf; https://www.mpa.gov.sg/port-marine-ops/operations/vessel-traffic-information-system; https://www.mpa.gov.sg/port-marine-ops/operations/vessel-traffic-information-system/operational-areas; https://file.go.gov.sg/spi2026apr17.pdf,Recorded project decisions; not a count of distinct statutory VTS areas,Canonical normalisation of legacy VTS-005; Stage 2 canonical addition from B30.
VTS-0006,Singapore VTS,MSI,"Malacca, Singapore and Indonesia",Core,Core VTS / VTIS / VTMS / traffic service,Core project service; underlying evidence supports the recorded VTS/VTIS/VTMS/traffic-service identity,5,TSS-0148; TSS-0149; TSS-0150; TSS-0151; TSS-0152,"Maritime and Port Authority of Singapore (Vessel Traffic Information System, VTIS)","MPA VTIS (call signs VTIS West, VTIS Central, VTIS East)",Operational (see evidence),MPA pages updated 28 Sep 2026,SRC-101; SRC-105; SRC-103; SRC-106; SRC-104,https://wwwcdn.imo.org/localresources/en/KnowledgeCentre/IndexofIMOResolutions/MSCResolutions/MSC.73(69).pdf; https://www.mpa.gov.sg/port-marine-ops/operations/vessel-traffic-information-system; https://www.mpa.gov.sg/port-marine-ops/operations/vessel-traffic-information-system/operational-areas; https://www.mpa.gov.sg/port-marine-ops/arrivals-and-departures/vessels-arriving-in-singapore; https://file.go.gov.sg/spi2026apr17.pdf,Recorded project decisions; not a count of distinct statutory VTS areas,Canonical normalisation of legacy VTS-006; Stage 2 canonical addition from B30.
VTS-0224,Merak VTS,MSI,"Malacca, Singapore and Indonesia",Core,Core VTS / VTIS / VTMS / traffic service,Core project service; underlying evidence supports the recorded VTS/VTIS/VTMS/traffic-service identity,1,TSS-0153,"DGST (Ditjen Hubla), Kemenhub, Indonesia; Distrik Navigasi Tanjung Priok","VTS Merak, Merak, Banten",Current (decision 7 double-check),Official source checked in the decision 7 double-check,SRC-2250; SRC-2251; SRC-2252; SRC-2253; SRC-107; SRC-108,https://hubla.dephub.go.id/home/post/read/7587/jelang-implementasi-tss-selat-sunda-dan-selat-lombok-pada-1-juli-2020-ditjen-hubla-gencar-optimalkan-layanan-kenavigasian; https://iptek.its.ac.id/index.php/ijoce/article/view/22074; https://www.antaranews.com/berita/4621258/enam-orang-diselamatkan-dari-kapal-yang-tenggelam-di-selat-sunda; https://www.antaranews.com/berita/5679936/pencarian-nihil-tim-sar-banten-tutup-operasi-penumpang-kmp-kirana-ii,Decision 7 double-check,No Indonesian VTS in the 57-service register. Distinct centre and area from Benoa VTS and from the STRAITREP services (VTS-0004 etc.).
VTS-0225,Benoa VTS,MSI,"Malacca, Singapore and Indonesia",Core,Core VTS / VTIS / VTMS / traffic service,Core project service; underlying evidence supports the recorded VTS/VTIS/VTMS/traffic-service identity,1,TSS-0154,"DGST (Ditjen Hubla), Kemenhub, Indonesia; Distrik Navigasi Tipe A Kelas II Benoa","VTS Benoa, Benoa, Bali (the same system also runs a Lembar VTS sector for Lembar port)",Current (decision 7 double-check),Official source checked in the decision 7 double-check,SRC-2249; SRC-2250; SRC-107; SRC-108,https://app.disnavbenoa.id/vtsdashboard; https://hubla.dephub.go.id/home/post/read/7587/jelang-implementasi-tss-selat-sunda-dan-selat-lombok-pada-1-juli-2020-ditjen-hubla-gencar-optimalkan-layanan-kenavigasian,Decision 7 double-check,No Indonesian VTS in the register. A different centre from Merak VTS. The Lembar VTS sector shown on the same system covers Lembar port traffic only and is not counted separately.
VTS-0028,Hong Kong Vessel Traffic Service,CSC,China Sea and China,Core,Core VTS / VTIS / VTMS / traffic service,Core project service; underlying evidence supports the recorded VTS/VTIS/VTMS/traffic-service identity,3,TSS-0155; TSS-0156; TSS-0157,"Marine Department, HKSAR Government",Vessel Traffic Centre,Operational (see evidence),Pamphlet Apr 2025; sector chart Sep 2025; guide Mar 2026,SRC-109; SRC-110; SRC-111; SRC-112,https://www.mardep.gov.hk/en/materials-and-publications/publications/hk-fact-sheet/index.html; https://www.mardep.gov.hk/filemanager/en/share/publications/pdf/materials/vtc_pamphlet.pdf; https://www.mardep.gov.hk/filemanager/en/share/pub-services/pdf/vts_vscp.pdf; https://www.mardep.gov.hk/filemanager/en/share/pub-services/pdf/hkwaterlk_guide.pdf,Recorded project decisions; not a count of distinct statutory VTS areas,Stage 2 canonical addition from B31.
VTS-0036,Chengshan Jiao VTS Centre,CSC,China Sea and China,Core,Core VTS / VTIS / VTMS / traffic service,Core project service; underlying evidence supports the recorded VTS/VTIS/VTMS/traffic-service identity,4,TSS-0219; TSS-0220; TSS-0221; TSS-0222,Weihai Maritime Safety Administration (China MSA),"Chengshan Jiao VTS Centre, 37°23'.65N 122°42'.12E; VHF 08 (secondary 09 or 65)",Operational (see evidence),"MSC.389(94) paras 4.1, 7.1-7.2: radar, VHF, information service, continuous 24-hour watch (in force since 1 June 2015)",SRC-159; SRC-160,https://wwwcdn.imo.org/localresources/en/KnowledgeCentre/IndexofIMOResolutions/MSCResolutions/MSC%20389%2094.pdf; https://www.vimawa.gov.vn/f/Circ%2066.pdf,Recorded project decisions; not a count of distinct statutory VTS areas,Stage 2 canonical addition from B44.
VTS-0226,Guangzhou VTS (Pearl River Estuary VTS),CSC,China Sea and China,Core,Core VTS / VTIS / VTMS / traffic service,Core project service; underlying evidence supports the recorded VTS/VTIS/VTMS/traffic-service identity,1,TSS-0157,"Guangzhou MSA (Guangdong MSA, China MSA)",Guangzhou MSA Vessel Traffic Management Centre; 'Dangan' monitoring station (trial from 2026-04-08),Current (decision 7 double-check),Official source checked in the decision 7 double-check,SRC-2259; SRC-2260,https://www.chinanews.com.cn/dwq/2026/04-08/10600653.shtml; https://m.thepaper.cn/newsDetail_forward_30326627,Decision 7 double-check,"Not in the register. Separate from Hong Kong VTS (VTS-0028, HKSAR waters only), Shenzhen VTS (not linked) and Chengshan Jiao VTS Centre (VTS-0036, Weihai)."
VTS-0300,Nakhodka VTS (Peter the Great Gulf Regional VTS — Sectors 1B and 2),NWP,North-west Pacific,Core,Core VTS / VTIS / VTMS / traffic service,Core project service; underlying evidence supports the recorded VTS/VTIS/VTMS/traffic-service identity,2,TSS-0217; TSS-0218,FSUE Rosmorport Far-Eastern Basin Branch; Nakhodka VTS operated by JSC NORFES,Nakhodka VTS (call sign Nakhodka-Traffic),Operational (current official source),Rosmorport Far-Eastern VTS pages current 2026-09-30; NGA Pub. 155 describes the IMO TSS in the approaches and Sector 2 inside the gulf.,SRC-157; SRC-158,https://www.rosmorport.com/filials/vof_serv_vts/; https://www.rosmorport.com/vlf_serv_vts.html,FC-B VTS-presence validation 2026-09-30; one new service after dedup,FC-B count +1. One identity — do not also mint a separate Peter the Great Gulf VTS for TSS-0217. Coverage of the IMO TSS is Partial pending B-X/4 coordinate overlay on Sector 1B. Not extended to TSS-0216 or TSS-0218 by proximity.
VTS-0009,Vessel Traffic Service Prince William Sound,NPC,North America Pacific coast,Core,Core VTS / VTIS / VTMS / traffic service,Core project service; underlying evidence supports the recorded VTS/VTIS/VTMS/traffic-service identity,1,TSS-0162,US Coast Guard,Valdez Traffic,Operational (see evidence),33 CFR 161.60 current at 2026-09-01; NAVCEN lists the VTC,SRC-122; SRC-140,https://www.ecfr.gov/api/versioner/v1/full/2026-09-01/title-33.xml?part=161; https://www.navcen.uscg.gov/vessel-traffic-services,Recorded project decisions; not a count of distinct statutory VTS areas,Canonical normalisation of legacy VTS-009; Stage 2 canonical addition from B33.
VTS-0010,Vessel Traffic Service Puget Sound,NPC,North America Pacific coast,Core,Core VTS / VTIS / VTMS / traffic service,Core project service; underlying evidence supports the recorded VTS/VTIS/VTMS/traffic-service identity,7,TSS-0165; TSS-0166; TSS-0167; TSS-0168; TSS-0169; TSS-0170; TSS-0171,United States Coast Guard,"Puget Sound Vessel Traffic Center, Pier 36, Seattle (call sign Seattle Traffic)",Operational (see evidence),NAVCEN VTS locations page (accessed 2026-09-29); VTS PS User's Manual 2024; RAMN 2026 s.3.5.4.2,SRC-122; SRC-124; SRC-125; SRC-126,https://www.ecfr.gov/api/versioner/v1/full/2026-09-01/title-33.xml?part=161; https://www.navcen.uscg.gov/vessel-traffic-services-locations; https://www.navcen.uscg.gov/sites/default/files/pdf/VTS%20User%20Guides/VTS_PS_UsersManual_(2024).pdf; https://www.canada.ca/content/dam/ccg-gcc/documents/publications/mcts-sctm/ramn-arnm-2026-eng.pdf,Recorded project decisions; not a count of distinct statutory VTS areas,Canonical normalisation of legacy VTS-010; Stage 2 canonical addition from B34.
VTS-0011,Vessel Traffic Service San Francisco,NPC,North America Pacific coast,Core,Core VTS / VTIS / VTMS / traffic service,Core project service; underlying evidence supports the recorded VTS/VTIS/VTMS/traffic-service identity,1,TSS-0172,United States Coast Guard,"Vessel Traffic Center, Yerba Buena Island (call sign San Francisco Traffic)",Operational (see evidence),NAVCEN page (accessed 2026-09-29); VTS SF User Manual updated 1 Apr 2025. Also operates the voluntary OVMRS.,SRC-122; SRC-124; SRC-130,https://www.ecfr.gov/api/versioner/v1/full/2026-09-01/title-33.xml?part=161; https://www.navcen.uscg.gov/vessel-traffic-services-locations; https://www.navcen.uscg.gov/sites/default/files/pdf/VTS%20User%20Guides/VTS_SF_UserManual_APR2025.pdf,Recorded project decisions; not a count of distinct statutory VTS areas,Canonical normalisation of legacy VTS-011; Stage 2 canonical addition from B35.
VTS-0012,Vessel Traffic Service Los Angeles-Long Beach,NPC,North America Pacific coast,Core,Core VTS / VTIS / VTMS / traffic service,Core project service; underlying evidence supports the recorded VTS/VTIS/VTMS/traffic-service identity,2,TSS-0173; TSS-0174,"United States Coast Guard and Marine Exchange of Southern California (joint), with the State of California and the Ports of Los Angeles and Long Beach","Vessel Traffic Center, San Pedro (call sign San Pedro Traffic); inside-breakwater zones advised by 'Los Angeles Pilots' and 'Long Beach Pilots'",Operational (see evidence),NAVCEN page (accessed 2026-09-29; operating since March 1994); VTS LA-LB User Manual rev. 1 Apr 2021; LA/LB HSP Ch. I Rev. 2026,SRC-122; SRC-124; SRC-131; SRC-132,https://www.ecfr.gov/api/versioner/v1/full/2026-09-01/title-33.xml?part=161; https://www.navcen.uscg.gov/vessel-traffic-services-locations; https://www.navcen.uscg.gov/sites/default/files/pdf/VTS%20User%20Guides/VTS_LALB_UserManual_210331.pdf; https://mxsocal.org/assets/pdf/hsp/10-lalb-hsp-chap-i-geographic-boundaries-2018-rev-2026-260318090043.pdf,Recorded project decisions; not a count of distinct statutory VTS areas,Canonical normalisation of legacy VTS-012; Stage 2 canonical addition from B35.
VTS-0029,Victoria VTS Zone,NPC,North America Pacific coast,Core,Core VTS / VTIS / VTMS / traffic service,Core project service; underlying evidence supports the recorded VTS/VTIS/VTMS/traffic-service identity,3,TSS-0167; TSS-0170; TSS-0171,"Canadian Coast Guard, Marine Communications and Traffic Services (under Transport Canada's Vessel Traffic Services Zones Regulations SOR/2025-275)","MCTS Victoria, Patricia Bay, B.C. (call sign Victoria Traffic)",Operational (see evidence),"RAMN 2026 Part 3 (v8, 2026-09-25) ss.3.5.3.1 and 3.5.4.3; SOR/2025-275 current to 2026-09-21",SRC-126; SRC-128; SRC-122,https://www.canada.ca/content/dam/ccg-gcc/documents/publications/mcts-sctm/ramn-arnm-2026-eng.pdf; https://laws-lois.justice.gc.ca/eng/regulations/SOR-2025-275/FullText.html; https://www.ecfr.gov/api/versioner/v1/full/2026-09-01/title-33.xml?part=161,Recorded project decisions; not a count of distinct statutory VTS areas,Stage 2 canonical addition from B34.
VTS-0030,Prince Rupert VTS Zone (Prince Rupert Traffic),NPC,North America Pacific coast,Core,Core VTS / VTIS / VTMS / traffic service,Core project service; underlying evidence supports the recorded VTS/VTIS/VTMS/traffic-service identity,3,TSS-0163; TSS-0164; TSS-0165,"Canadian Coast Guard, MCTS Prince Rupert; zone defined by Transport Canada",MCTS Prince Rupert,Operational (see evidence),SOR/2025-275; RAMN 2026,SRC-128; SRC-141,https://laws-lois.justice.gc.ca/eng/regulations/SOR-2025-275/FullText.html; https://www.canada.ca/en/canadian-coast-guard/corporate/publications/radio-aids-marine-navigation/vessel-traffic-services.html,Recorded project decisions; not a count of distinct statutory VTS areas,Stage 2 canonical addition from B33.
VTS-0301,Salina Cruz Maritime Traffic Service (CCTM Salina Cruz),NPC,North America Pacific coast,Core,Core VTS / VTIS / VTMS / traffic service,Core project service; underlying evidence supports the recorded VTS/VTIS/VTMS/traffic-service identity,1,TSS-0175,Capitanía de Puerto de Salina Cruz; ASIPONA Salina Cruz CCTM,Centro de Control de Tráfico Marítimo del Puerto de Salina Cruz,Operational H24,Current ASIPONA rules page republishes the CCTM operating rules; 2025 federal audit confirms the 2024 equipment programme,SRC-2289; SRC-2290,https://www.puertosalinacruz.com.mx/web/upl/sec/Documentos/Reglas_de_Operacion_ASIPONA%20Salina%20Cruz.pdf; https://www.asf.gob.mx/Trans/Informes/IR2024b/Documentos/Auditorias/2024_0006_a.pdf,FC-C: new core TSS-linked operational maritime traffic service,FC-C final-count confirmation. Rules expressly require direct CCTM communication when a vessel enters the TSS and service participation for applicable SOLAS vessels navigating in the service zone or TSS to call at Salina Cruz. Follows IMO A.857(20).
VTS-0031,VTS Arica,CAP,Central and South America Pacific coast,Core,Core VTS / VTIS / VTMS / traffic service,Core project service; underlying evidence supports the recorded VTS/VTIS/VTMS/traffic-service identity,1,TSS-0187,"DIRECTEMAR, Capitanía de Puerto de Arica",Arica (Arica Radio CBA2),Operational (see evidence),NGA Pub. 125 (updated to 27 Aug 2026): operates 24 hours,SRC-142,https://msi.nga.mil/api/publications/download?key=16694491/SFH00000/Pub125bk.pdf&type=download,Recorded project decisions; not a count of distinct statutory VTS areas,Stage 2 canonical addition from B38.
VTS-0032,VTS Iquique,CAP,Central and South America Pacific coast,Core,Core VTS / VTIS / VTMS / traffic service,Core project service; underlying evidence supports the recorded VTS/VTIS/VTMS/traffic-service identity,1,TSS-0188,"DIRECTEMAR, Capitanía de Puerto de Iquique",Iquique (Iquique Capuerto Radio),Operational (see evidence),NGA Pub. 125: operates 24 hours; vtsiquique@directemar.cl,SRC-142,https://msi.nga.mil/api/publications/download?key=16694491/SFH00000/Pub125bk.pdf&type=download,Recorded project decisions; not a count of distinct statutory VTS areas,Stage 2 canonical addition from B38.
VTS-0033,VTS Quintero,CAP,Central and South America Pacific coast,Core,Core VTS / VTIS / VTMS / traffic service,Core project service; underlying evidence supports the recorded VTS/VTIS/VTMS/traffic-service identity,1,TSS-0190,"DIRECTEMAR, Capitanía de Puerto de Quintero",Quintero Radio (CBV21),Operational (see evidence),NGA Pub. 125: operates 24 hours; sctmquintero@directemar.cl,SRC-142,https://msi.nga.mil/api/publications/download?key=16694491/SFH00000/Pub125bk.pdf&type=download,Recorded project decisions; not a count of distinct statutory VTS areas,Stage 2 canonical addition from B38.
VTS-0034,VTS Valparaíso,CAP,Central and South America Pacific coast,Core,Core VTS / VTIS / VTMS / traffic service,Core project service; underlying evidence supports the recorded VTS/VTIS/VTMS/traffic-service identity,1,TSS-0191,"DIRECTEMAR, Capitanía de Puerto de Valparaíso",Valparaíso city centre (Valparaíso Capuerto Radio CBV20),Operational (see evidence),NGA Pub. 125: operates 24 hours,SRC-142,https://msi.nga.mil/api/publications/download?key=16694491/SFH00000/Pub125bk.pdf&type=download,Recorded project decisions; not a count of distinct statutory VTS areas,Stage 2 canonical addition from B39.
VTS-0227,"VTS Callao (Servicio de Control del Tráfico Marítimo del Callao, TRAMAR)",CAP,Central and South America Pacific coast,Core,Core VTS / VTIS / VTMS / traffic service,Core project service; underlying evidence supports the recorded VTS/VTIS/VTMS/traffic-service identity,1,TSS-0183,"DICAPI, Marina de Guerra del Perú (Autoridad Marítima Nacional), through the Capitanía de Puerto del Callao",Centro de Control de Tráfico Marítimo del puerto del Callao,Current (decision 7 double-check),Official source checked in the decision 7 double-check,SRC-2265; SRC-2266; SRC-2267; SRC-2268; SRC-2269,https://www.dicapi.mil.pe/storage/rules/1DRokKOJ1732114031.pdf; https://www.gob.pe/institucion/mtc/noticias/1022528-ministro-perez-reyes-supervisa-nuevo-centro-de-control-de-trafico-maritimo-del-puerto-del-callao; https://www.gob.pe/institucion/marina/noticias/1025108-ministro-de-defensa-inaugura-el-sistema-de-trafico-maritimo-vts-callao; https://elperuano.pe/noticia/253367-entra-en-funcionamiento-nuevo-centro-de-control-de-trafico-maritimo-en-el-callao; https://msi.nga.mil/api/publications/download?type=view&key=16694491/SFH00000/Pub125bk.pdf,Decision 7 double-check,None of the 57 register entries is a Peruvian service. The Chilean entries (VTS-0031 to VTS-0034) are separate national services.
VTS-0013,VTS Houston-Galveston,CGP,"Caribbean, Gulf of Mexico and Panama",Core,Core VTS / VTIS / VTMS / traffic service,Core project service; underlying evidence supports the recorded VTS/VTIS/VTMS/traffic-service identity,1,TSS-0204,"US Coast Guard, Sector Houston-Galveston","Sector Houston-Galveston, southeast Houston",Operational (see evidence),NAVCEN VTS Locations; User Manual 2025,SRC-122; SRC-124; SRC-178,https://www.ecfr.gov/api/versioner/v1/full/2026-09-01/title-33.xml?part=161; https://www.navcen.uscg.gov/vessel-traffic-services-locations; https://www.navcen.uscg.gov/sites/default/files/pdf/VTS%20User%20Guides/VTS_HG_UserManual_2025.pdf,Recorded project decisions; not a count of distinct statutory VTS areas,Canonical normalisation of legacy VTS-013; Stage 2 canonical addition from B41.
VTS-0038,Centro de Control de Tráfico Marítimo de Veracruz (CCTMVER),CGP,"Caribbean, Gulf of Mexico and Panama",Core,Official port traffic-control service (Decision 5),Formal VTS status not asserted; counted under Decision 5,1,TSS-0205,ASIPONA Veracruz (auxiliary to Capitanía de Puerto),Veracruz port administration building,Operational (see evidence),"ASIPONA pages (site 2026): radar X/S band, AIS, VHF 10/16",SRC-179; SRC-180; SRC-181,https://www.puertodeveracruz.com.mx/infraestructura/centro-de-control-de-trafico-maritimo/; https://www.puertodeveracruz.com.mx/infraestructura/centro-de-control-de-trafico-maritimo/area-de-influencia/; https://www.puertodeveracruz.com.mx/infraestructura/centro-de-control-de-trafico-maritimo/informacion-general-cctm/,Recorded project decisions; not a count of distinct statutory VTS areas,Stage 2 canonical addition from B41.
VTS-0228,"Panama Canal Authority Marine Traffic Control / Panama Canal VTMS, Cristobal and Flamenco Signal Stations (replaces the Atlantic-only D8 entry; not a second service)",CGP,"Caribbean, Gulf of Mexico and Panama",Supplemental,Supplemental monitoring/information service,Formal VTS status not established for this TSS association,2,TSS-0176; TSS-0213,"Autoridad del Canal de Panama (ACP), Vice Presidency for Operations, Marine Traffic Control Unit",Cristobal Signal Station (Atlantic entrance) and Flamenco Signal Station (Pacific entrance),Current (decision 7 double-check),Official source checked in the decision 7 double-check,SRC-113; SRC-2276; SRC-2277; SRC-2278,https://pancanal.com/wp-content/uploads/2021/08/N01-2026-Vessel-Requirements_BMV.pdf; https://armcol.org/wp-content/uploads/2024/08/3372.-Reglamento-para-la-Navegacion-en-Aguas-del-Canal-de-Panama.pdf; https://msi.nga.mil/api/publications/download?key=16694491/SFH00000/Pub153bk.pdf&type=view,Decision 7 double-check,"There is no Panamanian service in the register. It is one service, not two, for these reasons. It has a single authority and unit (the ACP Marine Traffic Control Unit / Traffic Management Unit). It is governed by the same notice, which treats 'the Port Entry Coordinator (PEC) in Cristobal or Flamenco Signal Stations' as one arrangement with identical rules (8 nm call, Ch 12, English, Ch 12 watch until the pilot boards). It works under the same regulation (art. 36), and NGA describes both stations as the reporting points of one 'Panama Canal VTMS'. This follows the register precedents for one s"
VTS-0014,VTS New York,NAC,North America Atlantic coast,Core,Core VTS / VTIS / VTMS / traffic service,Core project service; underlying evidence supports the recorded VTS/VTIS/VTMS/traffic-service identity,1,TSS-0200,"US Coast Guard, Sector New York","Fort Wadsworth, Staten Island",Operational (see evidence),NAVCEN VTS Locations; User Manual rev. Jan 2023,SRC-122; SRC-124; SRC-171,https://www.ecfr.gov/api/versioner/v1/full/2026-09-01/title-33.xml?part=161; https://www.navcen.uscg.gov/vessel-traffic-services-locations; https://www.navcen.uscg.gov/sites/default/files/pdf/VTS%20User%20Guides/VTS_NY_UserManuaFeb2023.pdf,Recorded project decisions; not a count of distinct statutory VTS areas,Canonical normalisation of legacy VTS-014; Stage 2 canonical addition from B40.
VTS-0035,Strait of Canso and Eastern Approaches VTS Zone (Canso Traffic),NAC,North America Atlantic coast,Core,Core VTS / VTIS / VTMS / traffic service,Core project service; underlying evidence supports the recorded VTS/VTIS/VTMS/traffic-service identity,1,TSS-0195,Canadian Coast Guard MCTS; zone in SOR/2025-275,"Canso Traffic (VCO), MCTS Sydney",Operational (see evidence),"Statutory zone (SOR/2025-275, current to 21 Sep 2026); RAMN 2026 s.3.7.3.5; NGA Pub. 145: 24 h operation, VHF 14",SRC-128; SRC-147; SRC-141,https://laws-lois.justice.gc.ca/eng/regulations/SOR-2025-275/FullText.html; https://msi.nga.mil/api/publications/download?key=16694491/SFH00000/Pub145bk.pdf&type=download; https://www.canada.ca/en/canadian-coast-guard/corporate/publications/radio-aids-marine-navigation/vessel-traffic-services.html,Recorded project decisions; not a count of distinct statutory VTS areas,Stage 2 canonical addition from B39.
VTS-0037,Fundy Traffic (Bay of Fundy VTS Zone),NAC,North America Atlantic coast,Core,Core VTS / VTIS / VTMS / traffic service,Core project service; underlying evidence supports the recorded VTS/VTIS/VTMS/traffic-service identity,1,TSS-0196,Canadian Coast Guard MCTS; zone under SOR/2025-275,Halifax MCTS Centre,Operational (see evidence),RAMN 2026 Part 3: monitors by radar and AIS; H24 Halifax MCTS,SRC-128; SRC-141; SRC-166,https://laws-lois.justice.gc.ca/eng/regulations/SOR-2025-275/FullText.html; https://www.canada.ca/en/canadian-coast-guard/corporate/publications/radio-aids-marine-navigation/vessel-traffic-services.html; https://www.canada.ca/en/canadian-coast-guard/corporate/publications/radio-aids-marine-navigation/facilities-information.html,Recorded project decisions; not a count of distinct statutory VTS areas,Stage 2 canonical addition from B40.
