canonical_id,authoritative_name,imo_parent_ref,legacy_coverage,note
TSS-0001,Off Sommers Island,B-I/1,Mapped from legacy v0.2,
TSS-0002,Off Hogland (Gogland) Island,B-I/2,Mapped from legacy v0.2,
TSS-0003,Off Rodsher Island,B-I/3,Mapped from legacy v0.2,
TSS-0004,Off Kalbådagrund lighthouse,B-I/4,Mapped from legacy v0.2,
TSS-0005,Off Porkkala lighthouse,B-I/5,Mapped from legacy v0.2,
TSS-0006,Off Hankoniemi Peninsula,B-I/6,Mapped from legacy v0.2,
TSS-0007,Off Kõpu Peninsula (Hiiumaa Island),B-I/7,Mapped from legacy v0.2,
TSS-0008,South Hoburgs Bank,B-I/8,Mapped from legacy v0.2,
TSS-0009,Midsjöbankarna,B-I/9,Mapped from legacy v0.2,
TSS-0010,In Norra Kvarken,B-I/10,Mapped from legacy v0.2,
TSS-0011,North Åland Sea,B-I/11,Mapped from legacy v0.2,
TSS-0012,South Åland Sea,B-I/11,Mapped from legacy v0.2,
TSS-0013,West Klintehamn,B-I/12,Mapped from legacy v0.2,
TSS-0014,North Hoburgs Bank,B-I/13,Mapped from legacy v0.2,
TSS-0015,Off Öland Island,B-I/14,Mapped from legacy v0.2,
TSS-0016,In Bornholmsgat,B-I/15,Mapped from legacy v0.2,
TSS-0017,Gulf of Gdańsk – East,B-I/16,Mapped from legacy v0.2,
TSS-0018,Gulf of Gdańsk – West,B-I/16,Mapped from legacy v0.2,
TSS-0019,Słupska Bank,B-I/17,Mapped from legacy v0.2,
TSS-0020,Adlergrund,B-I/18,Mapped from legacy v0.2,
TSS-0021,Off Falsterborev,B-I/19,Mapped from legacy v0.2,
TSS-0022,In The Sound,B-I/20,Mapped from legacy v0.2,
TSS-0023,North of Rügen,B-I/21,Mapped from legacy v0.2,
TSS-0024,South of Gedser,B-I/22,Mapped from legacy v0.2,
TSS-0025,Off Kiel lighthouse,B-I/23,Mapped from legacy v0.2,
TSS-0026,Between Korsoer and Sprogoe,B-I/24,Mapped from legacy v0.2,
TSS-0027,At Hatter Barn,B-I/25,Mapped from legacy v0.2,
TSS-0028,Skagen West,B-I/26,Mapped from legacy v0.2,
TSS-0029,Skagen East,B-I/26,Mapped from legacy v0.2,
TSS-0030,Fladen,B-I/26,Mapped from legacy v0.2,
TSS-0031,Lilla Middelgrund,B-I/26,Mapped from legacy v0.2,
TSS-0032,Entrance to The Sound,B-I/26,Mapped from legacy v0.2,
TSS-0033,West of the Scilly Isles,B-II/1,Mapped from legacy v0.2,
TSS-0034,South of the Scilly Isles,B-II/2,Mapped from legacy v0.2,
TSS-0035,"Off Land’s End, between Seven Stones and Longships",B-II/3,Mapped from legacy v0.2,
TSS-0036,Off Ushant,B-II/4,Mapped from legacy v0.2,
TSS-0037,Off Casquets,B-II/5,Mapped from legacy v0.2,
TSS-0038,In the Strait of Dover and adjacent waters,B-II/6,Mapped from legacy v0.2,
TSS-0039,At West Hinder,B-II/7,Mapped from legacy v0.2,
TSS-0040,Sunk South,B-II/8,Mapped from legacy v0.2,
TSS-0041,Sunk East,B-II/8,Mapped from legacy v0.2,
TSS-0042,Sunk North,B-II/8,Mapped from legacy v0.2,
TSS-0043,Off Brown Ridge,B-II/9,Mapped from legacy v0.2,
TSS-0044,West Friesland,B-II/9,Mapped from legacy v0.2,
TSS-0045,North Friesland,B-II/9,Mapped from legacy v0.2,
TSS-0046,East Friesland,B-II/9,Mapped from legacy v0.2,
TSS-0047,Off Botney Ground,B-II/9,Mapped from legacy v0.2,
TSS-0048,Maas North,B-II/10,Mapped from legacy v0.2,
TSS-0049,Maas North-west,B-II/10,Mapped from legacy v0.2,
TSS-0050,Maas West Inner,B-II/10,Mapped from legacy v0.2,
TSS-0051,Maas West Outer,B-II/10,Mapped from legacy v0.2,
TSS-0052,North Hinder North,B-II/10,Mapped from legacy v0.2,
TSS-0053,North Hinder South,B-II/10,Mapped from legacy v0.2,
TSS-0054,Off North Hinder,B-II/10,Mapped from legacy v0.2,
TSS-0055,IJmuiden West Inner,B-II/11,Mapped from legacy v0.2,
TSS-0056,IJmuiden North,B-II/11,Mapped from legacy v0.2,
TSS-0057,IJmuiden West Outer,B-II/11,Mapped from legacy v0.2,
TSS-0058,Off Texel,B-II/12,Mapped from legacy v0.2,
TSS-0059,Off Vlieland,B-II/13,Mapped from legacy v0.2,
TSS-0060,Vlieland North,B-II/13,Mapped from legacy v0.2,
TSS-0061,Terschelling–German Bight,B-II/14,Mapped from legacy v0.2,
TSS-0062,German Bight western approach,B-II/15,Mapped from legacy v0.2,
TSS-0063,Jade approach,B-II/16,Mapped from legacy v0.2,
TSS-0064,Elbe approach,B-II/17,Mapped from legacy v0.2,
TSS-0065,In the approaches to the River Humber,B-II/18,Mapped from legacy v0.2,
TSS-0066,Off Vardø,B-II/19,Mapped from legacy v0.2,
TSS-0067,Off Slettnes,B-II/19,Mapped from legacy v0.2,
TSS-0068,Off North Cape,B-II/19,Mapped from legacy v0.2,
TSS-0069,Off Sørøya,B-II/19,Mapped from legacy v0.2,
TSS-0070,Off Torsvåg,B-II/19,Mapped from legacy v0.2,
TSS-0071,Off Andenes,B-II/19,Mapped from legacy v0.2,
TSS-0072,Off Røst (1),B-II/19,Mapped from legacy v0.2,
TSS-0073,Off Røst (2),B-II/19,Mapped from legacy v0.2,
TSS-0074,Off Træna,B-II/19,Mapped from legacy v0.2,
TSS-0075,Off Halten,B-II/19,Mapped from legacy v0.2,
TSS-0076,Off Runde,B-II/19,Mapped from legacy v0.2,
TSS-0077,Off Stad,B-II/19,Mapped from legacy v0.2,
TSS-0078,Off Sotra,B-II/19,Mapped from legacy v0.2,
TSS-0079,Off Utsira,B-II/19,Mapped from legacy v0.2,
TSS-0080,Off Egersund,B-II/19,Mapped from legacy v0.2,
TSS-0081,Off Farsund,B-II/19,Mapped from legacy v0.2,
TSS-0082,Off Ryvingen,B-II/19,Mapped from legacy v0.2,
TSS-0083,Off Lillesand,B-II/19,Mapped from legacy v0.2,
TSS-0084,Off Risør,B-II/19,Mapped from legacy v0.2,
TSS-0085,Off Fastnet Rock,B-II/20,Mapped from legacy v0.2,
TSS-0086,Off Smalls,B-II/21,Mapped from legacy v0.2,
TSS-0087,Off Tuskar Rock,B-II/22,Mapped from legacy v0.2,
TSS-0088,Off Skerries,B-II/23,Mapped from legacy v0.2,
TSS-0089,In Liverpool Bay,B-II/24,Mapped from legacy v0.2,
TSS-0090,In the North Channel,B-II/25,Mapped from legacy v0.2,
TSS-0091,Little Minches,B-II/26,Mapped from legacy v0.2,
TSS-0092,North-west of Garðskagi Point,B-II/27,Mapped from legacy v0.2,
TSS-0093,South-west of the Reykjanes Peninsula,B-II/27,Mapped from legacy v0.2,
TSS-0094,Off Finisterre,B-II/28,Mapped from legacy v0.2,
TSS-0095,Off Cape Roca,B-II/29,Mapped from legacy v0.2,
TSS-0096,Off Cape S. Vicente,B-II/30,Mapped from legacy v0.2,
TSS-0097,At Banco del Hoyo,B-II/31,Mapped from legacy v0.2,
TSS-0098,In the Strait of Gibraltar,B-III/1,Mapped from legacy v0.2,
TSS-0099,Off Cabo de Gata,B-III/2,Mapped from legacy v0.2,
TSS-0100,Off Cape Palos,B-III/3,Mapped from legacy v0.2,
TSS-0101,Off Cape La Nao,B-III/4,Mapped from legacy v0.2,
TSS-0102,In the Corsica Channel,B-III/5,Mapped from legacy v0.2,
TSS-0103,Off Cani Island,B-III/6,Mapped from legacy v0.2,
TSS-0104,Off Cape Bon,B-III/7,Mapped from legacy v0.2,
TSS-0105,In the Adriatic Sea: in the North Adriatic Sea,B-III/8,Mapped from legacy v0.2,
TSS-0106,In the Adriatic Sea: approaches to Gulf of Trieste,B-III/9,Mapped from legacy v0.2,
TSS-0107,In the Adriatic Sea: approaches to Gulf of Venice,B-III/10,Mapped from legacy v0.2,
TSS-0108,In the Gulf of Trieste,B-III/11,Mapped from legacy v0.2,
TSS-0109,Approaches to/from Koper,B-III/11,Mapped from legacy v0.2,
TSS-0110,Approaches to/from Monfalcone,B-III/11,Mapped from legacy v0.2,
TSS-0111,Saronicos Gulf (in the approaches to Piraeus Harbour),B-III/12,Mapped from legacy v0.2,
TSS-0112,In the approaches to the port of Thessaloniki,B-III/13,Mapped from legacy v0.2,
TSS-0113,Western approach to Mina Dumyat,B-III/14,Mapped from legacy v0.2,
TSS-0114,Eastern approaches to Mina Dumyat,B-III/14,Mapped from legacy v0.2,
TSS-0115,Western approaches to Bur Said,B-III/14,Mapped from legacy v0.2,
TSS-0116,Eastern approach to Bur Said,B-III/14,Mapped from legacy v0.2,
TSS-0117,In the southern approaches to the Kerch Strait,B-III/15,Mapped from legacy v0.2,
TSS-0118,In the area off the south-western coast of the Crimea,B-III/16,Mapped from legacy v0.2,
TSS-0119,"Approaches to the Chornomorsk, Odesa and Pivdennyi ports",B-III/17,Mapped from legacy v0.2,
TSS-0120,Strait of Istanbul – North approach,B-III/18,Mapped from legacy v0.2,
TSS-0121,Strait of Istanbul,B-III/19,Mapped from legacy v0.2,
TSS-0122,Strait of Istanbul – South approach and Sea of Marmara,B-III/20,Mapped from legacy v0.2,
TSS-0123,Strait of Çanakkale,B-III/21,Mapped from legacy v0.2,
TSS-0124,Strait of Çanakkale – South-west approach,B-III/22,Mapped from legacy v0.2,
TSS-0125,In the Gulf of Suez,B-IV/1,Mapped from legacy v0.2,
TSS-0126,In the entrance to the Gulf of Aqaba,B-IV/2,Mapped from legacy v0.2,
TSS-0127,Near the deep-water route leading to Jazan Economic City Port,B-IV/3,No legacy candidate,New in IMO 2025 baseline relative to v0.2 candidate register.
TSS-0128,In the southern Red Sea – west and south of Hanish al Kubra,B-IV/4,Mapped from legacy v0.2,
TSS-0129,In the southern Red Sea – east of Jabal Zuqar Island,B-IV/5,Mapped from legacy v0.2,
TSS-0130,In the Strait of Bab el Mandeb,B-IV/6,Mapped from legacy v0.2,
TSS-0131,Off Ras al Hadd,B-IV/7,Mapped from legacy v0.2,
TSS-0132,Off Ra’s al Kuh,B-IV/8,Mapped from legacy v0.2,
TSS-0133,In the Strait of Hormuz,B-IV/9,Mapped from legacy v0.2,
TSS-0134,Tunb–Farur,B-IV/10,Mapped from legacy v0.2,
TSS-0135,Between Zaqqum and Umm Shaif,B-IV/11,Mapped from legacy v0.2,
TSS-0136,In the approaches to Ras Tanura and Ju’aymah,B-IV/12,Mapped from legacy v0.2,
TSS-0137,Marjan/Zuluf,B-IV/13,Mapped from legacy v0.2,
TSS-0138,Approaches to the port of Ra’s al Khafji,B-IV/14,Mapped from legacy v0.2,
TSS-0139,Off Mina Al-Ahmadi – North scheme I,B-IV/15,Mapped from legacy v0.2,
TSS-0140,Off Mina Al-Ahmadi – North scheme II,B-IV/15,Mapped from legacy v0.2,
TSS-0141,Off Mina Al-Ahmadi – South scheme,B-IV/15,Mapped from legacy v0.2,
TSS-0142,Off Dondra Head,B-IV/16,Mapped from legacy v0.2,
TSS-0143,Off Alphard Banks 34 miles south of Cape Infanta,B-IV/17,Mapped from legacy v0.2,
TSS-0144,Off the FA platform 47 miles south of Mossel Bay,B-IV/18,Mapped from legacy v0.2,
TSS-0145,At One Fathom Bank,B-V/1,Mapped from legacy v0.2,
TSS-0146,Port Klang to Port Dickson,B-V/2,Mapped from legacy v0.2,
TSS-0147,Port Dickson to Tanjung Keling,B-V/3,Mapped from legacy v0.2,
TSS-0148,Malacca to Iyu Kecil,B-V/4,Mapped from legacy v0.2,
TSS-0149,In the Singapore Strait (Main Strait),B-V/5,Mapped from legacy v0.2,
TSS-0150,Singapore Strait (Off St. John’s Island),B-V/6,Mapped from legacy v0.2,
TSS-0151,Singapore Strait (Off Changi/Pulau Batam),B-V/7,Mapped from legacy v0.2,
TSS-0152,At Horsburgh lighthouse area,B-V/8,Mapped from legacy v0.2,
TSS-0153,In the Sunda Strait,B-V/9,Mapped from legacy v0.2,
TSS-0154,In the Lombok Strait,B-V/10,Mapped from legacy v0.2,
TSS-0155,Eastern approaches to Victoria Port (Tathong Channel),B-V/11,Mapped from legacy v0.2,
TSS-0156,Western approaches to Victoria Port (East Lamma Channel),B-V/11,Mapped from legacy v0.2,
TSS-0157,In the Dangan Channel,B-V/12,Mapped from legacy v0.2,
TSS-0158,Off Cape Leeuwin,B-VI/1,Mapped from legacy v0.2,
TSS-0159,Off Chatham Island,B-VI/1,Mapped from legacy v0.2,
TSS-0160,South of Wilson Promontory in the Bass Strait,B-VI/2,Mapped from legacy v0.2,
TSS-0161,In the Bass Strait,B-VI/3,Mapped from legacy v0.2,
TSS-0162,In Prince William Sound,B-VII/1,Mapped from legacy v0.2,
TSS-0163,Strait of Juan de Fuca – Western approach,B-VII/2,Mapped from legacy v0.2,
TSS-0164,Strait of Juan de Fuca – South-western approach,B-VII/2,Mapped from legacy v0.2,
TSS-0165,Strait of Juan de Fuca – Western lanes,B-VII/2,Mapped from legacy v0.2,
TSS-0166,Strait of Juan de Fuca – Southern lanes,B-VII/2,Mapped from legacy v0.2,
TSS-0167,Strait of Juan de Fuca – Northern lanes,B-VII/2,Mapped from legacy v0.2,
TSS-0168,Strait of Juan de Fuca – Eastern lanes,B-VII/2,Mapped from legacy v0.2,
TSS-0169,In Puget Sound and its approaches,B-VII/3,Mapped from legacy v0.2,
TSS-0170,In Haro Strait and Boundary Pass,B-VII/4,Mapped from legacy v0.2,
TSS-0171,In the Strait of Georgia,B-VII/4,Mapped from legacy v0.2,
TSS-0172,Off San Francisco,B-VII/5,Mapped from legacy v0.2,
TSS-0173,In the Santa Barbara Channel,B-VII/6,Mapped from legacy v0.2,
TSS-0174,In the approaches to Los Angeles – Long Beach,B-VII/7,Mapped from legacy v0.2,
TSS-0175,In the approaches to Salina Cruz,B-VII/8,Mapped from legacy v0.2,
TSS-0176,Gulf of Panama,B-VIII/1,Mapped from legacy v0.2,
TSS-0177,Morro de Puercos,B-VIII/1,Mapped from legacy v0.2,
TSS-0178,Isla Jicarita,B-VIII/1,Mapped from legacy v0.2,
TSS-0179,Landfall and approaches to Talara Bay,B-VIII/2,Mapped from legacy v0.2,
TSS-0180,Landfall and approaches to Paita Bay,B-VIII/3,Mapped from legacy v0.2,
TSS-0181,Landfall off Puerto Salaverry,B-VIII/4,Mapped from legacy v0.2,
TSS-0182,Landfall and approaches to Ferrol Bay (Puerto Chimbote),B-VIII/5,Mapped from legacy v0.2,
TSS-0183,Approaches to Puerto Callao,B-VIII/6,Mapped from legacy v0.2,
TSS-0184,In the approaches to Puerto Pisco,B-VIII/7,Mapped from legacy v0.2,
TSS-0185,Landfall and approaches to San Nicolas Bay,B-VIII/8,Mapped from legacy v0.2,
TSS-0186,Landfall and approaches to Puerto Ilo,B-VIII/9,Mapped from legacy v0.2,
TSS-0187,In the approaches to Arica,B-VIII/10,Mapped from legacy v0.2,
TSS-0188,In the approaches to Iquique,B-VIII/11,Mapped from legacy v0.2,
TSS-0189,In the approaches to Antofagasta,B-VIII/12,Mapped from legacy v0.2,
TSS-0190,In the approaches to Quintero Bay,B-VIII/13,Mapped from legacy v0.2,
TSS-0191,In the approaches to Valparaiso,B-VIII/14,Mapped from legacy v0.2,
TSS-0192,In the approaches to Concepcion Bay,B-VIII/15,Mapped from legacy v0.2,
TSS-0193,In the approaches to San Vicente Bay,B-VIII/16,Mapped from legacy v0.2,
TSS-0194,In the approaches to Punta Arenas,B-VIII/17,Mapped from legacy v0.2,
TSS-0195,In the approaches to Chedabucto Bay,B-IX/1,Mapped from legacy v0.2,
TSS-0196,In the Bay of Fundy and approaches,B-IX/2,Mapped from legacy v0.2,
TSS-0197,"In the approaches to Portland, Maine",B-IX/3,Mapped from legacy v0.2,
TSS-0198,"In the approach to Boston, Massachusetts",B-IX/4,Mapped from legacy v0.2,
TSS-0199,"In the approaches to Narragansett Bay, Rhode Island, and Buzzards Bay, Massachusetts",B-IX/5,Mapped from legacy v0.2,
TSS-0200,Off New York,B-IX/6,Mapped from legacy v0.2,
TSS-0201,Off Delaware Bay,B-IX/7,Mapped from legacy v0.2,
TSS-0202,In the approaches to Chesapeake Bay,B-IX/8,Mapped from legacy v0.2,
TSS-0203,In the approaches to the Cape Fear River,B-IX/9,Mapped from legacy v0.2,
TSS-0204,In the approaches to Galveston Bay,B-IX/10,Mapped from legacy v0.2,
TSS-0205,In the approaches to the port of Veracruz,B-IX/11,Mapped from legacy v0.2,
TSS-0206,Off Cabo San Antonio,B-IX/12,Mapped from legacy v0.2,
TSS-0207,Off La Tabla,B-IX/13,Mapped from legacy v0.2,
TSS-0208,Off Costa de Matanzas,B-IX/14,Mapped from legacy v0.2,
TSS-0209,In the Old Bahama Channel,B-IX/15,Mapped from legacy v0.2,
TSS-0210,Off Punta Maternillos,B-IX/16,Mapped from legacy v0.2,
TSS-0211,Off Punta Lucrecia,B-IX/17,Mapped from legacy v0.2,
TSS-0212,Off Cabo Maysi,B-IX/18,Mapped from legacy v0.2,
TSS-0213,At the approaches to Puerto Cristobal,B-IX/19,Mapped from legacy v0.2,
TSS-0214,In the fourth Kuril Strait,B-X/1,Mapped from legacy v0.2,
TSS-0215,In the Proliv Bussol,B-X/2,Mapped from legacy v0.2,
TSS-0216,Off the Aniwa Cape,B-X/3,Mapped from legacy v0.2,
TSS-0217,In the approaches to the Gulf of Nakhodka,B-X/4,Mapped from legacy v0.2,
TSS-0218,Off the Ostrovnoi Point,B-X/5,Mapped from legacy v0.2,
TSS-0219,Chengshan Jiao inner,B-X/6,Mapped from legacy v0.2,
TSS-0220,Chengshan Jiao outer – North,B-X/6,Mapped from legacy v0.2,
TSS-0221,Chengshan Jiao outer – East,B-X/6,Mapped from legacy v0.2,
TSS-0222,Chengshan Jiao outer – South,B-X/6,Mapped from legacy v0.2,
TSS-0223,Between Grand Canary and Fuerteventura,B-XI/1,Mapped from legacy v0.2,
TSS-0224,Between Grand Canary and Tenerife,B-XI/2,Mapped from legacy v0.2,
