legacy_id,legacy_name,canonical_id,authoritative_name,imo_parent_ref,mapping_type,confidence,note
TSS-0001,In the approaches to the River Humber,TSS-0065,In the approaches to the River Humber,B-II/18,One-to-one name reconciliation,High,Name similarity 1.00.
TSS-0002,In the Sunk area and northern Approaches to the Thames Estuary,TSS-0040,Sunk South,B-II/8,Manual reconciliation,High,Legacy candidate was grouped or combined; current IMO 2025 structure resolves it to multiple TSS records.
TSS-0002,In the Sunk area and northern Approaches to the Thames Estuary,TSS-0041,Sunk East,B-II/8,Manual reconciliation,High,Legacy candidate was grouped or combined; current IMO 2025 structure resolves it to multiple TSS records.
TSS-0002,In the Sunk area and northern Approaches to the Thames Estuary,TSS-0042,Sunk North,B-II/8,Manual reconciliation,High,Legacy candidate was grouped or combined; current IMO 2025 structure resolves it to multiple TSS records.
TSS-0003,In the Approaches to Hook of Holland and at North Hinder,TSS-0048,Maas North,B-II/10,Manual reconciliation,High,Legacy candidate was grouped or combined; current IMO 2025 structure resolves it to multiple TSS records.
TSS-0003,In the Approaches to Hook of Holland and at North Hinder,TSS-0049,Maas North-west,B-II/10,Manual reconciliation,High,Legacy candidate was grouped or combined; current IMO 2025 structure resolves it to multiple TSS records.
TSS-0003,In the Approaches to Hook of Holland and at North Hinder,TSS-0050,Maas West Inner,B-II/10,Manual reconciliation,High,Legacy candidate was grouped or combined; current IMO 2025 structure resolves it to multiple TSS records.
TSS-0003,In the Approaches to Hook of Holland and at North Hinder,TSS-0051,Maas West Outer,B-II/10,Manual reconciliation,High,Legacy candidate was grouped or combined; current IMO 2025 structure resolves it to multiple TSS records.
TSS-0003,In the Approaches to Hook of Holland and at North Hinder,TSS-0052,North Hinder North,B-II/10,Manual reconciliation,High,Legacy candidate was grouped or combined; current IMO 2025 structure resolves it to multiple TSS records.
TSS-0003,In the Approaches to Hook of Holland and at North Hinder,TSS-0053,North Hinder South,B-II/10,Manual reconciliation,High,Legacy candidate was grouped or combined; current IMO 2025 structure resolves it to multiple TSS records.
TSS-0003,In the Approaches to Hook of Holland and at North Hinder,TSS-0054,Off North Hinder,B-II/10,Manual reconciliation,High,Legacy candidate was grouped or combined; current IMO 2025 structure resolves it to multiple TSS records.
TSS-0004,At West Hinder,TSS-0039,At West Hinder,B-II/7,One-to-one name reconciliation,High,Name similarity 1.00.
TSS-0005,In the Strait of Dover and adjacent waters,TSS-0038,In the Strait of Dover and adjacent waters,B-II/6,One-to-one name reconciliation,High,Name similarity 1.00.
TSS-0006,Off Casquets,TSS-0037,Off Casquets,B-II/5,One-to-one name reconciliation,High,Name similarity 1.00.
TSS-0007,"Off Land's End, between Seven Stones and Longships",TSS-0035,"Off Land’s End, between Seven Stones and Longships",B-II/3,One-to-one name reconciliation,High,Name similarity 0.99.
TSS-0008,South of the Isles of Scilly,TSS-0034,South of the Scilly Isles,B-II/2,Manual reconciliation,High,
TSS-0009,West of the Isles of Scilly,TSS-0033,West of the Scilly Isles,B-II/1,Manual reconciliation,High,
TSS-0010,Off Fastnet Rock,TSS-0085,Off Fastnet Rock,B-II/20,One-to-one name reconciliation,High,Name similarity 1.00.
TSS-0011,Off Smalls,TSS-0086,Off Smalls,B-II/21,One-to-one name reconciliation,High,Name similarity 1.00.
TSS-0012,Off Tuskar Rock,TSS-0087,Off Tuskar Rock,B-II/22,One-to-one name reconciliation,High,Name similarity 1.00.
TSS-0013,Off Skerries,TSS-0088,Off Skerries,B-II/23,One-to-one name reconciliation,High,Name similarity 1.00.
TSS-0014,In Liverpool Bay,TSS-0089,In Liverpool Bay,B-II/24,One-to-one name reconciliation,High,Name similarity 1.00.
TSS-0015,In the North Channel,TSS-0090,In the North Channel,B-II/25,One-to-one name reconciliation,High,Name similarity 1.00.
TSS-0016,Off Neist Point,TSS-0091,Little Minches,B-II/26,Manual reconciliation,High,
TSS-0017,Off the coast of Norway,TSS-0066,Off Vardø,B-II/19,Manual reconciliation,High,Legacy candidate was grouped or combined; current IMO 2025 structure resolves it to multiple TSS records.
TSS-0017,Off the coast of Norway,TSS-0067,Off Slettnes,B-II/19,Manual reconciliation,High,Legacy candidate was grouped or combined; current IMO 2025 structure resolves it to multiple TSS records.
TSS-0017,Off the coast of Norway,TSS-0068,Off North Cape,B-II/19,Manual reconciliation,High,Legacy candidate was grouped or combined; current IMO 2025 structure resolves it to multiple TSS records.
TSS-0017,Off the coast of Norway,TSS-0069,Off Sørøya,B-II/19,Manual reconciliation,High,Legacy candidate was grouped or combined; current IMO 2025 structure resolves it to multiple TSS records.
TSS-0017,Off the coast of Norway,TSS-0070,Off Torsvåg,B-II/19,Manual reconciliation,High,Legacy candidate was grouped or combined; current IMO 2025 structure resolves it to multiple TSS records.
TSS-0017,Off the coast of Norway,TSS-0071,Off Andenes,B-II/19,Manual reconciliation,High,Legacy candidate was grouped or combined; current IMO 2025 structure resolves it to multiple TSS records.
TSS-0017,Off the coast of Norway,TSS-0072,Off Røst (1),B-II/19,Manual reconciliation,High,Legacy candidate was grouped or combined; current IMO 2025 structure resolves it to multiple TSS records.
TSS-0017,Off the coast of Norway,TSS-0073,Off Røst (2),B-II/19,Manual reconciliation,High,Legacy candidate was grouped or combined; current IMO 2025 structure resolves it to multiple TSS records.
TSS-0017,Off the coast of Norway,TSS-0074,Off Træna,B-II/19,Manual reconciliation,High,Legacy candidate was grouped or combined; current IMO 2025 structure resolves it to multiple TSS records.
TSS-0017,Off the coast of Norway,TSS-0075,Off Halten,B-II/19,Manual reconciliation,High,Legacy candidate was grouped or combined; current IMO 2025 structure resolves it to multiple TSS records.
TSS-0017,Off the coast of Norway,TSS-0076,Off Runde,B-II/19,Manual reconciliation,High,Legacy candidate was grouped or combined; current IMO 2025 structure resolves it to multiple TSS records.
TSS-0017,Off the coast of Norway,TSS-0077,Off Stad,B-II/19,Manual reconciliation,High,Legacy candidate was grouped or combined; current IMO 2025 structure resolves it to multiple TSS records.
TSS-0017,Off the coast of Norway,TSS-0078,Off Sotra,B-II/19,Manual reconciliation,High,Legacy candidate was grouped or combined; current IMO 2025 structure resolves it to multiple TSS records.
TSS-0017,Off the coast of Norway,TSS-0079,Off Utsira,B-II/19,Manual reconciliation,High,Legacy candidate was grouped or combined; current IMO 2025 structure resolves it to multiple TSS records.
TSS-0017,Off the coast of Norway,TSS-0080,Off Egersund,B-II/19,Manual reconciliation,High,Legacy candidate was grouped or combined; current IMO 2025 structure resolves it to multiple TSS records.
TSS-0017,Off the coast of Norway,TSS-0081,Off Farsund,B-II/19,Manual reconciliation,High,Legacy candidate was grouped or combined; current IMO 2025 structure resolves it to multiple TSS records.
TSS-0017,Off the coast of Norway,TSS-0082,Off Ryvingen,B-II/19,Manual reconciliation,High,Legacy candidate was grouped or combined; current IMO 2025 structure resolves it to multiple TSS records.
TSS-0017,Off the coast of Norway,TSS-0083,Off Lillesand,B-II/19,Manual reconciliation,High,Legacy candidate was grouped or combined; current IMO 2025 structure resolves it to multiple TSS records.
TSS-0017,Off the coast of Norway,TSS-0084,Off Risør,B-II/19,Manual reconciliation,High,Legacy candidate was grouped or combined; current IMO 2025 structure resolves it to multiple TSS records.
TSS-0018,Off the south-west coast of Iceland: North-west of Garoskagi Point,TSS-0092,North-west of Garðskagi Point,B-II/27,Manual reconciliation,High,
TSS-0019,Off the south-west coast of Iceland: South-west of the Reykjanes Peninsula,TSS-0093,South-west of the Reykjanes Peninsula,B-II/27,Manual reconciliation,High,
TSS-0020,"The Åland Sea: North Åland Sea, South Åland Sea",TSS-0011,North Åland Sea,B-I/11,Manual reconciliation,High,Legacy candidate was grouped or combined; current IMO 2025 structure resolves it to multiple TSS records.
TSS-0020,"The Åland Sea: North Åland Sea, South Åland Sea",TSS-0012,South Åland Sea,B-I/11,Manual reconciliation,High,Legacy candidate was grouped or combined; current IMO 2025 structure resolves it to multiple TSS records.
TSS-0021,Off Sommers Island (Ostrov Sommers),TSS-0001,Off Sommers Island,B-I/1,One-to-one name reconciliation,High,Name similarity 1.00.
TSS-0022,Off Hogland (Gogland) Island (Ostrov Gogland),TSS-0002,Off Hogland (Gogland) Island,B-I/2,One-to-one name reconciliation,High,Name similarity 1.00.
TSS-0023,Off Rodsher Island (Ostrov Rodsher),TSS-0003,Off Rodsher Island,B-I/3,One-to-one name reconciliation,High,Name similarity 1.00.
TSS-0024,Off Kalbådagrund Lighthouse,TSS-0004,Off Kalbådagrund lighthouse,B-I/4,One-to-one name reconciliation,High,Name similarity 1.00.
TSS-0025,Off Porkkala Lighthouse,TSS-0005,Off Porkkala lighthouse,B-I/5,One-to-one name reconciliation,High,Name similarity 1.00.
TSS-0026,Off Hankoniemi Peninsula (Hanko),TSS-0006,Off Hankoniemi Peninsula,B-I/6,One-to-one name reconciliation,High,Name similarity 1.00.
TSS-0027,Off Köpu Peninsula (Hiiumaa Island),TSS-0007,Off Kõpu Peninsula (Hiiumaa Island),B-I/7,One-to-one name reconciliation,High,Name similarity 1.00.
TSS-0028,North Hoburgs Bank,TSS-0014,North Hoburgs Bank,B-I/13,One-to-one name reconciliation,High,Name similarity 1.00.
TSS-0029,South Hoburgs Bank,TSS-0008,South Hoburgs Bank,B-I/8,One-to-one name reconciliation,High,Name similarity 1.00.
TSS-0030,West Klintehamn,TSS-0013,West Klintehamn,B-I/12,One-to-one name reconciliation,High,Name similarity 1.00.
TSS-0031,Midsjöbankarna,TSS-0009,Midsjöbankarna,B-I/9,One-to-one name reconciliation,High,Name similarity 1.00.
TSS-0032,Adlergrund,TSS-0020,Adlergrund,B-I/18,One-to-one name reconciliation,High,Name similarity 1.00.
TSS-0033,Slupska Bank,TSS-0019,Słupska Bank,B-I/17,One-to-one name reconciliation,High,Name similarity 0.96.
TSS-0034,Off Öland Island,TSS-0015,Off Öland Island,B-I/14,One-to-one name reconciliation,High,Name similarity 1.00.
TSS-0035,In Bornholmsgat,TSS-0016,In Bornholmsgat,B-I/15,One-to-one name reconciliation,High,Name similarity 1.00.
TSS-0036,North of Rügen,TSS-0023,North of Rügen,B-I/21,One-to-one name reconciliation,High,Name similarity 1.00.
TSS-0037,South of Gedser,TSS-0024,South of Gedser,B-I/22,One-to-one name reconciliation,High,Name similarity 1.00.
TSS-0038,Between Korsoer and Sprogoe (Korsør and Sprogø),TSS-0026,Between Korsoer and Sprogoe,B-I/24,One-to-one name reconciliation,High,Name similarity 1.00.
TSS-0039,At Hatter Barn,TSS-0027,At Hatter Barn,B-I/25,One-to-one name reconciliation,High,Name similarity 1.00.
TSS-0040,In The Sound,TSS-0022,In The Sound,B-I/20,One-to-one name reconciliation,High,Name similarity 1.00.
TSS-0041,Off Falsterborev,TSS-0021,Off Falsterborev,B-I/19,One-to-one name reconciliation,High,Name similarity 1.00.
TSS-0042,Off Kiel Lighthouse,TSS-0025,Off Kiel lighthouse,B-I/23,One-to-one name reconciliation,High,Name similarity 1.00.
TSS-0043,Gulf of Gdansk,TSS-0017,Gulf of Gdańsk – East,B-I/16,Manual reconciliation,High,Legacy candidate was grouped or combined; current IMO 2025 structure resolves it to multiple TSS records.
TSS-0043,Gulf of Gdansk,TSS-0018,Gulf of Gdańsk – West,B-I/16,Manual reconciliation,High,Legacy candidate was grouped or combined; current IMO 2025 structure resolves it to multiple TSS records.
TSS-0044,In Norra Kvarken,TSS-0010,In Norra Kvarken,B-I/10,One-to-one name reconciliation,High,Name similarity 1.00.
TSS-0045,In the vicinity of the Kattegat,TSS-0028,Skagen West,B-I/26,Manual reconciliation,High,Legacy candidate was grouped or combined; current IMO 2025 structure resolves it to multiple TSS records.
TSS-0045,In the vicinity of the Kattegat,TSS-0029,Skagen East,B-I/26,Manual reconciliation,High,Legacy candidate was grouped or combined; current IMO 2025 structure resolves it to multiple TSS records.
TSS-0045,In the vicinity of the Kattegat,TSS-0030,Fladen,B-I/26,Manual reconciliation,High,Legacy candidate was grouped or combined; current IMO 2025 structure resolves it to multiple TSS records.
TSS-0045,In the vicinity of the Kattegat,TSS-0031,Lilla Middelgrund,B-I/26,Manual reconciliation,High,Legacy candidate was grouped or combined; current IMO 2025 structure resolves it to multiple TSS records.
TSS-0045,In the vicinity of the Kattegat,TSS-0032,Entrance to The Sound,B-I/26,Manual reconciliation,High,Legacy candidate was grouped or combined; current IMO 2025 structure resolves it to multiple TSS records.
TSS-0046,German Bight Western Approach,TSS-0062,German Bight western approach,B-II/15,One-to-one name reconciliation,High,Name similarity 1.00.
TSS-0047,Elbe Approach,TSS-0064,Elbe approach,B-II/17,One-to-one name reconciliation,High,Name similarity 1.00.
TSS-0048,Jade Approach,TSS-0063,Jade approach,B-II/16,One-to-one name reconciliation,High,Name similarity 1.00.
TSS-0049,Terschelling - German Bight,TSS-0061,Terschelling–German Bight,B-II/14,One-to-one name reconciliation,High,Name similarity 0.98.
TSS-0050,Vlieland North,TSS-0060,Vlieland North,B-II/13,One-to-one name reconciliation,High,Name similarity 1.00.
TSS-0051,Off Vlieland,TSS-0059,Off Vlieland,B-II/13,One-to-one name reconciliation,High,Name similarity 1.00.
TSS-0052,Off Texel,TSS-0058,Off Texel,B-II/12,One-to-one name reconciliation,High,Name similarity 1.00.
TSS-0053,In the Approaches to IJmuiden,TSS-0055,IJmuiden West Inner,B-II/11,Manual reconciliation,High,Legacy candidate was grouped or combined; current IMO 2025 structure resolves it to multiple TSS records.
TSS-0053,In the Approaches to IJmuiden,TSS-0056,IJmuiden North,B-II/11,Manual reconciliation,High,Legacy candidate was grouped or combined; current IMO 2025 structure resolves it to multiple TSS records.
TSS-0053,In the Approaches to IJmuiden,TSS-0057,IJmuiden West Outer,B-II/11,Manual reconciliation,High,Legacy candidate was grouped or combined; current IMO 2025 structure resolves it to multiple TSS records.
TSS-0054,Off Brown Ridge,TSS-0043,Off Brown Ridge,B-II/9,One-to-one name reconciliation,High,Name similarity 1.00.
TSS-0055,West Friesland,TSS-0044,West Friesland,B-II/9,One-to-one name reconciliation,High,Name similarity 1.00.
TSS-0056,North Friesland,TSS-0045,North Friesland,B-II/9,One-to-one name reconciliation,High,Name similarity 1.00.
TSS-0057,East Friesland,TSS-0046,East Friesland,B-II/9,One-to-one name reconciliation,High,Name similarity 1.00.
TSS-0058,Off Botney Ground,TSS-0047,Off Botney Ground,B-II/9,One-to-one name reconciliation,High,Name similarity 1.00.
TSS-0059,Off Ushant (Île d'Ouessant),TSS-0036,Off Ushant,B-II/4,Manual reconciliation,High,
TSS-0060,Off Finisterre,TSS-0094,Off Finisterre,B-II/28,One-to-one name reconciliation,High,Name similarity 1.00.
TSS-0061,Off Cape Roca (Cabo da Roca),TSS-0095,Off Cape Roca,B-II/29,One-to-one name reconciliation,High,Name similarity 1.00.
TSS-0062,Off Cape St. Vicente (Cabo de São Vicente),TSS-0096,Off Cape S. Vicente,B-II/30,One-to-one name reconciliation,High,Name similarity 0.97.
TSS-0063,At Banco del Hoyo,TSS-0097,At Banco del Hoyo,B-II/31,One-to-one name reconciliation,High,Name similarity 1.00.
TSS-0064,Between Grand Canary and Tenerife,TSS-0224,Between Grand Canary and Tenerife,B-XI/2,One-to-one name reconciliation,High,Name similarity 1.00.
TSS-0065,Between Grand Canary and Fuerteventura,TSS-0223,Between Grand Canary and Fuerteventura,B-XI/1,One-to-one name reconciliation,High,Name similarity 1.00.
TSS-0066,In the Strait of Gibraltar,TSS-0098,In the Strait of Gibraltar,B-III/1,One-to-one name reconciliation,High,Name similarity 1.00.
TSS-0067,Off Cabo de Gata,TSS-0099,Off Cabo de Gata,B-III/2,One-to-one name reconciliation,High,Name similarity 1.00.
TSS-0068,Off Cape Palos (Cabo de Palos),TSS-0100,Off Cape Palos,B-III/3,One-to-one name reconciliation,High,Name similarity 1.00.
TSS-0069,Off Cape la Nao (Cabo de la Nao),TSS-0101,Off Cape La Nao,B-III/4,One-to-one name reconciliation,High,Name similarity 1.00.
TSS-0070,Off Cani Island (Îles Cani),TSS-0103,Off Cani Island,B-III/6,One-to-one name reconciliation,High,Name similarity 1.00.
TSS-0071,Off Cape Bon (Cap Bon),TSS-0104,Off Cape Bon,B-III/7,One-to-one name reconciliation,High,Name similarity 1.00.
TSS-0072,In the Corsica Channel,TSS-0102,In the Corsica Channel,B-III/5,One-to-one name reconciliation,High,Name similarity 1.00.
TSS-0073,In the Adriatic Sea: In the North Adriatic Sea,TSS-0105,In the Adriatic Sea: in the North Adriatic Sea,B-III/8,One-to-one name reconciliation,High,Name similarity 1.00.
TSS-0074,In the Adriatic Sea: Approaches to the Gulf of Trieste,TSS-0106,In the Adriatic Sea: approaches to Gulf of Trieste,B-III/9,One-to-one name reconciliation,High,Name similarity 1.00.
TSS-0075,In the Adriatic Sea: Approaches to the Gulf of Venice,TSS-0107,In the Adriatic Sea: approaches to Gulf of Venice,B-III/10,One-to-one name reconciliation,High,Name similarity 1.00.
TSS-0076,In the Adriatic Sea: In the Gulf of Trieste and approaches to/from Koper,TSS-0108,In the Gulf of Trieste,B-III/11,Manual reconciliation,High,Legacy candidate was grouped or combined; current IMO 2025 structure resolves it to multiple TSS records.
TSS-0076,In the Adriatic Sea: In the Gulf of Trieste and approaches to/from Koper,TSS-0109,Approaches to/from Koper,B-III/11,Manual reconciliation,High,Legacy candidate was grouped or combined; current IMO 2025 structure resolves it to multiple TSS records.
TSS-0077,In the Adriatic Sea: Approaches to/from Monfalcone,TSS-0110,Approaches to/from Monfalcone,B-III/11,Manual reconciliation,High,
TSS-0078,"Saronicos Gulf (Saronikós Kólpos, in the Approaches to Piraiévs)",TSS-0111,Saronicos Gulf (in the approaches to Piraeus Harbour),B-III/12,Manual reconciliation,High,
TSS-0079,In the approaches to the port of Thessaloníki,TSS-0112,In the approaches to the port of Thessaloniki,B-III/13,One-to-one name reconciliation,High,Name similarity 1.00.
TSS-0080,Strait of Istanbul - North Approach,TSS-0120,Strait of Istanbul – North approach,B-III/18,One-to-one name reconciliation,High,Name similarity 1.00.
TSS-0081,Strait of Istanbul,TSS-0121,Strait of Istanbul,B-III/19,One-to-one name reconciliation,High,Name similarity 1.00.
TSS-0082,Strait of Istanbul - South Approach and Sea of Marmara,TSS-0122,Strait of Istanbul – South approach and Sea of Marmara,B-III/20,One-to-one name reconciliation,High,Name similarity 1.00.
TSS-0083,Strait of Canakkale,TSS-0123,Strait of Çanakkale,B-III/21,One-to-one name reconciliation,High,Name similarity 1.00.
TSS-0084,Strait of Canakkale - South-west Approach,TSS-0124,Strait of Çanakkale – South-west approach,B-III/22,One-to-one name reconciliation,High,Name similarity 1.00.
TSS-0085,In the Approaches to the Ports of Odessa and Ilichevsk,TSS-0119,"Approaches to the Chornomorsk, Odesa and Pivdennyi ports",B-III/17,Manual reconciliation,High,Both legacy Black Sea labels reconcile to the current B-III/17 parent title; amendment-history lineage requires separate historical review.
TSS-0086,Between the Ports of Odessa and Ilichevsk,TSS-0119,"Approaches to the Chornomorsk, Odesa and Pivdennyi ports",B-III/17,Manual reconciliation,High,Both legacy Black Sea labels reconcile to the current B-III/17 parent title; amendment-history lineage requires separate historical review.
TSS-0087,In the area Off the South-western Coast of the Crimea,TSS-0118,In the area off the south-western coast of the Crimea,B-III/16,One-to-one name reconciliation,High,Name similarity 1.00.
TSS-0088,In the Southern Approaches to the Kerch Strait,TSS-0117,In the southern approaches to the Kerch Strait,B-III/15,One-to-one name reconciliation,High,Name similarity 1.00.
TSS-0089,Off the Mediterranean Coast of Egypt,TSS-0113,Western approach to Mina Dumyat,B-III/14,Manual reconciliation,High,Legacy candidate was grouped or combined; current IMO 2025 structure resolves it to multiple TSS records.
TSS-0089,Off the Mediterranean Coast of Egypt,TSS-0114,Eastern approaches to Mina Dumyat,B-III/14,Manual reconciliation,High,Legacy candidate was grouped or combined; current IMO 2025 structure resolves it to multiple TSS records.
TSS-0089,Off the Mediterranean Coast of Egypt,TSS-0115,Western approaches to Bur Said,B-III/14,Manual reconciliation,High,Legacy candidate was grouped or combined; current IMO 2025 structure resolves it to multiple TSS records.
TSS-0089,Off the Mediterranean Coast of Egypt,TSS-0116,Eastern approach to Bur Said,B-III/14,Manual reconciliation,High,Legacy candidate was grouped or combined; current IMO 2025 structure resolves it to multiple TSS records.
TSS-0090,"Off Alphard Banks, 34 miles south of Cape Infanta",TSS-0143,Off Alphard Banks 34 miles south of Cape Infanta,B-IV/17,One-to-one name reconciliation,High,Name similarity 1.00.
TSS-0091,"Off the FA Platform, 47 miles south of Mossel Bay",TSS-0144,Off the FA platform 47 miles south of Mossel Bay,B-IV/18,One-to-one name reconciliation,High,Name similarity 1.00.
TSS-0092,In the Gulf of Suez,TSS-0125,In the Gulf of Suez,B-IV/1,One-to-one name reconciliation,High,Name similarity 1.00.
TSS-0093,In the Entrance to the Gulf of Aqaba,TSS-0126,In the entrance to the Gulf of Aqaba,B-IV/2,One-to-one name reconciliation,High,Name similarity 1.00.
TSS-0094,In the Southern Red Sea - West and South of Hanish al Kubra,TSS-0128,In the southern Red Sea – west and south of Hanish al Kubra,B-IV/4,One-to-one name reconciliation,High,Name similarity 1.00.
TSS-0095,In the Southern Red Sea - East of Jabal Zuqar Island,TSS-0129,In the southern Red Sea – east of Jabal Zuqar Island,B-IV/5,One-to-one name reconciliation,High,Name similarity 1.00.
TSS-0096,In the Strait of Bab-el-Mandeb,TSS-0130,In the Strait of Bab el Mandeb,B-IV/6,One-to-one name reconciliation,High,Name similarity 1.00.
TSS-0097,Off Ras al Hadd,TSS-0131,Off Ras al Hadd,B-IV/7,One-to-one name reconciliation,High,Name similarity 1.00.
TSS-0098,Off Ra's al Kuh,TSS-0132,Off Ra’s al Kuh,B-IV/8,One-to-one name reconciliation,High,Name similarity 0.97.
TSS-0099,In the Strait of Hormuz,TSS-0133,In the Strait of Hormuz,B-IV/9,One-to-one name reconciliation,High,Name similarity 1.00.
TSS-0100,Tunb-Farur,TSS-0134,Tunb–Farur,B-IV/10,One-to-one name reconciliation,High,Name similarity 0.95.
TSS-0101,Between Zaqqum and Umm Shaif,TSS-0135,Between Zaqqum and Umm Shaif,B-IV/11,One-to-one name reconciliation,High,Name similarity 1.00.
TSS-0102,In the Approaches to Ras Tanura and Ju'aymah,TSS-0136,In the approaches to Ras Tanura and Ju’aymah,B-IV/12,One-to-one name reconciliation,High,Name similarity 0.99.
TSS-0103,Marjan/Zuluf,TSS-0137,Marjan/Zuluf,B-IV/13,One-to-one name reconciliation,High,Name similarity 1.00.
TSS-0104,Approaches to the Port of Ra's al Khafji,TSS-0138,Approaches to the port of Ra’s al Khafji,B-IV/14,One-to-one name reconciliation,High,Name similarity 0.99.
TSS-0105,Off Mina'Al Ahmadi,TSS-0139,Off Mina Al-Ahmadi – North scheme I,B-IV/15,Manual reconciliation,High,Legacy candidate was grouped or combined; current IMO 2025 structure resolves it to multiple TSS records.
TSS-0105,Off Mina'Al Ahmadi,TSS-0140,Off Mina Al-Ahmadi – North scheme II,B-IV/15,Manual reconciliation,High,Legacy candidate was grouped or combined; current IMO 2025 structure resolves it to multiple TSS records.
TSS-0105,Off Mina'Al Ahmadi,TSS-0141,Off Mina Al-Ahmadi – South scheme,B-IV/15,Manual reconciliation,High,Legacy candidate was grouped or combined; current IMO 2025 structure resolves it to multiple TSS records.
TSS-0106,Off Dondra Head,TSS-0142,Off Dondra Head,B-IV/16,One-to-one name reconciliation,High,Name similarity 1.00.
TSS-0107,At One Fathom Bank,TSS-0145,At One Fathom Bank,B-V/1,One-to-one name reconciliation,High,Name similarity 1.00.
TSS-0108,Port Klang to Port Dickson,TSS-0146,Port Klang to Port Dickson,B-V/2,One-to-one name reconciliation,High,Name similarity 1.00.
TSS-0109,Port Dickson to Tanjung Keling,TSS-0147,Port Dickson to Tanjung Keling,B-V/3,One-to-one name reconciliation,High,Name similarity 1.00.
TSS-0110,Malacca to Iyu Kecil,TSS-0148,Malacca to Iyu Kecil,B-V/4,One-to-one name reconciliation,High,Name similarity 1.00.
TSS-0111,In the Singapore Strait (Main Strait),TSS-0149,In the Singapore Strait (Main Strait),B-V/5,One-to-one name reconciliation,High,Name similarity 1.00.
TSS-0112,Singapore Strait (Off St. John's Island),TSS-0150,Singapore Strait (Off St. John’s Island),B-V/6,One-to-one name reconciliation,High,Name similarity 1.00.
TSS-0113,Singapore Strait (Off Changi/Pulau Batam),TSS-0151,Singapore Strait (Off Changi/Pulau Batam),B-V/7,Manual reconciliation,High,
TSS-0114,At Horsburgh Lighthouse Area,TSS-0152,At Horsburgh lighthouse area,B-V/8,One-to-one name reconciliation,High,Name similarity 1.00.
TSS-0115,In the Sunda Strait,TSS-0153,In the Sunda Strait,B-V/9,One-to-one name reconciliation,High,Name similarity 1.00.
TSS-0116,In the Lombok Strait,TSS-0154,In the Lombok Strait,B-V/10,One-to-one name reconciliation,High,Name similarity 1.00.
TSS-0117,In the East Lamma Channel,TSS-0156,Western approaches to Victoria Port (East Lamma Channel),B-V/11,Manual reconciliation,High,
TSS-0118,In the Tathong Channel,TSS-0155,Eastern approaches to Victoria Port (Tathong Channel),B-V/11,Manual reconciliation,High,
TSS-0119,In the Dangan Channel,TSS-0157,In the Dangan Channel,B-V/12,One-to-one name reconciliation,High,Name similarity 1.00.
TSS-0120,In the waters off the Chengshan Jiao Promontory,TSS-0219,Chengshan Jiao inner,B-X/6,Manual reconciliation,High,Legacy candidate was grouped or combined; current IMO 2025 structure resolves it to multiple TSS records.
TSS-0120,In the waters off the Chengshan Jiao Promontory,TSS-0220,Chengshan Jiao outer – North,B-X/6,Manual reconciliation,High,Legacy candidate was grouped or combined; current IMO 2025 structure resolves it to multiple TSS records.
TSS-0120,In the waters off the Chengshan Jiao Promontory,TSS-0221,Chengshan Jiao outer – East,B-X/6,Manual reconciliation,High,Legacy candidate was grouped or combined; current IMO 2025 structure resolves it to multiple TSS records.
TSS-0120,In the waters off the Chengshan Jiao Promontory,TSS-0222,Chengshan Jiao outer – South,B-X/6,Manual reconciliation,High,Legacy candidate was grouped or combined; current IMO 2025 structure resolves it to multiple TSS records.
TSS-0121,In the Approaches to the Gulf of Nakhodka,TSS-0217,In the approaches to the Gulf of Nakhodka,B-X/4,One-to-one name reconciliation,High,Name similarity 1.00.
TSS-0122,Off the Ostrovnoi Point,TSS-0218,Off the Ostrovnoi Point,B-X/5,One-to-one name reconciliation,High,Name similarity 1.00.
TSS-0123,Off Mys Aniva (Off the Aniwa Cape),TSS-0216,Off the Aniwa Cape,B-X/3,Manual reconciliation,High,
TSS-0124,In the Proliv Bussol',TSS-0215,In the Proliv Bussol,B-X/2,One-to-one name reconciliation,High,Name similarity 1.00.
TSS-0125,Chetvertyy Kuril'skiy Proliv (In the Fourth Kuril Strait),TSS-0214,In the fourth Kuril Strait,B-X/1,Manual reconciliation,High,
TSS-0126,Off Southwest Australia,TSS-0158,Off Cape Leeuwin,B-VI/1,Manual reconciliation,High,Legacy candidate was grouped or combined; current IMO 2025 structure resolves it to multiple TSS records.
TSS-0126,Off Southwest Australia,TSS-0159,Off Chatham Island,B-VI/1,Manual reconciliation,High,Legacy candidate was grouped or combined; current IMO 2025 structure resolves it to multiple TSS records.
TSS-0127,South of Wilsons Promontory in the Bass Strait,TSS-0160,South of Wilson Promontory in the Bass Strait,B-VI/2,One-to-one name reconciliation,High,Name similarity 1.00.
TSS-0128,In the Bass Strait,TSS-0161,In the Bass Strait,B-VI/3,One-to-one name reconciliation,High,Name similarity 1.00.
TSS-0129,In Prince William Sound,TSS-0162,In Prince William Sound,B-VII/1,One-to-one name reconciliation,High,Name similarity 1.00.
TSS-0130,In the Strait of Juan de Fuca and its Approaches,TSS-0163,Strait of Juan de Fuca – Western approach,B-VII/2,Manual reconciliation,High,Legacy candidate was grouped or combined; current IMO 2025 structure resolves it to multiple TSS records.
TSS-0130,In the Strait of Juan de Fuca and its Approaches,TSS-0164,Strait of Juan de Fuca – South-western approach,B-VII/2,Manual reconciliation,High,Legacy candidate was grouped or combined; current IMO 2025 structure resolves it to multiple TSS records.
TSS-0130,In the Strait of Juan de Fuca and its Approaches,TSS-0165,Strait of Juan de Fuca – Western lanes,B-VII/2,Manual reconciliation,High,Legacy candidate was grouped or combined; current IMO 2025 structure resolves it to multiple TSS records.
TSS-0130,In the Strait of Juan de Fuca and its Approaches,TSS-0166,Strait of Juan de Fuca – Southern lanes,B-VII/2,Manual reconciliation,High,Legacy candidate was grouped or combined; current IMO 2025 structure resolves it to multiple TSS records.
TSS-0130,In the Strait of Juan de Fuca and its Approaches,TSS-0167,Strait of Juan de Fuca – Northern lanes,B-VII/2,Manual reconciliation,High,Legacy candidate was grouped or combined; current IMO 2025 structure resolves it to multiple TSS records.
TSS-0130,In the Strait of Juan de Fuca and its Approaches,TSS-0168,Strait of Juan de Fuca – Eastern lanes,B-VII/2,Manual reconciliation,High,Legacy candidate was grouped or combined; current IMO 2025 structure resolves it to multiple TSS records.
TSS-0131,"In Puget Sound and approaches in Haro Strait, Boundary Pass and in the Strait of Georgia",TSS-0169,In Puget Sound and its approaches,B-VII/3,Manual reconciliation,High,Legacy candidate was grouped or combined; current IMO 2025 structure resolves it to multiple TSS records.
TSS-0131,"In Puget Sound and approaches in Haro Strait, Boundary Pass and in the Strait of Georgia",TSS-0170,In Haro Strait and Boundary Pass,B-VII/4,Manual reconciliation,High,Legacy candidate was grouped or combined; current IMO 2025 structure resolves it to multiple TSS records.
TSS-0131,"In Puget Sound and approaches in Haro Strait, Boundary Pass and in the Strait of Georgia",TSS-0171,In the Strait of Georgia,B-VII/4,Manual reconciliation,High,Legacy candidate was grouped or combined; current IMO 2025 structure resolves it to multiple TSS records.
TSS-0132,Off San Francisco,TSS-0172,Off San Francisco,B-VII/5,One-to-one name reconciliation,High,Name similarity 1.00.
TSS-0133,In the Santa Barbara Channel and in the Approaches to Los Angeles - Long Beach,TSS-0173,In the Santa Barbara Channel,B-VII/6,Manual reconciliation,High,Legacy candidate was grouped or combined; current IMO 2025 structure resolves it to multiple TSS records.
TSS-0133,In the Santa Barbara Channel and in the Approaches to Los Angeles - Long Beach,TSS-0174,In the approaches to Los Angeles – Long Beach,B-VII/7,Manual reconciliation,High,Legacy candidate was grouped or combined; current IMO 2025 structure resolves it to multiple TSS records.
TSS-0134,In the Approaches to Salina Cruz,TSS-0175,In the approaches to Salina Cruz,B-VII/8,One-to-one name reconciliation,High,Name similarity 1.00.
TSS-0135,Landfall and Approaches to Talara Bay,TSS-0179,Landfall and approaches to Talara Bay,B-VIII/2,One-to-one name reconciliation,High,Name similarity 1.00.
TSS-0136,Landfall and Approaches to Bahía de Paita,TSS-0180,Landfall and approaches to Paita Bay,B-VIII/3,Manual reconciliation,High,
TSS-0137,Landfall off Puerto Salaverry,TSS-0181,Landfall off Puerto Salaverry,B-VIII/4,One-to-one name reconciliation,High,Name similarity 1.00.
TSS-0138,Landfall and Approaches to Ferrol Bay (Puerto Chimbote),TSS-0182,Landfall and approaches to Ferrol Bay (Puerto Chimbote),B-VIII/5,One-to-one name reconciliation,High,Name similarity 1.00.
TSS-0139,Approaches to Puerto Callao,TSS-0183,Approaches to Puerto Callao,B-VIII/6,One-to-one name reconciliation,High,Name similarity 1.00.
TSS-0140,In the Approaches to Puerto Pisco,TSS-0184,In the approaches to Puerto Pisco,B-VIII/7,One-to-one name reconciliation,High,Name similarity 1.00.
TSS-0141,Landfall and Approaches to San Nicolás Bay,TSS-0185,Landfall and approaches to San Nicolas Bay,B-VIII/8,One-to-one name reconciliation,High,Name similarity 1.00.
TSS-0142,Landfall and Approaches to Puerto Ilo,TSS-0186,Landfall and approaches to Puerto Ilo,B-VIII/9,One-to-one name reconciliation,High,Name similarity 1.00.
TSS-0143,In the Approaches to Arica,TSS-0187,In the approaches to Arica,B-VIII/10,One-to-one name reconciliation,High,Name similarity 1.00.
TSS-0144,In the Approaches to Iquique,TSS-0188,In the approaches to Iquique,B-VIII/11,One-to-one name reconciliation,High,Name similarity 1.00.
TSS-0145,In the Approaches to Antofagasta,TSS-0189,In the approaches to Antofagasta,B-VIII/12,One-to-one name reconciliation,High,Name similarity 1.00.
TSS-0146,In the Approaches to Quintero Bay,TSS-0190,In the approaches to Quintero Bay,B-VIII/13,One-to-one name reconciliation,High,Name similarity 1.00.
TSS-0147,In the Approaches to Valparaíso,TSS-0191,In the approaches to Valparaiso,B-VIII/14,One-to-one name reconciliation,High,Name similarity 1.00.
TSS-0148,In the Approaches to Concepción Bay (Bahía Concepción),TSS-0192,In the approaches to Concepcion Bay,B-VIII/15,Manual reconciliation,High,
TSS-0149,In the Approaches to San Vicente Bay (Bahía San Vicente),TSS-0193,In the approaches to San Vicente Bay,B-VIII/16,Manual reconciliation,High,
TSS-0150,In the Approaches to Puntas Arenas,TSS-0194,In the approaches to Punta Arenas,B-VIII/17,Manual reconciliation,High,
TSS-0151,At the approaches to Puerto Cristobal,TSS-0213,At the approaches to Puerto Cristobal,B-IX/19,One-to-one name reconciliation,High,Name similarity 1.00.
TSS-0152,Off Cabo San Antonio,TSS-0206,Off Cabo San Antonio,B-IX/12,One-to-one name reconciliation,High,Name similarity 1.00.
TSS-0153,Off La Tabla,TSS-0207,Off La Tabla,B-IX/13,One-to-one name reconciliation,High,Name similarity 1.00.
TSS-0154,Off Costa de Matanzas,TSS-0208,Off Costa de Matanzas,B-IX/14,One-to-one name reconciliation,High,Name similarity 1.00.
TSS-0155,In the Old Bahama Channel,TSS-0209,In the Old Bahama Channel,B-IX/15,One-to-one name reconciliation,High,Name similarity 1.00.
TSS-0156,Off Punta Maternillos,TSS-0210,Off Punta Maternillos,B-IX/16,One-to-one name reconciliation,High,Name similarity 1.00.
TSS-0157,Off Punta Lucretia,TSS-0211,Off Punta Lucrecia,B-IX/17,Manual reconciliation,High,
TSS-0158,Off Cabo Maisi,TSS-0212,Off Cabo Maysi,B-IX/18,Manual reconciliation,High,
TSS-0159,In the Approaches to the Port of Veracruz,TSS-0205,In the approaches to the port of Veracruz,B-IX/11,One-to-one name reconciliation,High,Name similarity 1.00.
TSS-0160,In the Approaches to Galveston Bay,TSS-0204,In the approaches to Galveston Bay,B-IX/10,One-to-one name reconciliation,High,Name similarity 1.00.
TSS-0161,On the Pacific Coast of Panama,TSS-0176,Gulf of Panama,B-VIII/1,Manual reconciliation,High,Legacy candidate was grouped or combined; current IMO 2025 structure resolves it to multiple TSS records.
TSS-0161,On the Pacific Coast of Panama,TSS-0177,Morro de Puercos,B-VIII/1,Manual reconciliation,High,Legacy candidate was grouped or combined; current IMO 2025 structure resolves it to multiple TSS records.
TSS-0161,On the Pacific Coast of Panama,TSS-0178,Isla Jicarita,B-VIII/1,Manual reconciliation,High,Legacy candidate was grouped or combined; current IMO 2025 structure resolves it to multiple TSS records.
TSS-0162,In the Approaches to the Cape Fear River,TSS-0203,In the approaches to the Cape Fear River,B-IX/9,One-to-one name reconciliation,High,Name similarity 1.00.
TSS-0163,In the Approaches to Chesapeake Bay,TSS-0202,In the approaches to Chesapeake Bay,B-IX/8,One-to-one name reconciliation,High,Name similarity 1.00.
TSS-0164,Off Delaware Bay,TSS-0201,Off Delaware Bay,B-IX/7,One-to-one name reconciliation,High,Name similarity 1.00.
TSS-0165,Off New York,TSS-0200,Off New York,B-IX/6,One-to-one name reconciliation,High,Name similarity 1.00.
TSS-0166,"In the Approaches to Narragansett Bay, Rhode Island and Buzzards Bay, Massachusetts",TSS-0199,"In the approaches to Narragansett Bay, Rhode Island, and Buzzards Bay, Massachusetts",B-IX/5,One-to-one name reconciliation,High,Name similarity 1.00.
TSS-0167,"In the Approaches to Boston, Massachusetts",TSS-0198,"In the approach to Boston, Massachusetts",B-IX/4,One-to-one name reconciliation,High,Name similarity 1.00.
TSS-0168,"In the Approaches to Portland, Maine",TSS-0197,"In the approaches to Portland, Maine",B-IX/3,One-to-one name reconciliation,High,Name similarity 1.00.
TSS-0169,In the Bay of Fundy and approaches,TSS-0196,In the Bay of Fundy and approaches,B-IX/2,One-to-one name reconciliation,High,Name similarity 1.00.
TSS-0170,In the Approaches to Chedabucto Bay,TSS-0195,In the approaches to Chedabucto Bay,B-IX/1,One-to-one name reconciliation,High,Name similarity 1.00.
