census_id,region_code,country,formal_vts_area,vts_provider,formal_status,classification,national_authority,national_source_ids,provider_source_ids,current_tss_project_match,duplicate_status,global_census_count_impact,review_status,notes
GVTS-AUS-001,AUS,Australia,Abbot Point,Maritime Safety Queensland,Authorised / current,Formal VTS,Australian Maritime Safety Authority (AMSA),SRC-2303; SRC-2304,SRC-2305,,No match in current 76-service TSS-linked register,+1 provisional formal VTS area,CONFIRMED,Queensland port VTS area; centre grouping handled separately
GVTS-AUS-002,AUS,Australia,Adelaide,Flinders Ports Pty Ltd,Authorised / current,Formal VTS,Australian Maritime Safety Authority (AMSA),SRC-2303; SRC-2304,SRC-2308,,No match in current 76-service TSS-linked register,+1 provisional formal VTS area,CONFIRMED,Operational call identity Adelaide VTS
GVTS-AUS-003,AUS,Australia,Ardrossan,Flinders Ports Pty Ltd,Authorised / current,Formal VTS,Australian Maritime Safety Authority (AMSA),SRC-2303; SRC-2304,SRC-2308,,No match in current 76-service TSS-linked register,+1 provisional formal VTS area,CONFIRMED,Operational call identity Ardrossan VTS
GVTS-AUS-004,AUS,Australia,Ashburton,Pilbara Ports — Port of Ashburton,Authorised / current,Formal VTS,Australian Maritime Safety Authority (AMSA),SRC-2303; SRC-2304,SRC-2309,,No match in current 76-service TSS-linked register,+1 provisional formal VTS area,CONFIRMED,AMSA-authorised Ashburton VTS
GVTS-AUS-005,AUS,Australia,Bell Bay,TasPorts,Authorised / current,Formal VTS,Australian Maritime Safety Authority (AMSA),SRC-2303; SRC-2304,SRC-2307,,No match in current 76-service TSS-linked register,+1 provisional formal VTS area,CONFIRMED,Operational call identity Bell Bay VTS
GVTS-AUS-006,AUS,Australia,Brisbane,Maritime Safety Queensland,Authorised / current,Formal VTS,Australian Maritime Safety Authority (AMSA),SRC-2303; SRC-2304,SRC-2305,,No match in current 76-service TSS-linked register,+1 provisional formal VTS area,CONFIRMED,Queensland port VTS area
GVTS-AUS-007,AUS,Australia,Burnie,TasPorts,Authorised / current,Formal VTS,Australian Maritime Safety Authority (AMSA),SRC-2303; SRC-2304,SRC-2307,,No match in current 76-service TSS-linked register,+1 provisional formal VTS area,CONFIRMED,Operational call identity Burnie VTS
GVTS-AUS-008,AUS,Australia,Cairns,Maritime Safety Queensland,Authorised / current,Formal VTS,Australian Maritime Safety Authority (AMSA),SRC-2303; SRC-2304,SRC-2305,,No match in current 76-service TSS-linked register,+1 provisional formal VTS area,CONFIRMED,Queensland regional VTS centre and area
GVTS-AUS-009,AUS,Australia,Coles Bay,TasPorts,Authorised / current,Formal VTS,Australian Maritime Safety Authority (AMSA),SRC-2303; SRC-2304,SRC-2307,,No match in current 76-service TSS-linked register,+1 provisional formal VTS area,CONFIRMED,Operational call identity Coles Bay VTS
GVTS-AUS-010,AUS,Australia,Dampier,Pilbara Ports — Port of Dampier,Authorised / current,Formal VTS,Australian Maritime Safety Authority (AMSA),SRC-2303; SRC-2304,SRC-2310,,No match in current 76-service TSS-linked register,+1 provisional formal VTS area,CONFIRMED,AMSA-authorised Dampier VTS
GVTS-AUS-011,AUS,Australia,Devonport,TasPorts,Authorised / current,Formal VTS,Australian Maritime Safety Authority (AMSA),SRC-2303; SRC-2304,SRC-2307,,No match in current 76-service TSS-linked register,+1 provisional formal VTS area,CONFIRMED,Operational call identity Devonport VTS
GVTS-AUS-012,AUS,Australia,Fremantle,Fremantle Ports,Authorised / current,Formal VTS,Australian Maritime Safety Authority (AMSA),SRC-2303; SRC-2304,,,No match in current 76-service TSS-linked register,+1 provisional formal VTS area,CONFIRMED,AMSA-authorised VTS area; provider corroboration not required for country-complete gate
GVTS-AUS-013,AUS,Australia,Gladstone,Maritime Safety Queensland,Authorised / current,Formal VTS,Australian Maritime Safety Authority (AMSA),SRC-2303; SRC-2304,SRC-2305,,No match in current 76-service TSS-linked register,+1 provisional formal VTS area,CONFIRMED,Queensland regional VTS centre and area
GVTS-AUS-014,AUS,Australia,Grassy,TasPorts,Authorised / current,Formal VTS,Australian Maritime Safety Authority (AMSA),SRC-2303; SRC-2304,SRC-2307,,No match in current 76-service TSS-linked register,+1 provisional formal VTS area,CONFIRMED,Operational call identity Grassy VTS
GVTS-AUS-015,AUS,Australia,Hay Point,Maritime Safety Queensland,Authorised / current,Formal VTS,Australian Maritime Safety Authority (AMSA),SRC-2303; SRC-2304,SRC-2305,,No match in current 76-service TSS-linked register,+1 provisional formal VTS area,CONFIRMED,Queensland regional VTS centre and area
GVTS-AUS-016,AUS,Australia,Hobart,TasPorts,Authorised / current,Formal VTS,Australian Maritime Safety Authority (AMSA),SRC-2303; SRC-2304,SRC-2307,,No match in current 76-service TSS-linked register,+1 provisional formal VTS area,CONFIRMED,Operational call identity Hobart VTS
GVTS-AUS-017,AUS,Australia,Klein Point,Flinders Ports Pty Ltd,Authorised / current,Formal VTS,Australian Maritime Safety Authority (AMSA),SRC-2303; SRC-2304,SRC-2308,,No match in current 76-service TSS-linked register,+1 provisional formal VTS area,CONFIRMED,Operational call identity Klein Point VTS
GVTS-AUS-018,AUS,Australia,Lady Barron,TasPorts,Authorised / current,Formal VTS,Australian Maritime Safety Authority (AMSA),SRC-2303; SRC-2304,SRC-2307,,No match in current 76-service TSS-linked register,+1 provisional formal VTS area,CONFIRMED,Operational call identity Lady Barron VTS
GVTS-AUS-019,AUS,Australia,Mackay,Maritime Safety Queensland,Authorised / current,Formal VTS,Australian Maritime Safety Authority (AMSA),SRC-2303; SRC-2304,SRC-2305,,No match in current 76-service TSS-linked register,+1 provisional formal VTS area,CONFIRMED,Queensland port VTS area; served through regional VTS arrangements
GVTS-AUS-020,AUS,Australia,Melbourne,Ports Victoria,Authorised / current,Formal VTS,Australian Maritime Safety Authority (AMSA),SRC-2303; SRC-2304,SRC-2312,,No match in current 76-service TSS-linked register,+1 provisional formal VTS area,CONFIRMED,One AMSA-authorised VTS area; operationally divided into Melbourne VTS and Lonsdale VTS sectors
GVTS-AUS-021,AUS,Australia,Newcastle,Port Authority of New South Wales,Authorised / current,Formal VTS,Australian Maritime Safety Authority (AMSA),SRC-2303; SRC-2304,,,No match in current 76-service TSS-linked register,+1 provisional formal VTS area,CONFIRMED,AMSA-authorised VTS area
GVTS-AUS-022,AUS,Australia,Port Giles,Flinders Ports Pty Ltd,Authorised / current,Formal VTS,Australian Maritime Safety Authority (AMSA),SRC-2303; SRC-2304,SRC-2308,,No match in current 76-service TSS-linked register,+1 provisional formal VTS area,CONFIRMED,Operational call identity Port Giles VTS
GVTS-AUS-023,AUS,Australia,Port Hedland,Pilbara Ports — Port Hedland,Authorised / current,Formal VTS,Australian Maritime Safety Authority (AMSA),SRC-2303; SRC-2304,SRC-2311,,No match in current 76-service TSS-linked register,+1 provisional formal VTS area,CONFIRMED,AMSA-authorised Port Hedland VTS
GVTS-AUS-024,AUS,Australia,Port Kembla,Port Authority of New South Wales,Authorised / current,Formal VTS,Australian Maritime Safety Authority (AMSA),SRC-2303; SRC-2304,,,No match in current 76-service TSS-linked register,+1 provisional formal VTS area,CONFIRMED,AMSA-authorised VTS area
GVTS-AUS-025,AUS,Australia,Port Latta,TasPorts,Authorised / current,Formal VTS,Australian Maritime Safety Authority (AMSA),SRC-2303; SRC-2304,SRC-2307,,No match in current 76-service TSS-linked register,+1 provisional formal VTS area,CONFIRMED,Operational call identity Port Latta VTS
GVTS-AUS-026,AUS,Australia,Port Lincoln,Flinders Ports Pty Ltd,Authorised / current,Formal VTS,Australian Maritime Safety Authority (AMSA),SRC-2303; SRC-2304,SRC-2308,,No match in current 76-service TSS-linked register,+1 provisional formal VTS area,CONFIRMED,Operational call identity Port Lincoln VTS
GVTS-AUS-027,AUS,Australia,REEFVTS (Great Barrier Reef and Torres Strait Vessel Traffic Services),Maritime Safety Queensland,Authorised / current,Formal VTS,Australian Maritime Safety Authority (AMSA),SRC-2303; SRC-2304,SRC-2306,,No match in current 76-service TSS-linked register,+1 provisional formal VTS area,CONFIRMED,"Coastal VTS; Reef North and Reef South are operational subdivisions, not separate VTS areas"
GVTS-AUS-028,AUS,Australia,Spencer,Flinders Ports Pty Ltd,Authorised / current,Formal VTS,Australian Maritime Safety Authority (AMSA),SRC-2303; SRC-2304,SRC-2308,,No match in current 76-service TSS-linked register,+1 provisional formal VTS area,CONFIRMED,"One VTS area comprising Port Pirie, Port Bonython, Whyalla, transhipment areas and Spencer Gulf Deep Water Passage"
GVTS-AUS-029,AUS,Australia,Stanley,TasPorts,Authorised / current,Formal VTS,Australian Maritime Safety Authority (AMSA),SRC-2303; SRC-2304,SRC-2307,,No match in current 76-service TSS-linked register,+1 provisional formal VTS area,CONFIRMED,Operational call identity Stanley VTS
GVTS-AUS-030,AUS,Australia,Strahan,TasPorts,Authorised / current,Formal VTS,Australian Maritime Safety Authority (AMSA),SRC-2303; SRC-2304,SRC-2307,,No match in current 76-service TSS-linked register,+1 provisional formal VTS area,CONFIRMED,Operational call identity Strahan VTS
GVTS-AUS-031,AUS,Australia,Sydney,Port Authority of New South Wales,Authorised / current,Formal VTS,Australian Maritime Safety Authority (AMSA),SRC-2303; SRC-2304,,,No match in current 76-service TSS-linked register,+1 provisional formal VTS area,CONFIRMED,One AMSA-authorised VTS area; Sydney VTS manages Sydney Harbour and Port Botany
GVTS-AUS-032,AUS,Australia,Thevenard,Flinders Ports Pty Ltd,Authorised / current,Formal VTS,Australian Maritime Safety Authority (AMSA),SRC-2303; SRC-2304,SRC-2308,,No match in current 76-service TSS-linked register,+1 provisional formal VTS area,CONFIRMED,Operational call identity Thevenard VTS
GVTS-AUS-033,AUS,Australia,Townsville,Maritime Safety Queensland,Authorised / current,Formal VTS,Australian Maritime Safety Authority (AMSA),SRC-2303; SRC-2304,SRC-2305,,No match in current 76-service TSS-linked register,+1 provisional formal VTS area,CONFIRMED,Queensland regional VTS centre and area; Townsville centre also supports REEFVTS
GVTS-AUS-034,AUS,Australia,Wallaroo,Flinders Ports Pty Ltd,Authorised / current,Formal VTS,Australian Maritime Safety Authority (AMSA),SRC-2303; SRC-2304,SRC-2308,,No match in current 76-service TSS-linked register,+1 provisional formal VTS area,CONFIRMED,Operational call identity Wallaroo VTS
GVTS-AUS-035,AUS,Australia,Weipa,Maritime Safety Queensland,Authorised / current,Formal VTS,Australian Maritime Safety Authority (AMSA),SRC-2303; SRC-2304,SRC-2305,,No match in current 76-service TSS-linked register,+1 provisional formal VTS area,CONFIRMED,Queensland port VTS area
